Date,Server_ID,Data_Center_Location,CPU_Utilisation (%),Memory_Utilisation (%),Energy_Consumption_kWh,Temperature_Celsius,PUE,Carbon_Intensity_gCO2/kWh,Total_CO2_kg,Threshold_Breach,Latitude,Longitude,Time,DateTime
2025-06-01,S1,Norway,53.17,38.04,15.76,33.7,1.76,50,0.79,No,60.472,8.4689,00:00:00,2025-06-01 00:00:00
2025-06-01,S11,Norway,19.68,23.64,6.52,36.7,1.45,50,0.33,No,60.472,8.4689,00:15:00,2025-06-01 00:15:00
2025-06-01,S6,Norway,38.55,62.91,22.88,27.2,1.48,50,1.14,No,60.472,8.4689,00:30:00,2025-06-01 00:30:00
2025-06-01,S2,Ireland,45.87,54.92,19.35,30.2,1.27,250,4.84,No,53.1424,-7.6921,00:45:00,2025-06-01 00:45:00
2025-06-01,S3,Ireland,57.53,25.06,6.91,25.5,1.34,250,1.73,No,53.1424,-7.6921,01:00:00,2025-06-01 01:00:00
2025-06-01,S9,Ireland,67.6,90.75,13.5,35.0,1.34,250,3.38,No,53.1424,-7.6921,01:15:00,2025-06-01 01:15:00
2025-06-01,S4,Ireland,84.49,58.55,6.45,25.2,1.25,250,1.61,No,53.1424,-7.6921,01:30:00,2025-06-01 01:30:00
2025-06-01,S5,Germany,70.71,29.47,14.36,30.8,1.33,350,5.03,No,51.1657,10.4515,01:45:00,2025-06-01 01:45:00
2025-06-01,S3,Ireland,57.53,25.06,6.91,25.5,1.34,250,1.73,No,53.1424,-7.6921,02:00:00,2025-06-01 02:00:00
2025-06-01,S4,Ireland,84.49,58.55,6.45,25.2,1.25,250,1.61,No,53.1424,-7.6921,02:15:00,2025-06-01 02:15:00
2025-06-01,S6,Norway,38.55,62.91,22.88,27.2,1.48,50,1.14,No,60.472,8.4689,02:30:00,2025-06-01 02:30:00
2025-06-01,S3,Ireland,57.53,25.06,6.91,25.5,1.34,250,1.73,No,53.1424,-7.6921,02:45:00,2025-06-01 02:45:00
2025-06-01,S4,Ireland,84.49,58.55,6.45,25.2,1.25,250,1.61,No,53.1424,-7.6921,03:00:00,2025-06-01 03:00:00
2025-06-01,S15,Germany,24.29,73.01,20.83,32.1,1.59,350,7.29,No,51.1657,10.4515,03:15:00,2025-06-01 03:15:00
2025-06-01,S6,Norway,38.55,62.91,22.88,27.2,1.48,50,1.14,No,60.472,8.4689,03:30:00,2025-06-01 03:30:00
2025-06-01,S13,Norway,76.7,39.61,9.16,28.7,1.25,50,0.46,No,60.472,8.4689,03:45:00,2025-06-01 03:45:00
2025-06-01,S8,Germany,58.9,27.25,22.44,36.1,1.77,350,7.85,No,51.1657,10.4515,04:00:00,2025-06-01 04:00:00
2025-06-01,S10,Germany,39.29,69.2,8.11,31.4,1.4,350,2.84,No,51.1657,10.4515,04:15:00,2025-06-01 04:15:00
2025-06-01,S5,Germany,70.71,29.47,14.36,30.8,1.33,350,5.03,No,51.1657,10.4515,04:30:00,2025-06-01 04:30:00
2025-06-01,S2,Ireland,45.87,54.92,19.35,30.2,1.27,250,4.84,No,53.1424,-7.6921,04:45:00,2025-06-01 04:45:00
2025-06-01,S4,Ireland,84.49,58.55,6.45,25.2,1.25,250,1.61,No,53.1424,-7.6921,05:00:00,2025-06-01 05:00:00
2025-06-01,S13,Norway,76.7,39.61,9.16,28.7,1.25,50,0.46,No,60.472,8.4689,05:15:00,2025-06-01 05:15:00
2025-06-01,S14,Ireland,39.55,56.27,18.35,35.3,1.98,250,4.59,No,53.1424,-7.6921,05:30:00,2025-06-01 05:30:00
2025-06-01,S4,Ireland,84.49,58.55,6.45,25.2,1.25,250,1.61,No,53.1424,-7.6921,05:45:00,2025-06-01 05:45:00
2025-06-01,S4,Ireland,84.49,58.55,6.45,25.2,1.25,250,1.61,No,53.1424,-7.6921,06:00:00,2025-06-01 06:00:00
2025-06-01,S12,Norway,19.31,33.96,14.74,37.9,1.45,50,0.74,No,60.472,8.4689,06:15:00,2025-06-01 06:15:00
2025-06-01,S7,Germany,78.7,46.74,7.93,25.5,1.83,350,2.78,No,51.1657,10.4515,06:30:00,2025-06-01 06:30:00
2025-06-01,S4,Ireland,84.49,58.55,6.45,25.2,1.25,250,1.61,No,53.1424,-7.6921,06:45:00,2025-06-01 06:45:00
2025-06-01,S11,Norway,19.68,23.64,6.52,36.7,1.45,50,0.33,No,60.472,8.4689,07:00:00,2025-06-01 07:00:00
2025-06-01,S9,Ireland,67.6,90.75,13.5,35.0,1.34,250,3.38,No,53.1424,-7.6921,07:15:00,2025-06-01 07:15:00
2025-06-01,S13,Norway,76.7,39.61,9.16,28.7,1.25,50,0.46,No,60.472,8.4689,07:30:00,2025-06-01 07:30:00
2025-06-01,S3,Ireland,57.53,25.06,6.91,25.5,1.34,250,1.73,No,53.1424,-7.6921,07:45:00,2025-06-01 07:45:00
2025-06-01,S15,Germany,24.29,73.01,20.83,32.1,1.59,350,7.29,No,51.1657,10.4515,08:00:00,2025-06-01 08:00:00
2025-06-01,S14,Ireland,39.55,56.27,18.35,35.3,1.98,250,4.59,No,53.1424,-7.6921,08:15:00,2025-06-01 08:15:00
2025-06-01,S12,Norway,19.31,33.96,14.74,37.9,1.45,50,0.74,No,60.472,8.4689,08:30:00,2025-06-01 08:30:00
2025-06-01,S3,Ireland,57.53,25.06,6.91,25.5,1.34,250,1.73,No,53.1424,-7.6921,08:45:00,2025-06-01 08:45:00
2025-06-01,S13,Norway,76.7,39.61,9.16,28.7,1.25,50,0.46,No,60.472,8.4689,09:00:00,2025-06-01 09:00:00
2025-06-01,S1,Norway,53.17,38.04,15.76,33.7,1.76,50,0.79,No,60.472,8.4689,09:15:00,2025-06-01 09:15:00
2025-06-01,S1,Norway,53.17,38.04,15.76,33.7,1.76,50,0.79,No,60.472,8.4689,09:30:00,2025-06-01 09:30:00
2025-06-01,S6,Norway,38.55,62.91,22.88,27.2,1.48,50,1.14,No,60.472,8.4689,09:45:00,2025-06-01 09:45:00
2025-06-01,S6,Norway,38.55,62.91,22.88,27.2,1.48,50,1.14,No,60.472,8.4689,10:00:00,2025-06-01 10:00:00
2025-06-01,S12,Norway,19.31,33.96,14.74,37.9,1.45,50,0.74,No,60.472,8.4689,10:15:00,2025-06-01 10:15:00
2025-06-01,S14,Ireland,39.55,56.27,18.35,35.3,1.98,250,4.59,No,53.1424,-7.6921,10:30:00,2025-06-01 10:30:00
2025-06-01,S12,Norway,19.31,33.96,14.74,37.9,1.45,50,0.74,No,60.472,8.4689,10:45:00,2025-06-01 10:45:00
2025-06-01,S1,Norway,53.17,38.04,15.76,33.7,1.76,50,0.79,No,60.472,8.4689,11:00:00,2025-06-01 11:00:00
2025-06-01,S5,Germany,70.71,29.47,14.36,30.8,1.33,350,5.03,No,51.1657,10.4515,11:15:00,2025-06-01 11:15:00
2025-06-01,S3,Ireland,57.53,25.06,6.91,25.5,1.34,250,1.73,No,53.1424,-7.6921,11:30:00,2025-06-01 11:30:00
2025-06-01,S12,Norway,19.31,33.96,14.74,37.9,1.45,50,0.74,No,60.472,8.4689,11:45:00,2025-06-01 11:45:00
2025-06-01,S2,Ireland,45.87,54.92,19.35,30.2,1.27,250,4.84,No,53.1424,-7.6921,12:00:00,2025-06-01 12:00:00
2025-06-01,S5,Germany,70.71,29.47,14.36,30.8,1.33,350,5.03,No,51.1657,10.4515,12:15:00,2025-06-01 12:15:00
2025-06-01,S12,Norway,19.31,33.96,14.74,37.9,1.45,50,0.74,No,60.472,8.4689,12:30:00,2025-06-01 12:30:00
2025-06-01,S11,Norway,19.68,23.64,6.52,36.7,1.45,50,0.33,No,60.472,8.4689,12:45:00,2025-06-01 12:45:00
2025-06-01,S10,Germany,39.29,69.2,8.11,31.4,1.4,350,2.84,No,51.1657,10.4515,13:00:00,2025-06-01 13:00:00
2025-06-01,S14,Ireland,39.55,56.27,18.35,35.3,1.98,250,4.59,No,53.1424,-7.6921,13:15:00,2025-06-01 13:15:00
2025-06-01,S10,Germany,39.29,69.2,8.11,31.4,1.4,350,2.84,No,51.1657,10.4515,13:30:00,2025-06-01 13:30:00
2025-06-01,S10,Germany,39.29,69.2,8.11,31.4,1.4,350,2.84,No,51.1657,10.4515,13:45:00,2025-06-01 13:45:00
2025-06-01,S14,Ireland,39.55,56.27,18.35,35.3,1.98,250,4.59,No,53.1424,-7.6921,14:00:00,2025-06-01 14:00:00
2025-06-01,S1,Norway,53.17,38.04,15.76,33.7,1.76,50,0.79,No,60.472,8.4689,14:15:00,2025-06-01 14:15:00
2025-06-01,S14,Ireland,39.55,56.27,18.35,35.3,1.98,250,4.59,No,53.1424,-7.6921,14:30:00,2025-06-01 14:30:00
2025-06-01,S12,Norway,19.31,33.96,14.74,37.9,1.45,50,0.74,No,60.472,8.4689,14:45:00,2025-06-01 14:45:00
2025-06-01,S7,Germany,78.7,46.74,7.93,25.5,1.83,350,2.78,No,51.1657,10.4515,15:00:00,2025-06-01 15:00:00
2025-06-01,S12,Norway,19.31,33.96,14.74,37.9,1.45,50,0.74,No,60.472,8.4689,15:15:00,2025-06-01 15:15:00
2025-06-01,S13,Norway,76.7,39.61,9.16,28.7,1.25,50,0.46,No,60.472,8.4689,15:30:00,2025-06-01 15:30:00
2025-06-01,S1,Norway,53.17,38.04,15.76,33.7,1.76,50,0.79,No,60.472,8.4689,15:45:00,2025-06-01 15:45:00
2025-06-01,S11,Norway,19.68,23.64,6.52,36.7,1.45,50,0.33,No,60.472,8.4689,16:00:00,2025-06-01 16:00:00
2025-06-01,S8,Germany,58.9,27.25,22.44,36.1,1.77,350,7.85,No,51.1657,10.4515,16:15:00,2025-06-01 16:15:00
2025-06-01,S15,Germany,24.29,73.01,20.83,32.1,1.59,350,7.29,No,51.1657,10.4515,16:30:00,2025-06-01 16:30:00
2025-06-01,S5,Germany,70.71,29.47,14.36,30.8,1.33,350,5.03,No,51.1657,10.4515,16:45:00,2025-06-01 16:45:00
2025-06-01,S9,Ireland,67.6,90.75,13.5,35.0,1.34,250,3.38,No,53.1424,-7.6921,17:00:00,2025-06-01 17:00:00
2025-06-01,S10,Germany,39.29,69.2,8.11,31.4,1.4,350,2.84,No,51.1657,10.4515,17:15:00,2025-06-01 17:15:00
2025-06-01,S9,Ireland,67.6,90.75,13.5,35.0,1.34,250,3.38,No,53.1424,-7.6921,17:30:00,2025-06-01 17:30:00
2025-06-01,S12,Norway,19.31,33.96,14.74,37.9,1.45,50,0.74,No,60.472,8.4689,17:45:00,2025-06-01 17:45:00
2025-06-01,S11,Norway,19.68,23.64,6.52,36.7,1.45,50,0.33,No,60.472,8.4689,18:00:00,2025-06-01 18:00:00
2025-06-01,S12,Norway,19.31,33.96,14.74,37.9,1.45,50,0.74,No,60.472,8.4689,18:15:00,2025-06-01 18:15:00
2025-06-01,S15,Germany,24.29,73.01,20.83,32.1,1.59,350,7.29,No,51.1657,10.4515,18:30:00,2025-06-01 18:30:00
2025-06-01,S4,Ireland,84.49,58.55,6.45,25.2,1.25,250,1.61,No,53.1424,-7.6921,18:45:00,2025-06-01 18:45:00
2025-06-01,S10,Germany,39.29,69.2,8.11,31.4,1.4,350,2.84,No,51.1657,10.4515,19:00:00,2025-06-01 19:00:00
2025-06-01,S12,Norway,19.31,33.96,14.74,37.9,1.45,50,0.74,No,60.472,8.4689,19:15:00,2025-06-01 19:15:00
2025-06-01,S8,Germany,58.9,27.25,22.44,36.1,1.77,350,7.85,No,51.1657,10.4515,19:30:00,2025-06-01 19:30:00
2025-06-01,S8,Germany,58.9,27.25,22.44,36.1,1.77,350,7.85,No,51.1657,10.4515,19:45:00,2025-06-01 19:45:00
2025-06-01,S6,Norway,38.55,62.91,22.88,27.2,1.48,50,1.14,No,60.472,8.4689,20:00:00,2025-06-01 20:00:00
2025-06-01,S2,Ireland,45.87,54.92,19.35,30.2,1.27,250,4.84,No,53.1424,-7.6921,20:15:00,2025-06-01 20:15:00
2025-06-01,S2,Ireland,45.87,54.92,19.35,30.2,1.27,250,4.84,No,53.1424,-7.6921,20:30:00,2025-06-01 20:30:00
2025-06-01,S5,Germany,70.71,29.47,14.36,30.8,1.33,350,5.03,No,51.1657,10.4515,20:45:00,2025-06-01 20:45:00
2025-06-01,S9,Ireland,67.6,90.75,13.5,35.0,1.34,250,3.38,No,53.1424,-7.6921,21:00:00,2025-06-01 21:00:00
2025-06-01,S5,Germany,70.71,29.47,14.36,30.8,1.33,350,5.03,No,51.1657,10.4515,21:15:00,2025-06-01 21:15:00
2025-06-01,S1,Norway,53.17,38.04,15.76,33.7,1.76,50,0.79,No,60.472,8.4689,21:30:00,2025-06-01 21:30:00
2025-06-01,S1,Norway,53.17,38.04,15.76,33.7,1.76,50,0.79,No,60.472,8.4689,21:45:00,2025-06-01 21:45:00
2025-06-01,S8,Germany,58.9,27.25,22.44,36.1,1.77,350,7.85,No,51.1657,10.4515,22:00:00,2025-06-01 22:00:00
2025-06-01,S3,Ireland,57.53,25.06,6.91,25.5,1.34,250,1.73,No,53.1424,-7.6921,22:15:00,2025-06-01 22:15:00
2025-06-01,S14,Ireland,39.55,56.27,18.35,35.3,1.98,250,4.59,No,53.1424,-7.6921,22:30:00,2025-06-01 22:30:00
2025-06-01,S11,Norway,19.68,23.64,6.52,36.7,1.45,50,0.33,No,60.472,8.4689,22:45:00,2025-06-01 22:45:00
2025-06-01,S4,Ireland,84.49,58.55,6.45,25.2,1.25,250,1.61,No,53.1424,-7.6921,23:00:00,2025-06-01 23:00:00
2025-06-01,S9,Ireland,67.6,90.75,13.5,35.0,1.34,250,3.38,No,53.1424,-7.6921,23:15:00,2025-06-01 23:15:00
2025-06-01,S8,Germany,58.9,27.25,22.44,36.1,1.77,350,7.85,No,51.1657,10.4515,23:30:00,2025-06-01 23:30:00
2025-06-01,S5,Germany,70.71,29.47,14.36,30.8,1.33,350,5.03,No,51.1657,10.4515,23:45:00,2025-06-01 23:45:00
2025-06-02,S15,Germany,26.74,52.29,24.24,28.2,1.65,350,8.48,No,51.1657,10.4515,00:00:00,2025-06-02 00:00:00
2025-06-02,S1,Norway,10.19,65.03,20.37,29.0,1.6,50,1.02,No,60.472,8.4689,00:15:00,2025-06-02 00:15:00
2025-06-02,S3,Ireland,62.72,57.16,15.21,25.0,1.97,250,3.8,No,53.1424,-7.6921,00:30:00,2025-06-02 00:30:00
2025-06-02,S4,Ireland,20.66,57.42,5.11,25.5,1.37,250,1.28,No,53.1424,-7.6921,00:45:00,2025-06-02 00:45:00
2025-06-02,S9,Ireland,83.51,45.9,10.73,34.1,1.76,250,2.68,No,53.1424,-7.6921,01:00:00,2025-06-02 01:00:00
2025-06-02,S11,Norway,79.48,79.17,8.61,38.0,1.51,50,0.43,No,60.472,8.4689,01:15:00,2025-06-02 01:15:00
2025-06-02,S14,Ireland,71.79,86.36,6.15,27.4,1.28,250,1.54,No,53.1424,-7.6921,01:30:00,2025-06-02 01:30:00
2025-06-02,S14,Ireland,71.79,86.36,6.15,27.4,1.28,250,1.54,No,53.1424,-7.6921,01:45:00,2025-06-02 01:45:00
2025-06-02,S9,Ireland,83.51,45.9,10.73,34.1,1.76,250,2.68,No,53.1424,-7.6921,02:00:00,2025-06-02 02:00:00
2025-06-02,S7,Germany,35.29,51.61,13.46,36.4,1.69,350,4.71,No,51.1657,10.4515,02:15:00,2025-06-02 02:15:00
2025-06-02,S10,Germany,48.49,94.62,24.0,30.3,1.94,350,8.4,No,51.1657,10.4515,02:30:00,2025-06-02 02:30:00
2025-06-02,S2,Ireland,55.78,68.82,22.12,25.0,1.86,250,5.53,No,53.1424,-7.6921,02:45:00,2025-06-02 02:45:00
2025-06-02,S1,Norway,10.19,65.03,20.37,29.0,1.6,50,1.02,No,60.472,8.4689,03:00:00,2025-06-02 03:00:00
2025-06-02,S15,Germany,26.74,52.29,24.24,28.2,1.65,350,8.48,No,51.1657,10.4515,03:15:00,2025-06-02 03:15:00
2025-06-02,S9,Ireland,83.51,45.9,10.73,34.1,1.76,250,2.68,No,53.1424,-7.6921,03:30:00,2025-06-02 03:30:00
2025-06-02,S7,Germany,35.29,51.61,13.46,36.4,1.69,350,4.71,No,51.1657,10.4515,03:45:00,2025-06-02 03:45:00
2025-06-02,S10,Germany,48.49,94.62,24.0,30.3,1.94,350,8.4,No,51.1657,10.4515,04:00:00,2025-06-02 04:00:00
2025-06-02,S13,Norway,87.97,32.48,10.62,29.0,1.44,50,0.53,No,60.472,8.4689,04:15:00,2025-06-02 04:15:00
2025-06-02,S2,Ireland,55.78,68.82,22.12,25.0,1.86,250,5.53,No,53.1424,-7.6921,04:30:00,2025-06-02 04:30:00
2025-06-02,S12,Norway,30.35,77.15,8.78,26.1,1.77,50,0.44,No,60.472,8.4689,04:45:00,2025-06-02 04:45:00
2025-06-02,S1,Norway,10.19,65.03,20.37,29.0,1.6,50,1.02,No,60.472,8.4689,05:00:00,2025-06-02 05:00:00
2025-06-02,S1,Norway,10.19,65.03,20.37,29.0,1.6,50,1.02,No,60.472,8.4689,05:15:00,2025-06-02 05:15:00
2025-06-02,S14,Ireland,71.79,86.36,6.15,27.4,1.28,250,1.54,No,53.1424,-7.6921,05:30:00,2025-06-02 05:30:00
2025-06-02,S10,Germany,48.49,94.62,24.0,30.3,1.94,350,8.4,No,51.1657,10.4515,05:45:00,2025-06-02 05:45:00
2025-06-02,S10,Germany,48.49,94.62,24.0,30.3,1.94,350,8.4,No,51.1657,10.4515,06:00:00,2025-06-02 06:00:00
2025-06-02,S14,Ireland,71.79,86.36,6.15,27.4,1.28,250,1.54,No,53.1424,-7.6921,06:15:00,2025-06-02 06:15:00
2025-06-02,S5,Germany,53.33,32.15,15.37,29.3,1.21,350,5.38,No,51.1657,10.4515,06:30:00,2025-06-02 06:30:00
2025-06-02,S6,Norway,46.13,30.41,24.91,38.9,1.99,50,1.25,No,60.472,8.4689,06:45:00,2025-06-02 06:45:00
2025-06-02,S1,Norway,10.19,65.03,20.37,29.0,1.6,50,1.02,No,60.472,8.4689,07:00:00,2025-06-02 07:00:00
2025-06-02,S11,Norway,79.48,79.17,8.61,38.0,1.51,50,0.43,No,60.472,8.4689,07:15:00,2025-06-02 07:15:00
2025-06-02,S4,Ireland,20.66,57.42,5.11,25.5,1.37,250,1.28,No,53.1424,-7.6921,07:30:00,2025-06-02 07:30:00
2025-06-02,S14,Ireland,71.79,86.36,6.15,27.4,1.28,250,1.54,No,53.1424,-7.6921,07:45:00,2025-06-02 07:45:00
2025-06-02,S4,Ireland,20.66,57.42,5.11,25.5,1.37,250,1.28,No,53.1424,-7.6921,08:00:00,2025-06-02 08:00:00
2025-06-02,S15,Germany,26.74,52.29,24.24,28.2,1.65,350,8.48,No,51.1657,10.4515,08:15:00,2025-06-02 08:15:00
2025-06-02,S3,Ireland,62.72,57.16,15.21,25.0,1.97,250,3.8,No,53.1424,-7.6921,08:30:00,2025-06-02 08:30:00
2025-06-02,S8,Germany,51.8,57.42,14.55,25.0,1.46,350,5.09,No,51.1657,10.4515,08:45:00,2025-06-02 08:45:00
2025-06-02,S8,Germany,51.8,57.42,14.55,25.0,1.46,350,5.09,No,51.1657,10.4515,09:00:00,2025-06-02 09:00:00
2025-06-02,S12,Norway,30.35,77.15,8.78,26.1,1.77,50,0.44,No,60.472,8.4689,09:15:00,2025-06-02 09:15:00
2025-06-02,S5,Germany,53.33,32.15,15.37,29.3,1.21,350,5.38,No,51.1657,10.4515,09:30:00,2025-06-02 09:30:00
2025-06-02,S1,Norway,10.19,65.03,20.37,29.0,1.6,50,1.02,No,60.472,8.4689,09:45:00,2025-06-02 09:45:00
2025-06-02,S4,Ireland,20.66,57.42,5.11,25.5,1.37,250,1.28,No,53.1424,-7.6921,10:00:00,2025-06-02 10:00:00
2025-06-02,S6,Norway,46.13,30.41,24.91,38.9,1.99,50,1.25,No,60.472,8.4689,10:15:00,2025-06-02 10:15:00
2025-06-02,S5,Germany,53.33,32.15,15.37,29.3,1.21,350,5.38,No,51.1657,10.4515,10:30:00,2025-06-02 10:30:00
2025-06-02,S2,Ireland,55.78,68.82,22.12,25.0,1.86,250,5.53,No,53.1424,-7.6921,10:45:00,2025-06-02 10:45:00
2025-06-02,S15,Germany,26.74,52.29,24.24,28.2,1.65,350,8.48,No,51.1657,10.4515,11:00:00,2025-06-02 11:00:00
2025-06-02,S13,Norway,87.97,32.48,10.62,29.0,1.44,50,0.53,No,60.472,8.4689,11:15:00,2025-06-02 11:15:00
2025-06-02,S2,Ireland,55.78,68.82,22.12,25.0,1.86,250,5.53,No,53.1424,-7.6921,11:30:00,2025-06-02 11:30:00
2025-06-02,S14,Ireland,71.79,86.36,6.15,27.4,1.28,250,1.54,No,53.1424,-7.6921,11:45:00,2025-06-02 11:45:00
2025-06-02,S5,Germany,53.33,32.15,15.37,29.3,1.21,350,5.38,No,51.1657,10.4515,12:00:00,2025-06-02 12:00:00
2025-06-02,S14,Ireland,71.79,86.36,6.15,27.4,1.28,250,1.54,No,53.1424,-7.6921,12:15:00,2025-06-02 12:15:00
2025-06-02,S3,Ireland,62.72,57.16,15.21,25.0,1.97,250,3.8,No,53.1424,-7.6921,12:30:00,2025-06-02 12:30:00
2025-06-02,S2,Ireland,55.78,68.82,22.12,25.0,1.86,250,5.53,No,53.1424,-7.6921,12:45:00,2025-06-02 12:45:00
2025-06-02,S8,Germany,51.8,57.42,14.55,25.0,1.46,350,5.09,No,51.1657,10.4515,13:00:00,2025-06-02 13:00:00
2025-06-02,S5,Germany,53.33,32.15,15.37,29.3,1.21,350,5.38,No,51.1657,10.4515,13:15:00,2025-06-02 13:15:00
2025-06-02,S1,Norway,10.19,65.03,20.37,29.0,1.6,50,1.02,No,60.472,8.4689,13:30:00,2025-06-02 13:30:00
2025-06-02,S11,Norway,79.48,79.17,8.61,38.0,1.51,50,0.43,No,60.472,8.4689,13:45:00,2025-06-02 13:45:00
2025-06-02,S13,Norway,87.97,32.48,10.62,29.0,1.44,50,0.53,No,60.472,8.4689,14:00:00,2025-06-02 14:00:00
2025-06-02,S15,Germany,26.74,52.29,24.24,28.2,1.65,350,8.48,No,51.1657,10.4515,14:15:00,2025-06-02 14:15:00
2025-06-02,S11,Norway,79.48,79.17,8.61,38.0,1.51,50,0.43,No,60.472,8.4689,14:30:00,2025-06-02 14:30:00
2025-06-02,S9,Ireland,83.51,45.9,10.73,34.1,1.76,250,2.68,No,53.1424,-7.6921,14:45:00,2025-06-02 14:45:00
2025-06-02,S4,Ireland,20.66,57.42,5.11,25.5,1.37,250,1.28,No,53.1424,-7.6921,15:00:00,2025-06-02 15:00:00
2025-06-02,S6,Norway,46.13,30.41,24.91,38.9,1.99,50,1.25,No,60.472,8.4689,15:15:00,2025-06-02 15:15:00
2025-06-02,S1,Norway,10.19,65.03,20.37,29.0,1.6,50,1.02,No,60.472,8.4689,15:30:00,2025-06-02 15:30:00
2025-06-02,S3,Ireland,62.72,57.16,15.21,25.0,1.97,250,3.8,No,53.1424,-7.6921,15:45:00,2025-06-02 15:45:00
2025-06-02,S13,Norway,87.97,32.48,10.62,29.0,1.44,50,0.53,No,60.472,8.4689,16:00:00,2025-06-02 16:00:00
2025-06-02,S1,Norway,10.19,65.03,20.37,29.0,1.6,50,1.02,No,60.472,8.4689,16:15:00,2025-06-02 16:15:00
2025-06-02,S13,Norway,87.97,32.48,10.62,29.0,1.44,50,0.53,No,60.472,8.4689,16:30:00,2025-06-02 16:30:00
2025-06-02,S12,Norway,30.35,77.15,8.78,26.1,1.77,50,0.44,No,60.472,8.4689,16:45:00,2025-06-02 16:45:00
2025-06-02,S1,Norway,10.19,65.03,20.37,29.0,1.6,50,1.02,No,60.472,8.4689,17:00:00,2025-06-02 17:00:00
2025-06-02,S10,Germany,48.49,94.62,24.0,30.3,1.94,350,8.4,No,51.1657,10.4515,17:15:00,2025-06-02 17:15:00
2025-06-02,S10,Germany,48.49,94.62,24.0,30.3,1.94,350,8.4,No,51.1657,10.4515,17:30:00,2025-06-02 17:30:00
2025-06-02,S12,Norway,30.35,77.15,8.78,26.1,1.77,50,0.44,No,60.472,8.4689,17:45:00,2025-06-02 17:45:00
2025-06-02,S3,Ireland,62.72,57.16,15.21,25.0,1.97,250,3.8,No,53.1424,-7.6921,18:00:00,2025-06-02 18:00:00
2025-06-02,S9,Ireland,83.51,45.9,10.73,34.1,1.76,250,2.68,No,53.1424,-7.6921,18:15:00,2025-06-02 18:15:00
2025-06-02,S4,Ireland,20.66,57.42,5.11,25.5,1.37,250,1.28,No,53.1424,-7.6921,18:30:00,2025-06-02 18:30:00
2025-06-02,S15,Germany,26.74,52.29,24.24,28.2,1.65,350,8.48,No,51.1657,10.4515,18:45:00,2025-06-02 18:45:00
2025-06-02,S3,Ireland,62.72,57.16,15.21,25.0,1.97,250,3.8,No,53.1424,-7.6921,19:00:00,2025-06-02 19:00:00
2025-06-02,S5,Germany,53.33,32.15,15.37,29.3,1.21,350,5.38,No,51.1657,10.4515,19:15:00,2025-06-02 19:15:00
2025-06-02,S13,Norway,87.97,32.48,10.62,29.0,1.44,50,0.53,No,60.472,8.4689,19:30:00,2025-06-02 19:30:00
2025-06-02,S15,Germany,26.74,52.29,24.24,28.2,1.65,350,8.48,No,51.1657,10.4515,19:45:00,2025-06-02 19:45:00
2025-06-02,S11,Norway,79.48,79.17,8.61,38.0,1.51,50,0.43,No,60.472,8.4689,20:00:00,2025-06-02 20:00:00
2025-06-02,S7,Germany,35.29,51.61,13.46,36.4,1.69,350,4.71,No,51.1657,10.4515,20:15:00,2025-06-02 20:15:00
2025-06-02,S2,Ireland,55.78,68.82,22.12,25.0,1.86,250,5.53,No,53.1424,-7.6921,20:30:00,2025-06-02 20:30:00
2025-06-02,S13,Norway,87.97,32.48,10.62,29.0,1.44,50,0.53,No,60.472,8.4689,20:45:00,2025-06-02 20:45:00
2025-06-02,S3,Ireland,62.72,57.16,15.21,25.0,1.97,250,3.8,No,53.1424,-7.6921,21:00:00,2025-06-02 21:00:00
2025-06-02,S12,Norway,30.35,77.15,8.78,26.1,1.77,50,0.44,No,60.472,8.4689,21:15:00,2025-06-02 21:15:00
2025-06-02,S12,Norway,30.35,77.15,8.78,26.1,1.77,50,0.44,No,60.472,8.4689,21:30:00,2025-06-02 21:30:00
2025-06-02,S3,Ireland,62.72,57.16,15.21,25.0,1.97,250,3.8,No,53.1424,-7.6921,21:45:00,2025-06-02 21:45:00
2025-06-02,S10,Germany,48.49,94.62,24.0,30.3,1.94,350,8.4,No,51.1657,10.4515,22:00:00,2025-06-02 22:00:00
2025-06-02,S7,Germany,35.29,51.61,13.46,36.4,1.69,350,4.71,No,51.1657,10.4515,22:15:00,2025-06-02 22:15:00
2025-06-02,S12,Norway,30.35,77.15,8.78,26.1,1.77,50,0.44,No,60.472,8.4689,22:30:00,2025-06-02 22:30:00
2025-06-02,S8,Germany,51.8,57.42,14.55,25.0,1.46,350,5.09,No,51.1657,10.4515,22:45:00,2025-06-02 22:45:00
2025-06-02,S9,Ireland,83.51,45.9,10.73,34.1,1.76,250,2.68,No,53.1424,-7.6921,23:00:00,2025-06-02 23:00:00
2025-06-02,S9,Ireland,83.51,45.9,10.73,34.1,1.76,250,2.68,No,53.1424,-7.6921,23:15:00,2025-06-02 23:15:00
2025-06-02,S5,Germany,53.33,32.15,15.37,29.3,1.21,350,5.38,No,51.1657,10.4515,23:30:00,2025-06-02 23:30:00
2025-06-02,S12,Norway,30.35,77.15,8.78,26.1,1.77,50,0.44,No,60.472,8.4689,23:45:00,2025-06-02 23:45:00
2025-06-03,S11,Norway,52.7,45.77,9.44,25.4,1.89,50,0.47,No,60.472,8.4689,00:00:00,2025-06-03 00:00:00
2025-06-03,S9,Ireland,16.86,75.37,8.25,29.5,1.71,250,2.06,No,53.1424,-7.6921,00:15:00,2025-06-03 00:15:00
2025-06-03,S10,Germany,34.44,76.45,21.1,27.4,1.59,350,7.39,No,51.1657,10.4515,00:30:00,2025-06-03 00:30:00
2025-06-03,S12,Norway,25.89,86.88,5.06,28.1,1.42,50,0.25,No,60.472,8.4689,00:45:00,2025-06-03 00:45:00
2025-06-03,S4,Ireland,84.38,58.23,14.32,37.3,1.44,250,3.58,No,53.1424,-7.6921,01:00:00,2025-06-03 01:00:00
2025-06-03,S12,Norway,25.89,86.88,5.06,28.1,1.42,50,0.25,No,60.472,8.4689,01:15:00,2025-06-03 01:15:00
2025-06-03,S13,Norway,63.22,35.95,16.33,34.4,1.53,50,0.82,No,60.472,8.4689,01:30:00,2025-06-03 01:30:00
2025-06-03,S14,Ireland,41.2,93.4,20.12,25.8,1.28,250,5.03,No,53.1424,-7.6921,01:45:00,2025-06-03 01:45:00
2025-06-03,S8,Germany,57.16,47.08,10.03,27.1,1.28,350,3.51,No,51.1657,10.4515,02:00:00,2025-06-03 02:00:00
2025-06-03,S4,Ireland,84.38,58.23,14.32,37.3,1.44,250,3.58,No,53.1424,-7.6921,02:15:00,2025-06-03 02:15:00
2025-06-03,S12,Norway,25.89,86.88,5.06,28.1,1.42,50,0.25,No,60.472,8.4689,02:30:00,2025-06-03 02:30:00
2025-06-03,S8,Germany,57.16,47.08,10.03,27.1,1.28,350,3.51,No,51.1657,10.4515,02:45:00,2025-06-03 02:45:00
2025-06-03,S13,Norway,63.22,35.95,16.33,34.4,1.53,50,0.82,No,60.472,8.4689,03:00:00,2025-06-03 03:00:00
2025-06-03,S10,Germany,34.44,76.45,21.1,27.4,1.59,350,7.39,No,51.1657,10.4515,03:15:00,2025-06-03 03:15:00
2025-06-03,S13,Norway,63.22,35.95,16.33,34.4,1.53,50,0.82,No,60.472,8.4689,03:30:00,2025-06-03 03:30:00
2025-06-03,S4,Ireland,84.38,58.23,14.32,37.3,1.44,250,3.58,No,53.1424,-7.6921,03:45:00,2025-06-03 03:45:00
2025-06-03,S6,Norway,10.55,24.22,9.33,30.4,1.46,50,0.47,No,60.472,8.4689,04:00:00,2025-06-03 04:00:00
2025-06-03,S7,Germany,42.21,83.55,22.14,37.5,1.32,350,7.75,No,51.1657,10.4515,04:15:00,2025-06-03 04:15:00
2025-06-03,S11,Norway,52.7,45.77,9.44,25.4,1.89,50,0.47,No,60.472,8.4689,04:30:00,2025-06-03 04:30:00
2025-06-03,S9,Ireland,16.86,75.37,8.25,29.5,1.71,250,2.06,No,53.1424,-7.6921,04:45:00,2025-06-03 04:45:00
2025-06-03,S2,Ireland,66.4,66.37,20.26,28.0,1.81,250,5.07,No,53.1424,-7.6921,05:00:00,2025-06-03 05:00:00
2025-06-03,S12,Norway,25.89,86.88,5.06,28.1,1.42,50,0.25,No,60.472,8.4689,05:15:00,2025-06-03 05:15:00
2025-06-03,S6,Norway,10.55,24.22,9.33,30.4,1.46,50,0.47,No,60.472,8.4689,05:30:00,2025-06-03 05:30:00
2025-06-03,S8,Germany,57.16,47.08,10.03,27.1,1.28,350,3.51,No,51.1657,10.4515,05:45:00,2025-06-03 05:45:00
2025-06-03,S3,Ireland,62.56,22.36,11.99,39.3,1.74,250,3.0,No,53.1424,-7.6921,06:00:00,2025-06-03 06:00:00
2025-06-03,S15,Germany,11.8,46.49,19.75,36.2,1.28,350,6.91,No,51.1657,10.4515,06:15:00,2025-06-03 06:15:00
2025-06-03,S10,Germany,34.44,76.45,21.1,27.4,1.59,350,7.39,No,51.1657,10.4515,06:30:00,2025-06-03 06:30:00
2025-06-03,S15,Germany,11.8,46.49,19.75,36.2,1.28,350,6.91,No,51.1657,10.4515,06:45:00,2025-06-03 06:45:00
2025-06-03,S11,Norway,52.7,45.77,9.44,25.4,1.89,50,0.47,No,60.472,8.4689,07:00:00,2025-06-03 07:00:00
2025-06-03,S10,Germany,34.44,76.45,21.1,27.4,1.59,350,7.39,No,51.1657,10.4515,07:15:00,2025-06-03 07:15:00
2025-06-03,S9,Ireland,16.86,75.37,8.25,29.5,1.71,250,2.06,No,53.1424,-7.6921,07:30:00,2025-06-03 07:30:00
2025-06-03,S7,Germany,42.21,83.55,22.14,37.5,1.32,350,7.75,No,51.1657,10.4515,07:45:00,2025-06-03 07:45:00
2025-06-03,S10,Germany,34.44,76.45,21.1,27.4,1.59,350,7.39,No,51.1657,10.4515,08:00:00,2025-06-03 08:00:00
2025-06-03,S8,Germany,57.16,47.08,10.03,27.1,1.28,350,3.51,No,51.1657,10.4515,08:15:00,2025-06-03 08:15:00
2025-06-03,S1,Norway,88.02,74.55,7.69,36.4,1.74,50,0.38,No,60.472,8.4689,08:30:00,2025-06-03 08:30:00
2025-06-03,S7,Germany,42.21,83.55,22.14,37.5,1.32,350,7.75,No,51.1657,10.4515,08:45:00,2025-06-03 08:45:00
2025-06-03,S7,Germany,42.21,83.55,22.14,37.5,1.32,350,7.75,No,51.1657,10.4515,09:00:00,2025-06-03 09:00:00
2025-06-03,S3,Ireland,62.56,22.36,11.99,39.3,1.74,250,3.0,No,53.1424,-7.6921,09:15:00,2025-06-03 09:15:00
2025-06-03,S2,Ireland,66.4,66.37,20.26,28.0,1.81,250,5.07,No,53.1424,-7.6921,09:30:00,2025-06-03 09:30:00
2025-06-03,S7,Germany,42.21,83.55,22.14,37.5,1.32,350,7.75,No,51.1657,10.4515,09:45:00,2025-06-03 09:45:00
2025-06-03,S2,Ireland,66.4,66.37,20.26,28.0,1.81,250,5.07,No,53.1424,-7.6921,10:00:00,2025-06-03 10:00:00
2025-06-03,S4,Ireland,84.38,58.23,14.32,37.3,1.44,250,3.58,No,53.1424,-7.6921,10:15:00,2025-06-03 10:15:00
2025-06-03,S9,Ireland,16.86,75.37,8.25,29.5,1.71,250,2.06,No,53.1424,-7.6921,10:30:00,2025-06-03 10:30:00
2025-06-03,S7,Germany,42.21,83.55,22.14,37.5,1.32,350,7.75,No,51.1657,10.4515,10:45:00,2025-06-03 10:45:00
2025-06-03,S14,Ireland,41.2,93.4,20.12,25.8,1.28,250,5.03,No,53.1424,-7.6921,11:00:00,2025-06-03 11:00:00
2025-06-03,S2,Ireland,66.4,66.37,20.26,28.0,1.81,250,5.07,No,53.1424,-7.6921,11:15:00,2025-06-03 11:15:00
2025-06-03,S5,Germany,89.74,48.78,20.12,25.3,1.44,350,7.04,No,51.1657,10.4515,11:30:00,2025-06-03 11:30:00
2025-06-03,S14,Ireland,41.2,93.4,20.12,25.8,1.28,250,5.03,No,53.1424,-7.6921,11:45:00,2025-06-03 11:45:00
2025-06-03,S13,Norway,63.22,35.95,16.33,34.4,1.53,50,0.82,No,60.472,8.4689,12:00:00,2025-06-03 12:00:00
2025-06-03,S3,Ireland,62.56,22.36,11.99,39.3,1.74,250,3.0,No,53.1424,-7.6921,12:15:00,2025-06-03 12:15:00
2025-06-03,S1,Norway,88.02,74.55,7.69,36.4,1.74,50,0.38,No,60.472,8.4689,12:30:00,2025-06-03 12:30:00
2025-06-03,S13,Norway,63.22,35.95,16.33,34.4,1.53,50,0.82,No,60.472,8.4689,12:45:00,2025-06-03 12:45:00
2025-06-03,S4,Ireland,84.38,58.23,14.32,37.3,1.44,250,3.58,No,53.1424,-7.6921,13:00:00,2025-06-03 13:00:00
2025-06-03,S11,Norway,52.7,45.77,9.44,25.4,1.89,50,0.47,No,60.472,8.4689,13:15:00,2025-06-03 13:15:00
2025-06-03,S15,Germany,11.8,46.49,19.75,36.2,1.28,350,6.91,No,51.1657,10.4515,13:30:00,2025-06-03 13:30:00
2025-06-03,S9,Ireland,16.86,75.37,8.25,29.5,1.71,250,2.06,No,53.1424,-7.6921,13:45:00,2025-06-03 13:45:00
2025-06-03,S15,Germany,11.8,46.49,19.75,36.2,1.28,350,6.91,No,51.1657,10.4515,14:00:00,2025-06-03 14:00:00
2025-06-03,S7,Germany,42.21,83.55,22.14,37.5,1.32,350,7.75,No,51.1657,10.4515,14:15:00,2025-06-03 14:15:00
2025-06-03,S15,Germany,11.8,46.49,19.75,36.2,1.28,350,6.91,No,51.1657,10.4515,14:30:00,2025-06-03 14:30:00
2025-06-03,S6,Norway,10.55,24.22,9.33,30.4,1.46,50,0.47,No,60.472,8.4689,14:45:00,2025-06-03 14:45:00
2025-06-03,S7,Germany,42.21,83.55,22.14,37.5,1.32,350,7.75,No,51.1657,10.4515,15:00:00,2025-06-03 15:00:00
2025-06-03,S7,Germany,42.21,83.55,22.14,37.5,1.32,350,7.75,No,51.1657,10.4515,15:15:00,2025-06-03 15:15:00
2025-06-03,S1,Norway,88.02,74.55,7.69,36.4,1.74,50,0.38,No,60.472,8.4689,15:30:00,2025-06-03 15:30:00
2025-06-03,S15,Germany,11.8,46.49,19.75,36.2,1.28,350,6.91,No,51.1657,10.4515,15:45:00,2025-06-03 15:45:00
2025-06-03,S13,Norway,63.22,35.95,16.33,34.4,1.53,50,0.82,No,60.472,8.4689,16:00:00,2025-06-03 16:00:00
2025-06-03,S4,Ireland,84.38,58.23,14.32,37.3,1.44,250,3.58,No,53.1424,-7.6921,16:15:00,2025-06-03 16:15:00
2025-06-03,S2,Ireland,66.4,66.37,20.26,28.0,1.81,250,5.07,No,53.1424,-7.6921,16:30:00,2025-06-03 16:30:00
2025-06-03,S14,Ireland,41.2,93.4,20.12,25.8,1.28,250,5.03,No,53.1424,-7.6921,16:45:00,2025-06-03 16:45:00
2025-06-03,S8,Germany,57.16,47.08,10.03,27.1,1.28,350,3.51,No,51.1657,10.4515,17:00:00,2025-06-03 17:00:00
2025-06-03,S1,Norway,88.02,74.55,7.69,36.4,1.74,50,0.38,No,60.472,8.4689,17:15:00,2025-06-03 17:15:00
2025-06-03,S2,Ireland,66.4,66.37,20.26,28.0,1.81,250,5.07,No,53.1424,-7.6921,17:30:00,2025-06-03 17:30:00
2025-06-03,S2,Ireland,66.4,66.37,20.26,28.0,1.81,250,5.07,No,53.1424,-7.6921,17:45:00,2025-06-03 17:45:00
2025-06-03,S7,Germany,42.21,83.55,22.14,37.5,1.32,350,7.75,No,51.1657,10.4515,18:00:00,2025-06-03 18:00:00
2025-06-03,S7,Germany,42.21,83.55,22.14,37.5,1.32,350,7.75,No,51.1657,10.4515,18:15:00,2025-06-03 18:15:00
2025-06-03,S14,Ireland,41.2,93.4,20.12,25.8,1.28,250,5.03,No,53.1424,-7.6921,18:30:00,2025-06-03 18:30:00
2025-06-03,S14,Ireland,41.2,93.4,20.12,25.8,1.28,250,5.03,No,53.1424,-7.6921,18:45:00,2025-06-03 18:45:00
2025-06-03,S3,Ireland,62.56,22.36,11.99,39.3,1.74,250,3.0,No,53.1424,-7.6921,19:00:00,2025-06-03 19:00:00
2025-06-03,S14,Ireland,41.2,93.4,20.12,25.8,1.28,250,5.03,No,53.1424,-7.6921,19:15:00,2025-06-03 19:15:00
2025-06-03,S7,Germany,42.21,83.55,22.14,37.5,1.32,350,7.75,No,51.1657,10.4515,19:30:00,2025-06-03 19:30:00
2025-06-03,S11,Norway,52.7,45.77,9.44,25.4,1.89,50,0.47,No,60.472,8.4689,19:45:00,2025-06-03 19:45:00
2025-06-03,S14,Ireland,41.2,93.4,20.12,25.8,1.28,250,5.03,No,53.1424,-7.6921,20:00:00,2025-06-03 20:00:00
2025-06-03,S8,Germany,57.16,47.08,10.03,27.1,1.28,350,3.51,No,51.1657,10.4515,20:15:00,2025-06-03 20:15:00
2025-06-03,S12,Norway,25.89,86.88,5.06,28.1,1.42,50,0.25,No,60.472,8.4689,20:30:00,2025-06-03 20:30:00
2025-06-03,S7,Germany,42.21,83.55,22.14,37.5,1.32,350,7.75,No,51.1657,10.4515,20:45:00,2025-06-03 20:45:00
2025-06-03,S13,Norway,63.22,35.95,16.33,34.4,1.53,50,0.82,No,60.472,8.4689,21:00:00,2025-06-03 21:00:00
2025-06-03,S3,Ireland,62.56,22.36,11.99,39.3,1.74,250,3.0,No,53.1424,-7.6921,21:15:00,2025-06-03 21:15:00
2025-06-03,S12,Norway,25.89,86.88,5.06,28.1,1.42,50,0.25,No,60.472,8.4689,21:30:00,2025-06-03 21:30:00
2025-06-03,S5,Germany,89.74,48.78,20.12,25.3,1.44,350,7.04,No,51.1657,10.4515,21:45:00,2025-06-03 21:45:00
2025-06-03,S14,Ireland,41.2,93.4,20.12,25.8,1.28,250,5.03,No,53.1424,-7.6921,22:00:00,2025-06-03 22:00:00
2025-06-03,S12,Norway,25.89,86.88,5.06,28.1,1.42,50,0.25,No,60.472,8.4689,22:15:00,2025-06-03 22:15:00
2025-06-03,S6,Norway,10.55,24.22,9.33,30.4,1.46,50,0.47,No,60.472,8.4689,22:30:00,2025-06-03 22:30:00
2025-06-03,S2,Ireland,66.4,66.37,20.26,28.0,1.81,250,5.07,No,53.1424,-7.6921,22:45:00,2025-06-03 22:45:00
2025-06-03,S4,Ireland,84.38,58.23,14.32,37.3,1.44,250,3.58,No,53.1424,-7.6921,23:00:00,2025-06-03 23:00:00
2025-06-03,S4,Ireland,84.38,58.23,14.32,37.3,1.44,250,3.58,No,53.1424,-7.6921,23:15:00,2025-06-03 23:15:00
2025-06-03,S8,Germany,57.16,47.08,10.03,27.1,1.28,350,3.51,No,51.1657,10.4515,23:30:00,2025-06-03 23:30:00
2025-06-03,S12,Norway,25.89,86.88,5.06,28.1,1.42,50,0.25,No,60.472,8.4689,23:45:00,2025-06-03 23:45:00
2025-06-04,S5,Germany,76.9,77.67,9.08,31.0,1.84,350,3.18,No,51.1657,10.4515,00:00:00,2025-06-04 00:00:00
2025-06-04,S9,Ireland,70.2,49.23,8.06,25.2,1.7,250,2.02,No,53.1424,-7.6921,00:15:00,2025-06-04 00:15:00
2025-06-04,S5,Germany,76.9,77.67,9.08,31.0,1.84,350,3.18,No,51.1657,10.4515,00:30:00,2025-06-04 00:30:00
2025-06-04,S13,Norway,20.07,61.53,8.45,25.3,1.24,50,0.42,No,60.472,8.4689,00:45:00,2025-06-04 00:45:00
2025-06-04,S4,Ireland,46.41,81.27,9.39,26.7,1.29,250,2.35,No,53.1424,-7.6921,01:00:00,2025-06-04 01:00:00
2025-06-04,S7,Germany,32.1,71.95,10.18,34.5,1.8,350,3.56,No,51.1657,10.4515,01:15:00,2025-06-04 01:15:00
2025-06-04,S2,Ireland,34.14,45.26,7.24,34.1,1.6,250,1.81,No,53.1424,-7.6921,01:30:00,2025-06-04 01:30:00
2025-06-04,S7,Germany,32.1,71.95,10.18,34.5,1.8,350,3.56,No,51.1657,10.4515,01:45:00,2025-06-04 01:45:00
2025-06-04,S13,Norway,20.07,61.53,8.45,25.3,1.24,50,0.42,No,60.472,8.4689,02:00:00,2025-06-04 02:00:00
2025-06-04,S12,Norway,32.13,71.08,11.79,36.3,1.64,50,0.59,No,60.472,8.4689,02:15:00,2025-06-04 02:15:00
2025-06-04,S12,Norway,32.13,71.08,11.79,36.3,1.64,50,0.59,No,60.472,8.4689,02:30:00,2025-06-04 02:30:00
2025-06-04,S1,Norway,75.61,73.95,11.15,34.5,1.59,50,0.56,No,60.472,8.4689,02:45:00,2025-06-04 02:45:00
2025-06-04,S11,Norway,65.05,44.36,5.69,32.4,1.88,50,0.28,No,60.472,8.4689,03:00:00,2025-06-04 03:00:00
2025-06-04,S10,Germany,85.7,78.34,21.68,31.2,1.38,350,7.59,No,51.1657,10.4515,03:15:00,2025-06-04 03:15:00
2025-06-04,S2,Ireland,34.14,45.26,7.24,34.1,1.6,250,1.81,No,53.1424,-7.6921,03:30:00,2025-06-04 03:30:00
2025-06-04,S1,Norway,75.61,73.95,11.15,34.5,1.59,50,0.56,No,60.472,8.4689,03:45:00,2025-06-04 03:45:00
2025-06-04,S4,Ireland,46.41,81.27,9.39,26.7,1.29,250,2.35,No,53.1424,-7.6921,04:00:00,2025-06-04 04:00:00
2025-06-04,S6,Norway,53.94,48.16,16.44,33.6,1.9,50,0.82,No,60.472,8.4689,04:15:00,2025-06-04 04:15:00
2025-06-04,S10,Germany,85.7,78.34,21.68,31.2,1.38,350,7.59,No,51.1657,10.4515,04:30:00,2025-06-04 04:30:00
2025-06-04,S8,Germany,77.69,58.59,18.22,27.5,1.43,350,6.38,No,51.1657,10.4515,04:45:00,2025-06-04 04:45:00
2025-06-04,S9,Ireland,70.2,49.23,8.06,25.2,1.7,250,2.02,No,53.1424,-7.6921,05:00:00,2025-06-04 05:00:00
2025-06-04,S6,Norway,53.94,48.16,16.44,33.6,1.9,50,0.82,No,60.472,8.4689,05:15:00,2025-06-04 05:15:00
2025-06-04,S12,Norway,32.13,71.08,11.79,36.3,1.64,50,0.59,No,60.472,8.4689,05:30:00,2025-06-04 05:30:00
2025-06-04,S8,Germany,77.69,58.59,18.22,27.5,1.43,350,6.38,No,51.1657,10.4515,05:45:00,2025-06-04 05:45:00
2025-06-04,S9,Ireland,70.2,49.23,8.06,25.2,1.7,250,2.02,No,53.1424,-7.6921,06:00:00,2025-06-04 06:00:00
2025-06-04,S2,Ireland,34.14,45.26,7.24,34.1,1.6,250,1.81,No,53.1424,-7.6921,06:15:00,2025-06-04 06:15:00
2025-06-04,S3,Ireland,75.61,30.57,10.24,28.8,1.93,250,2.56,No,53.1424,-7.6921,06:30:00,2025-06-04 06:30:00
2025-06-04,S1,Norway,75.61,73.95,11.15,34.5,1.59,50,0.56,No,60.472,8.4689,06:45:00,2025-06-04 06:45:00
2025-06-04,S11,Norway,65.05,44.36,5.69,32.4,1.88,50,0.28,No,60.472,8.4689,07:00:00,2025-06-04 07:00:00
2025-06-04,S4,Ireland,46.41,81.27,9.39,26.7,1.29,250,2.35,No,53.1424,-7.6921,07:15:00,2025-06-04 07:15:00
2025-06-04,S13,Norway,20.07,61.53,8.45,25.3,1.24,50,0.42,No,60.472,8.4689,07:30:00,2025-06-04 07:30:00
2025-06-04,S7,Germany,32.1,71.95,10.18,34.5,1.8,350,3.56,No,51.1657,10.4515,07:45:00,2025-06-04 07:45:00
2025-06-04,S10,Germany,85.7,78.34,21.68,31.2,1.38,350,7.59,No,51.1657,10.4515,08:00:00,2025-06-04 08:00:00
2025-06-04,S14,Ireland,48.88,31.63,22.62,31.1,1.94,250,5.66,No,53.1424,-7.6921,08:15:00,2025-06-04 08:15:00
2025-06-04,S7,Germany,32.1,71.95,10.18,34.5,1.8,350,3.56,No,51.1657,10.4515,08:30:00,2025-06-04 08:30:00
2025-06-04,S8,Germany,77.69,58.59,18.22,27.5,1.43,350,6.38,No,51.1657,10.4515,08:45:00,2025-06-04 08:45:00
2025-06-04,S6,Norway,53.94,48.16,16.44,33.6,1.9,50,0.82,No,60.472,8.4689,09:00:00,2025-06-04 09:00:00
2025-06-04,S6,Norway,53.94,48.16,16.44,33.6,1.9,50,0.82,No,60.472,8.4689,09:15:00,2025-06-04 09:15:00
2025-06-04,S3,Ireland,75.61,30.57,10.24,28.8,1.93,250,2.56,No,53.1424,-7.6921,09:30:00,2025-06-04 09:30:00
2025-06-04,S14,Ireland,48.88,31.63,22.62,31.1,1.94,250,5.66,No,53.1424,-7.6921,09:45:00,2025-06-04 09:45:00
2025-06-04,S7,Germany,32.1,71.95,10.18,34.5,1.8,350,3.56,No,51.1657,10.4515,10:00:00,2025-06-04 10:00:00
2025-06-04,S2,Ireland,34.14,45.26,7.24,34.1,1.6,250,1.81,No,53.1424,-7.6921,10:15:00,2025-06-04 10:15:00
2025-06-04,S12,Norway,32.13,71.08,11.79,36.3,1.64,50,0.59,No,60.472,8.4689,10:30:00,2025-06-04 10:30:00
2025-06-04,S1,Norway,75.61,73.95,11.15,34.5,1.59,50,0.56,No,60.472,8.4689,10:45:00,2025-06-04 10:45:00
2025-06-04,S12,Norway,32.13,71.08,11.79,36.3,1.64,50,0.59,No,60.472,8.4689,11:00:00,2025-06-04 11:00:00
2025-06-04,S8,Germany,77.69,58.59,18.22,27.5,1.43,350,6.38,No,51.1657,10.4515,11:15:00,2025-06-04 11:15:00
2025-06-04,S4,Ireland,46.41,81.27,9.39,26.7,1.29,250,2.35,No,53.1424,-7.6921,11:30:00,2025-06-04 11:30:00
2025-06-04,S9,Ireland,70.2,49.23,8.06,25.2,1.7,250,2.02,No,53.1424,-7.6921,11:45:00,2025-06-04 11:45:00
2025-06-04,S5,Germany,76.9,77.67,9.08,31.0,1.84,350,3.18,No,51.1657,10.4515,12:00:00,2025-06-04 12:00:00
2025-06-04,S13,Norway,20.07,61.53,8.45,25.3,1.24,50,0.42,No,60.472,8.4689,12:15:00,2025-06-04 12:15:00
2025-06-04,S8,Germany,77.69,58.59,18.22,27.5,1.43,350,6.38,No,51.1657,10.4515,12:30:00,2025-06-04 12:30:00
2025-06-04,S8,Germany,77.69,58.59,18.22,27.5,1.43,350,6.38,No,51.1657,10.4515,12:45:00,2025-06-04 12:45:00
2025-06-04,S15,Germany,79.41,62.13,16.48,37.3,1.87,350,5.77,No,51.1657,10.4515,13:00:00,2025-06-04 13:00:00
2025-06-04,S7,Germany,32.1,71.95,10.18,34.5,1.8,350,3.56,No,51.1657,10.4515,13:15:00,2025-06-04 13:15:00
2025-06-04,S5,Germany,76.9,77.67,9.08,31.0,1.84,350,3.18,No,51.1657,10.4515,13:30:00,2025-06-04 13:30:00
2025-06-04,S8,Germany,77.69,58.59,18.22,27.5,1.43,350,6.38,No,51.1657,10.4515,13:45:00,2025-06-04 13:45:00
2025-06-04,S3,Ireland,75.61,30.57,10.24,28.8,1.93,250,2.56,No,53.1424,-7.6921,14:00:00,2025-06-04 14:00:00
2025-06-04,S13,Norway,20.07,61.53,8.45,25.3,1.24,50,0.42,No,60.472,8.4689,14:15:00,2025-06-04 14:15:00
2025-06-04,S1,Norway,75.61,73.95,11.15,34.5,1.59,50,0.56,No,60.472,8.4689,14:30:00,2025-06-04 14:30:00
2025-06-04,S14,Ireland,48.88,31.63,22.62,31.1,1.94,250,5.66,No,53.1424,-7.6921,14:45:00,2025-06-04 14:45:00
2025-06-04,S14,Ireland,48.88,31.63,22.62,31.1,1.94,250,5.66,No,53.1424,-7.6921,15:00:00,2025-06-04 15:00:00
2025-06-04,S10,Germany,85.7,78.34,21.68,31.2,1.38,350,7.59,No,51.1657,10.4515,15:15:00,2025-06-04 15:15:00
2025-06-04,S1,Norway,75.61,73.95,11.15,34.5,1.59,50,0.56,No,60.472,8.4689,15:30:00,2025-06-04 15:30:00
2025-06-04,S12,Norway,32.13,71.08,11.79,36.3,1.64,50,0.59,No,60.472,8.4689,15:45:00,2025-06-04 15:45:00
2025-06-04,S7,Germany,32.1,71.95,10.18,34.5,1.8,350,3.56,No,51.1657,10.4515,16:00:00,2025-06-04 16:00:00
2025-06-04,S9,Ireland,70.2,49.23,8.06,25.2,1.7,250,2.02,No,53.1424,-7.6921,16:15:00,2025-06-04 16:15:00
2025-06-04,S5,Germany,76.9,77.67,9.08,31.0,1.84,350,3.18,No,51.1657,10.4515,16:30:00,2025-06-04 16:30:00
2025-06-04,S15,Germany,79.41,62.13,16.48,37.3,1.87,350,5.77,No,51.1657,10.4515,16:45:00,2025-06-04 16:45:00
2025-06-04,S1,Norway,75.61,73.95,11.15,34.5,1.59,50,0.56,No,60.472,8.4689,17:00:00,2025-06-04 17:00:00
2025-06-04,S8,Germany,77.69,58.59,18.22,27.5,1.43,350,6.38,No,51.1657,10.4515,17:15:00,2025-06-04 17:15:00
2025-06-04,S11,Norway,65.05,44.36,5.69,32.4,1.88,50,0.28,No,60.472,8.4689,17:30:00,2025-06-04 17:30:00
2025-06-04,S7,Germany,32.1,71.95,10.18,34.5,1.8,350,3.56,No,51.1657,10.4515,17:45:00,2025-06-04 17:45:00
2025-06-04,S11,Norway,65.05,44.36,5.69,32.4,1.88,50,0.28,No,60.472,8.4689,18:00:00,2025-06-04 18:00:00
2025-06-04,S4,Ireland,46.41,81.27,9.39,26.7,1.29,250,2.35,No,53.1424,-7.6921,18:15:00,2025-06-04 18:15:00
2025-06-04,S3,Ireland,75.61,30.57,10.24,28.8,1.93,250,2.56,No,53.1424,-7.6921,18:30:00,2025-06-04 18:30:00
2025-06-04,S8,Germany,77.69,58.59,18.22,27.5,1.43,350,6.38,No,51.1657,10.4515,18:45:00,2025-06-04 18:45:00
2025-06-04,S13,Norway,20.07,61.53,8.45,25.3,1.24,50,0.42,No,60.472,8.4689,19:00:00,2025-06-04 19:00:00
2025-06-04,S4,Ireland,46.41,81.27,9.39,26.7,1.29,250,2.35,No,53.1424,-7.6921,19:15:00,2025-06-04 19:15:00
2025-06-04,S13,Norway,20.07,61.53,8.45,25.3,1.24,50,0.42,No,60.472,8.4689,19:30:00,2025-06-04 19:30:00
2025-06-04,S7,Germany,32.1,71.95,10.18,34.5,1.8,350,3.56,No,51.1657,10.4515,19:45:00,2025-06-04 19:45:00
2025-06-04,S13,Norway,20.07,61.53,8.45,25.3,1.24,50,0.42,No,60.472,8.4689,20:00:00,2025-06-04 20:00:00
2025-06-04,S15,Germany,79.41,62.13,16.48,37.3,1.87,350,5.77,No,51.1657,10.4515,20:15:00,2025-06-04 20:15:00
2025-06-04,S3,Ireland,75.61,30.57,10.24,28.8,1.93,250,2.56,No,53.1424,-7.6921,20:30:00,2025-06-04 20:30:00
2025-06-04,S8,Germany,77.69,58.59,18.22,27.5,1.43,350,6.38,No,51.1657,10.4515,20:45:00,2025-06-04 20:45:00
2025-06-04,S12,Norway,32.13,71.08,11.79,36.3,1.64,50,0.59,No,60.472,8.4689,21:00:00,2025-06-04 21:00:00
2025-06-04,S10,Germany,85.7,78.34,21.68,31.2,1.38,350,7.59,No,51.1657,10.4515,21:15:00,2025-06-04 21:15:00
2025-06-04,S6,Norway,53.94,48.16,16.44,33.6,1.9,50,0.82,No,60.472,8.4689,21:30:00,2025-06-04 21:30:00
2025-06-04,S9,Ireland,70.2,49.23,8.06,25.2,1.7,250,2.02,No,53.1424,-7.6921,21:45:00,2025-06-04 21:45:00
2025-06-04,S1,Norway,75.61,73.95,11.15,34.5,1.59,50,0.56,No,60.472,8.4689,22:00:00,2025-06-04 22:00:00
2025-06-04,S12,Norway,32.13,71.08,11.79,36.3,1.64,50,0.59,No,60.472,8.4689,22:15:00,2025-06-04 22:15:00
2025-06-04,S2,Ireland,34.14,45.26,7.24,34.1,1.6,250,1.81,No,53.1424,-7.6921,22:30:00,2025-06-04 22:30:00
2025-06-04,S6,Norway,53.94,48.16,16.44,33.6,1.9,50,0.82,No,60.472,8.4689,22:45:00,2025-06-04 22:45:00
2025-06-04,S14,Ireland,48.88,31.63,22.62,31.1,1.94,250,5.66,No,53.1424,-7.6921,23:00:00,2025-06-04 23:00:00
2025-06-04,S3,Ireland,75.61,30.57,10.24,28.8,1.93,250,2.56,No,53.1424,-7.6921,23:15:00,2025-06-04 23:15:00
2025-06-04,S7,Germany,32.1,71.95,10.18,34.5,1.8,350,3.56,No,51.1657,10.4515,23:30:00,2025-06-04 23:30:00
2025-06-04,S5,Germany,76.9,77.67,9.08,31.0,1.84,350,3.18,No,51.1657,10.4515,23:45:00,2025-06-04 23:45:00
2025-06-05,S15,Germany,32.3,56.16,16.34,28.9,1.56,350,5.72,No,51.1657,10.4515,00:00:00,2025-06-05 00:00:00
2025-06-05,S15,Germany,32.3,56.16,16.34,28.9,1.56,350,5.72,No,51.1657,10.4515,00:15:00,2025-06-05 00:15:00
2025-06-05,S13,Norway,29.17,33.67,17.76,32.7,1.55,50,0.89,No,60.472,8.4689,00:30:00,2025-06-05 00:30:00
2025-06-05,S6,Norway,23.99,63.3,14.42,39.9,1.31,50,0.72,No,60.472,8.4689,00:45:00,2025-06-05 00:45:00
2025-06-05,S6,Norway,23.99,63.3,14.42,39.9,1.31,50,0.72,No,60.472,8.4689,01:00:00,2025-06-05 01:00:00
2025-06-05,S12,Norway,32.03,68.86,9.65,30.9,1.78,50,0.48,No,60.472,8.4689,01:15:00,2025-06-05 01:15:00
2025-06-05,S7,Germany,48.09,75.88,14.21,32.7,1.99,350,4.97,No,51.1657,10.4515,01:30:00,2025-06-05 01:30:00
2025-06-05,S10,Germany,60.2,94.76,24.98,26.9,1.96,350,8.74,No,51.1657,10.4515,01:45:00,2025-06-05 01:45:00
2025-06-05,S4,Ireland,28.98,39.63,10.46,37.5,1.81,250,2.62,No,53.1424,-7.6921,02:00:00,2025-06-05 02:00:00
2025-06-05,S12,Norway,32.03,68.86,9.65,30.9,1.78,50,0.48,No,60.472,8.4689,02:15:00,2025-06-05 02:15:00
2025-06-05,S3,Ireland,45.89,49.28,19.96,36.3,1.53,250,4.99,No,53.1424,-7.6921,02:30:00,2025-06-05 02:30:00
2025-06-05,S7,Germany,48.09,75.88,14.21,32.7,1.99,350,4.97,No,51.1657,10.4515,02:45:00,2025-06-05 02:45:00
2025-06-05,S2,Ireland,26.95,60.39,23.93,33.3,1.74,250,5.98,No,53.1424,-7.6921,03:00:00,2025-06-05 03:00:00
2025-06-05,S14,Ireland,52.79,45.64,19.48,27.0,1.27,250,4.87,No,53.1424,-7.6921,03:15:00,2025-06-05 03:15:00
2025-06-05,S7,Germany,48.09,75.88,14.21,32.7,1.99,350,4.97,No,51.1657,10.4515,03:30:00,2025-06-05 03:30:00
2025-06-05,S3,Ireland,45.89,49.28,19.96,36.3,1.53,250,4.99,No,53.1424,-7.6921,03:45:00,2025-06-05 03:45:00
2025-06-05,S4,Ireland,28.98,39.63,10.46,37.5,1.81,250,2.62,No,53.1424,-7.6921,04:00:00,2025-06-05 04:00:00
2025-06-05,S8,Germany,53.34,75.01,10.33,29.0,1.81,350,3.62,No,51.1657,10.4515,04:15:00,2025-06-05 04:15:00
2025-06-05,S12,Norway,32.03,68.86,9.65,30.9,1.78,50,0.48,No,60.472,8.4689,04:30:00,2025-06-05 04:30:00
2025-06-05,S9,Ireland,29.28,42.16,19.03,35.5,1.63,250,4.76,No,53.1424,-7.6921,04:45:00,2025-06-05 04:45:00
2025-06-05,S11,Norway,23.54,45.55,24.09,31.4,1.86,50,1.2,No,60.472,8.4689,05:00:00,2025-06-05 05:00:00
2025-06-05,S13,Norway,29.17,33.67,17.76,32.7,1.55,50,0.89,No,60.472,8.4689,05:15:00,2025-06-05 05:15:00
2025-06-05,S2,Ireland,26.95,60.39,23.93,33.3,1.74,250,5.98,No,53.1424,-7.6921,05:30:00,2025-06-05 05:30:00
2025-06-05,S8,Germany,53.34,75.01,10.33,29.0,1.81,350,3.62,No,51.1657,10.4515,05:45:00,2025-06-05 05:45:00
2025-06-05,S15,Germany,32.3,56.16,16.34,28.9,1.56,350,5.72,No,51.1657,10.4515,06:00:00,2025-06-05 06:00:00
2025-06-05,S11,Norway,23.54,45.55,24.09,31.4,1.86,50,1.2,No,60.472,8.4689,06:15:00,2025-06-05 06:15:00
2025-06-05,S14,Ireland,52.79,45.64,19.48,27.0,1.27,250,4.87,No,53.1424,-7.6921,06:30:00,2025-06-05 06:30:00
2025-06-05,S1,Norway,57.38,35.06,9.45,26.5,1.48,50,0.47,No,60.472,8.4689,06:45:00,2025-06-05 06:45:00
2025-06-05,S9,Ireland,29.28,42.16,19.03,35.5,1.63,250,4.76,No,53.1424,-7.6921,07:00:00,2025-06-05 07:00:00
2025-06-05,S14,Ireland,52.79,45.64,19.48,27.0,1.27,250,4.87,No,53.1424,-7.6921,07:15:00,2025-06-05 07:15:00
2025-06-05,S5,Germany,53.88,38.55,24.54,37.8,1.35,350,8.59,No,51.1657,10.4515,07:30:00,2025-06-05 07:30:00
2025-06-05,S2,Ireland,26.95,60.39,23.93,33.3,1.74,250,5.98,No,53.1424,-7.6921,07:45:00,2025-06-05 07:45:00
2025-06-05,S5,Germany,53.88,38.55,24.54,37.8,1.35,350,8.59,No,51.1657,10.4515,08:00:00,2025-06-05 08:00:00
2025-06-05,S2,Ireland,26.95,60.39,23.93,33.3,1.74,250,5.98,No,53.1424,-7.6921,08:15:00,2025-06-05 08:15:00
2025-06-05,S3,Ireland,45.89,49.28,19.96,36.3,1.53,250,4.99,No,53.1424,-7.6921,08:30:00,2025-06-05 08:30:00
2025-06-05,S4,Ireland,28.98,39.63,10.46,37.5,1.81,250,2.62,No,53.1424,-7.6921,08:45:00,2025-06-05 08:45:00
2025-06-05,S9,Ireland,29.28,42.16,19.03,35.5,1.63,250,4.76,No,53.1424,-7.6921,09:00:00,2025-06-05 09:00:00
2025-06-05,S3,Ireland,45.89,49.28,19.96,36.3,1.53,250,4.99,No,53.1424,-7.6921,09:15:00,2025-06-05 09:15:00
2025-06-05,S4,Ireland,28.98,39.63,10.46,37.5,1.81,250,2.62,No,53.1424,-7.6921,09:30:00,2025-06-05 09:30:00
2025-06-05,S9,Ireland,29.28,42.16,19.03,35.5,1.63,250,4.76,No,53.1424,-7.6921,09:45:00,2025-06-05 09:45:00
2025-06-05,S15,Germany,32.3,56.16,16.34,28.9,1.56,350,5.72,No,51.1657,10.4515,10:00:00,2025-06-05 10:00:00
2025-06-05,S15,Germany,32.3,56.16,16.34,28.9,1.56,350,5.72,No,51.1657,10.4515,10:15:00,2025-06-05 10:15:00
2025-06-05,S11,Norway,23.54,45.55,24.09,31.4,1.86,50,1.2,No,60.472,8.4689,10:30:00,2025-06-05 10:30:00
2025-06-05,S7,Germany,48.09,75.88,14.21,32.7,1.99,350,4.97,No,51.1657,10.4515,10:45:00,2025-06-05 10:45:00
2025-06-05,S12,Norway,32.03,68.86,9.65,30.9,1.78,50,0.48,No,60.472,8.4689,11:00:00,2025-06-05 11:00:00
2025-06-05,S8,Germany,53.34,75.01,10.33,29.0,1.81,350,3.62,No,51.1657,10.4515,11:15:00,2025-06-05 11:15:00
2025-06-05,S7,Germany,48.09,75.88,14.21,32.7,1.99,350,4.97,No,51.1657,10.4515,11:30:00,2025-06-05 11:30:00
2025-06-05,S11,Norway,23.54,45.55,24.09,31.4,1.86,50,1.2,No,60.472,8.4689,11:45:00,2025-06-05 11:45:00
2025-06-05,S3,Ireland,45.89,49.28,19.96,36.3,1.53,250,4.99,No,53.1424,-7.6921,12:00:00,2025-06-05 12:00:00
2025-06-05,S6,Norway,23.99,63.3,14.42,39.9,1.31,50,0.72,No,60.472,8.4689,12:15:00,2025-06-05 12:15:00
2025-06-05,S14,Ireland,52.79,45.64,19.48,27.0,1.27,250,4.87,No,53.1424,-7.6921,12:30:00,2025-06-05 12:30:00
2025-06-05,S15,Germany,32.3,56.16,16.34,28.9,1.56,350,5.72,No,51.1657,10.4515,12:45:00,2025-06-05 12:45:00
2025-06-05,S7,Germany,48.09,75.88,14.21,32.7,1.99,350,4.97,No,51.1657,10.4515,13:00:00,2025-06-05 13:00:00
2025-06-05,S6,Norway,23.99,63.3,14.42,39.9,1.31,50,0.72,No,60.472,8.4689,13:15:00,2025-06-05 13:15:00
2025-06-05,S7,Germany,48.09,75.88,14.21,32.7,1.99,350,4.97,No,51.1657,10.4515,13:30:00,2025-06-05 13:30:00
2025-06-05,S3,Ireland,45.89,49.28,19.96,36.3,1.53,250,4.99,No,53.1424,-7.6921,13:45:00,2025-06-05 13:45:00
2025-06-05,S2,Ireland,26.95,60.39,23.93,33.3,1.74,250,5.98,No,53.1424,-7.6921,14:00:00,2025-06-05 14:00:00
2025-06-05,S7,Germany,48.09,75.88,14.21,32.7,1.99,350,4.97,No,51.1657,10.4515,14:15:00,2025-06-05 14:15:00
2025-06-05,S5,Germany,53.88,38.55,24.54,37.8,1.35,350,8.59,No,51.1657,10.4515,14:30:00,2025-06-05 14:30:00
2025-06-05,S3,Ireland,45.89,49.28,19.96,36.3,1.53,250,4.99,No,53.1424,-7.6921,14:45:00,2025-06-05 14:45:00
2025-06-05,S12,Norway,32.03,68.86,9.65,30.9,1.78,50,0.48,No,60.472,8.4689,15:00:00,2025-06-05 15:00:00
2025-06-05,S7,Germany,48.09,75.88,14.21,32.7,1.99,350,4.97,No,51.1657,10.4515,15:15:00,2025-06-05 15:15:00
2025-06-05,S15,Germany,32.3,56.16,16.34,28.9,1.56,350,5.72,No,51.1657,10.4515,15:30:00,2025-06-05 15:30:00
2025-06-05,S1,Norway,57.38,35.06,9.45,26.5,1.48,50,0.47,No,60.472,8.4689,15:45:00,2025-06-05 15:45:00
2025-06-05,S11,Norway,23.54,45.55,24.09,31.4,1.86,50,1.2,No,60.472,8.4689,16:00:00,2025-06-05 16:00:00
2025-06-05,S12,Norway,32.03,68.86,9.65,30.9,1.78,50,0.48,No,60.472,8.4689,16:15:00,2025-06-05 16:15:00
2025-06-05,S7,Germany,48.09,75.88,14.21,32.7,1.99,350,4.97,No,51.1657,10.4515,16:30:00,2025-06-05 16:30:00
2025-06-05,S6,Norway,23.99,63.3,14.42,39.9,1.31,50,0.72,No,60.472,8.4689,16:45:00,2025-06-05 16:45:00
2025-06-05,S11,Norway,23.54,45.55,24.09,31.4,1.86,50,1.2,No,60.472,8.4689,17:00:00,2025-06-05 17:00:00
2025-06-05,S14,Ireland,52.79,45.64,19.48,27.0,1.27,250,4.87,No,53.1424,-7.6921,17:15:00,2025-06-05 17:15:00
2025-06-05,S2,Ireland,26.95,60.39,23.93,33.3,1.74,250,5.98,No,53.1424,-7.6921,17:30:00,2025-06-05 17:30:00
2025-06-05,S3,Ireland,45.89,49.28,19.96,36.3,1.53,250,4.99,No,53.1424,-7.6921,17:45:00,2025-06-05 17:45:00
2025-06-05,S15,Germany,32.3,56.16,16.34,28.9,1.56,350,5.72,No,51.1657,10.4515,18:00:00,2025-06-05 18:00:00
2025-06-05,S8,Germany,53.34,75.01,10.33,29.0,1.81,350,3.62,No,51.1657,10.4515,18:15:00,2025-06-05 18:15:00
2025-06-05,S5,Germany,53.88,38.55,24.54,37.8,1.35,350,8.59,No,51.1657,10.4515,18:30:00,2025-06-05 18:30:00
2025-06-05,S7,Germany,48.09,75.88,14.21,32.7,1.99,350,4.97,No,51.1657,10.4515,18:45:00,2025-06-05 18:45:00
2025-06-05,S14,Ireland,52.79,45.64,19.48,27.0,1.27,250,4.87,No,53.1424,-7.6921,19:00:00,2025-06-05 19:00:00
2025-06-05,S11,Norway,23.54,45.55,24.09,31.4,1.86,50,1.2,No,60.472,8.4689,19:15:00,2025-06-05 19:15:00
2025-06-05,S11,Norway,23.54,45.55,24.09,31.4,1.86,50,1.2,No,60.472,8.4689,19:30:00,2025-06-05 19:30:00
2025-06-05,S7,Germany,48.09,75.88,14.21,32.7,1.99,350,4.97,No,51.1657,10.4515,19:45:00,2025-06-05 19:45:00
2025-06-05,S5,Germany,53.88,38.55,24.54,37.8,1.35,350,8.59,No,51.1657,10.4515,20:00:00,2025-06-05 20:00:00
2025-06-05,S15,Germany,32.3,56.16,16.34,28.9,1.56,350,5.72,No,51.1657,10.4515,20:15:00,2025-06-05 20:15:00
2025-06-05,S13,Norway,29.17,33.67,17.76,32.7,1.55,50,0.89,No,60.472,8.4689,20:30:00,2025-06-05 20:30:00
2025-06-05,S2,Ireland,26.95,60.39,23.93,33.3,1.74,250,5.98,No,53.1424,-7.6921,20:45:00,2025-06-05 20:45:00
2025-06-05,S8,Germany,53.34,75.01,10.33,29.0,1.81,350,3.62,No,51.1657,10.4515,21:00:00,2025-06-05 21:00:00
2025-06-05,S11,Norway,23.54,45.55,24.09,31.4,1.86,50,1.2,No,60.472,8.4689,21:15:00,2025-06-05 21:15:00
2025-06-05,S14,Ireland,52.79,45.64,19.48,27.0,1.27,250,4.87,No,53.1424,-7.6921,21:30:00,2025-06-05 21:30:00
2025-06-05,S1,Norway,57.38,35.06,9.45,26.5,1.48,50,0.47,No,60.472,8.4689,21:45:00,2025-06-05 21:45:00
2025-06-05,S9,Ireland,29.28,42.16,19.03,35.5,1.63,250,4.76,No,53.1424,-7.6921,22:00:00,2025-06-05 22:00:00
2025-06-05,S14,Ireland,52.79,45.64,19.48,27.0,1.27,250,4.87,No,53.1424,-7.6921,22:15:00,2025-06-05 22:15:00
2025-06-05,S9,Ireland,29.28,42.16,19.03,35.5,1.63,250,4.76,No,53.1424,-7.6921,22:30:00,2025-06-05 22:30:00
2025-06-05,S8,Germany,53.34,75.01,10.33,29.0,1.81,350,3.62,No,51.1657,10.4515,22:45:00,2025-06-05 22:45:00
2025-06-05,S7,Germany,48.09,75.88,14.21,32.7,1.99,350,4.97,No,51.1657,10.4515,23:00:00,2025-06-05 23:00:00
2025-06-05,S12,Norway,32.03,68.86,9.65,30.9,1.78,50,0.48,No,60.472,8.4689,23:15:00,2025-06-05 23:15:00
2025-06-05,S10,Germany,60.2,94.76,24.98,26.9,1.96,350,8.74,No,51.1657,10.4515,23:30:00,2025-06-05 23:30:00
2025-06-05,S8,Germany,53.34,75.01,10.33,29.0,1.81,350,3.62,No,51.1657,10.4515,23:45:00,2025-06-05 23:45:00
2025-06-06,S6,Norway,27.4,73.53,5.8,31.7,1.32,50,0.29,No,60.472,8.4689,00:00:00,2025-06-06 00:00:00
2025-06-06,S9,Ireland,63.88,57.29,19.35,34.0,1.36,250,4.84,No,53.1424,-7.6921,00:15:00,2025-06-06 00:15:00
2025-06-06,S5,Germany,46.13,57.83,5.89,30.3,1.54,350,2.06,No,51.1657,10.4515,00:30:00,2025-06-06 00:30:00
2025-06-06,S8,Germany,20.99,56.15,21.75,39.5,1.45,350,7.61,No,51.1657,10.4515,00:45:00,2025-06-06 00:45:00
2025-06-06,S8,Germany,20.99,56.15,21.75,39.5,1.45,350,7.61,No,51.1657,10.4515,01:00:00,2025-06-06 01:00:00
2025-06-06,S14,Ireland,47.47,32.04,12.43,25.2,1.94,250,3.11,No,53.1424,-7.6921,01:15:00,2025-06-06 01:15:00
2025-06-06,S8,Germany,20.99,56.15,21.75,39.5,1.45,350,7.61,No,51.1657,10.4515,01:30:00,2025-06-06 01:30:00
2025-06-06,S8,Germany,20.99,56.15,21.75,39.5,1.45,350,7.61,No,51.1657,10.4515,01:45:00,2025-06-06 01:45:00
2025-06-06,S15,Germany,53.67,83.02,16.38,32.8,1.38,350,5.73,No,51.1657,10.4515,02:00:00,2025-06-06 02:00:00
2025-06-06,S4,Ireland,54.23,36.62,6.76,31.6,1.93,250,1.69,No,53.1424,-7.6921,02:15:00,2025-06-06 02:15:00
2025-06-06,S11,Norway,73.11,49.22,5.89,39.3,1.54,50,0.29,No,60.472,8.4689,02:30:00,2025-06-06 02:30:00
2025-06-06,S10,Germany,73.66,49.58,24.03,27.4,1.47,350,8.41,No,51.1657,10.4515,02:45:00,2025-06-06 02:45:00
2025-06-06,S11,Norway,73.11,49.22,5.89,39.3,1.54,50,0.29,No,60.472,8.4689,03:00:00,2025-06-06 03:00:00
2025-06-06,S12,Norway,64.61,82.79,23.09,30.5,1.4,50,1.15,No,60.472,8.4689,03:15:00,2025-06-06 03:15:00
2025-06-06,S3,Ireland,74.76,63.46,18.31,35.1,1.27,250,4.58,No,53.1424,-7.6921,03:30:00,2025-06-06 03:30:00
2025-06-06,S13,Norway,60.53,52.05,20.63,35.5,1.69,50,1.03,No,60.472,8.4689,03:45:00,2025-06-06 03:45:00
2025-06-06,S9,Ireland,63.88,57.29,19.35,34.0,1.36,250,4.84,No,53.1424,-7.6921,04:00:00,2025-06-06 04:00:00
2025-06-06,S12,Norway,64.61,82.79,23.09,30.5,1.4,50,1.15,No,60.472,8.4689,04:15:00,2025-06-06 04:15:00
2025-06-06,S4,Ireland,54.23,36.62,6.76,31.6,1.93,250,1.69,No,53.1424,-7.6921,04:30:00,2025-06-06 04:30:00
2025-06-06,S12,Norway,64.61,82.79,23.09,30.5,1.4,50,1.15,No,60.472,8.4689,04:45:00,2025-06-06 04:45:00
2025-06-06,S1,Norway,78.08,75.44,17.28,32.6,1.49,50,0.86,No,60.472,8.4689,05:00:00,2025-06-06 05:00:00
2025-06-06,S1,Norway,78.08,75.44,17.28,32.6,1.49,50,0.86,No,60.472,8.4689,05:15:00,2025-06-06 05:15:00
2025-06-06,S6,Norway,27.4,73.53,5.8,31.7,1.32,50,0.29,No,60.472,8.4689,05:30:00,2025-06-06 05:30:00
2025-06-06,S15,Germany,53.67,83.02,16.38,32.8,1.38,350,5.73,No,51.1657,10.4515,05:45:00,2025-06-06 05:45:00
2025-06-06,S14,Ireland,47.47,32.04,12.43,25.2,1.94,250,3.11,No,53.1424,-7.6921,06:00:00,2025-06-06 06:00:00
2025-06-06,S2,Ireland,34.5,63.9,21.05,34.5,1.63,250,5.26,No,53.1424,-7.6921,06:15:00,2025-06-06 06:15:00
2025-06-06,S14,Ireland,47.47,32.04,12.43,25.2,1.94,250,3.11,No,53.1424,-7.6921,06:30:00,2025-06-06 06:30:00
2025-06-06,S9,Ireland,63.88,57.29,19.35,34.0,1.36,250,4.84,No,53.1424,-7.6921,06:45:00,2025-06-06 06:45:00
2025-06-06,S9,Ireland,63.88,57.29,19.35,34.0,1.36,250,4.84,No,53.1424,-7.6921,07:00:00,2025-06-06 07:00:00
2025-06-06,S15,Germany,53.67,83.02,16.38,32.8,1.38,350,5.73,No,51.1657,10.4515,07:15:00,2025-06-06 07:15:00
2025-06-06,S9,Ireland,63.88,57.29,19.35,34.0,1.36,250,4.84,No,53.1424,-7.6921,07:30:00,2025-06-06 07:30:00
2025-06-06,S14,Ireland,47.47,32.04,12.43,25.2,1.94,250,3.11,No,53.1424,-7.6921,07:45:00,2025-06-06 07:45:00
2025-06-06,S9,Ireland,63.88,57.29,19.35,34.0,1.36,250,4.84,No,53.1424,-7.6921,08:00:00,2025-06-06 08:00:00
2025-06-06,S3,Ireland,74.76,63.46,18.31,35.1,1.27,250,4.58,No,53.1424,-7.6921,08:15:00,2025-06-06 08:15:00
2025-06-06,S9,Ireland,63.88,57.29,19.35,34.0,1.36,250,4.84,No,53.1424,-7.6921,08:30:00,2025-06-06 08:30:00
2025-06-06,S15,Germany,53.67,83.02,16.38,32.8,1.38,350,5.73,No,51.1657,10.4515,08:45:00,2025-06-06 08:45:00
2025-06-06,S3,Ireland,74.76,63.46,18.31,35.1,1.27,250,4.58,No,53.1424,-7.6921,09:00:00,2025-06-06 09:00:00
2025-06-06,S15,Germany,53.67,83.02,16.38,32.8,1.38,350,5.73,No,51.1657,10.4515,09:15:00,2025-06-06 09:15:00
2025-06-06,S4,Ireland,54.23,36.62,6.76,31.6,1.93,250,1.69,No,53.1424,-7.6921,09:30:00,2025-06-06 09:30:00
2025-06-06,S4,Ireland,54.23,36.62,6.76,31.6,1.93,250,1.69,No,53.1424,-7.6921,09:45:00,2025-06-06 09:45:00
2025-06-06,S8,Germany,20.99,56.15,21.75,39.5,1.45,350,7.61,No,51.1657,10.4515,10:00:00,2025-06-06 10:00:00
2025-06-06,S14,Ireland,47.47,32.04,12.43,25.2,1.94,250,3.11,No,53.1424,-7.6921,10:15:00,2025-06-06 10:15:00
2025-06-06,S14,Ireland,47.47,32.04,12.43,25.2,1.94,250,3.11,No,53.1424,-7.6921,10:30:00,2025-06-06 10:30:00
2025-06-06,S9,Ireland,63.88,57.29,19.35,34.0,1.36,250,4.84,No,53.1424,-7.6921,10:45:00,2025-06-06 10:45:00
2025-06-06,S1,Norway,78.08,75.44,17.28,32.6,1.49,50,0.86,No,60.472,8.4689,11:00:00,2025-06-06 11:00:00
2025-06-06,S5,Germany,46.13,57.83,5.89,30.3,1.54,350,2.06,No,51.1657,10.4515,11:15:00,2025-06-06 11:15:00
2025-06-06,S2,Ireland,34.5,63.9,21.05,34.5,1.63,250,5.26,No,53.1424,-7.6921,11:30:00,2025-06-06 11:30:00
2025-06-06,S7,Germany,36.02,55.46,12.8,31.6,1.59,350,4.48,No,51.1657,10.4515,11:45:00,2025-06-06 11:45:00
2025-06-06,S2,Ireland,34.5,63.9,21.05,34.5,1.63,250,5.26,No,53.1424,-7.6921,12:00:00,2025-06-06 12:00:00
2025-06-06,S12,Norway,64.61,82.79,23.09,30.5,1.4,50,1.15,No,60.472,8.4689,12:15:00,2025-06-06 12:15:00
2025-06-06,S3,Ireland,74.76,63.46,18.31,35.1,1.27,250,4.58,No,53.1424,-7.6921,12:30:00,2025-06-06 12:30:00
2025-06-06,S4,Ireland,54.23,36.62,6.76,31.6,1.93,250,1.69,No,53.1424,-7.6921,12:45:00,2025-06-06 12:45:00
2025-06-06,S3,Ireland,74.76,63.46,18.31,35.1,1.27,250,4.58,No,53.1424,-7.6921,13:00:00,2025-06-06 13:00:00
2025-06-06,S4,Ireland,54.23,36.62,6.76,31.6,1.93,250,1.69,No,53.1424,-7.6921,13:15:00,2025-06-06 13:15:00
2025-06-06,S5,Germany,46.13,57.83,5.89,30.3,1.54,350,2.06,No,51.1657,10.4515,13:30:00,2025-06-06 13:30:00
2025-06-06,S2,Ireland,34.5,63.9,21.05,34.5,1.63,250,5.26,No,53.1424,-7.6921,13:45:00,2025-06-06 13:45:00
2025-06-06,S8,Germany,20.99,56.15,21.75,39.5,1.45,350,7.61,No,51.1657,10.4515,14:00:00,2025-06-06 14:00:00
2025-06-06,S12,Norway,64.61,82.79,23.09,30.5,1.4,50,1.15,No,60.472,8.4689,14:15:00,2025-06-06 14:15:00
2025-06-06,S11,Norway,73.11,49.22,5.89,39.3,1.54,50,0.29,No,60.472,8.4689,14:30:00,2025-06-06 14:30:00
2025-06-06,S4,Ireland,54.23,36.62,6.76,31.6,1.93,250,1.69,No,53.1424,-7.6921,14:45:00,2025-06-06 14:45:00
2025-06-06,S11,Norway,73.11,49.22,5.89,39.3,1.54,50,0.29,No,60.472,8.4689,15:00:00,2025-06-06 15:00:00
2025-06-06,S2,Ireland,34.5,63.9,21.05,34.5,1.63,250,5.26,No,53.1424,-7.6921,15:15:00,2025-06-06 15:15:00
2025-06-06,S2,Ireland,34.5,63.9,21.05,34.5,1.63,250,5.26,No,53.1424,-7.6921,15:30:00,2025-06-06 15:30:00
2025-06-06,S4,Ireland,54.23,36.62,6.76,31.6,1.93,250,1.69,No,53.1424,-7.6921,15:45:00,2025-06-06 15:45:00
2025-06-06,S7,Germany,36.02,55.46,12.8,31.6,1.59,350,4.48,No,51.1657,10.4515,16:00:00,2025-06-06 16:00:00
2025-06-06,S1,Norway,78.08,75.44,17.28,32.6,1.49,50,0.86,No,60.472,8.4689,16:15:00,2025-06-06 16:15:00
2025-06-06,S15,Germany,53.67,83.02,16.38,32.8,1.38,350,5.73,No,51.1657,10.4515,16:30:00,2025-06-06 16:30:00
2025-06-06,S5,Germany,46.13,57.83,5.89,30.3,1.54,350,2.06,No,51.1657,10.4515,16:45:00,2025-06-06 16:45:00
2025-06-06,S12,Norway,64.61,82.79,23.09,30.5,1.4,50,1.15,No,60.472,8.4689,17:00:00,2025-06-06 17:00:00
2025-06-06,S13,Norway,60.53,52.05,20.63,35.5,1.69,50,1.03,No,60.472,8.4689,17:15:00,2025-06-06 17:15:00
2025-06-06,S13,Norway,60.53,52.05,20.63,35.5,1.69,50,1.03,No,60.472,8.4689,17:30:00,2025-06-06 17:30:00
2025-06-06,S12,Norway,64.61,82.79,23.09,30.5,1.4,50,1.15,No,60.472,8.4689,17:45:00,2025-06-06 17:45:00
2025-06-06,S8,Germany,20.99,56.15,21.75,39.5,1.45,350,7.61,No,51.1657,10.4515,18:00:00,2025-06-06 18:00:00
2025-06-06,S6,Norway,27.4,73.53,5.8,31.7,1.32,50,0.29,No,60.472,8.4689,18:15:00,2025-06-06 18:15:00
2025-06-06,S11,Norway,73.11,49.22,5.89,39.3,1.54,50,0.29,No,60.472,8.4689,18:30:00,2025-06-06 18:30:00
2025-06-06,S3,Ireland,74.76,63.46,18.31,35.1,1.27,250,4.58,No,53.1424,-7.6921,18:45:00,2025-06-06 18:45:00
2025-06-06,S5,Germany,46.13,57.83,5.89,30.3,1.54,350,2.06,No,51.1657,10.4515,19:00:00,2025-06-06 19:00:00
2025-06-06,S5,Germany,46.13,57.83,5.89,30.3,1.54,350,2.06,No,51.1657,10.4515,19:15:00,2025-06-06 19:15:00
2025-06-06,S3,Ireland,74.76,63.46,18.31,35.1,1.27,250,4.58,No,53.1424,-7.6921,19:30:00,2025-06-06 19:30:00
2025-06-06,S10,Germany,73.66,49.58,24.03,27.4,1.47,350,8.41,No,51.1657,10.4515,19:45:00,2025-06-06 19:45:00
2025-06-06,S15,Germany,53.67,83.02,16.38,32.8,1.38,350,5.73,No,51.1657,10.4515,20:00:00,2025-06-06 20:00:00
2025-06-06,S3,Ireland,74.76,63.46,18.31,35.1,1.27,250,4.58,No,53.1424,-7.6921,20:15:00,2025-06-06 20:15:00
2025-06-06,S12,Norway,64.61,82.79,23.09,30.5,1.4,50,1.15,No,60.472,8.4689,20:30:00,2025-06-06 20:30:00
2025-06-06,S13,Norway,60.53,52.05,20.63,35.5,1.69,50,1.03,No,60.472,8.4689,20:45:00,2025-06-06 20:45:00
2025-06-06,S13,Norway,60.53,52.05,20.63,35.5,1.69,50,1.03,No,60.472,8.4689,21:00:00,2025-06-06 21:00:00
2025-06-06,S2,Ireland,34.5,63.9,21.05,34.5,1.63,250,5.26,No,53.1424,-7.6921,21:15:00,2025-06-06 21:15:00
2025-06-06,S5,Germany,46.13,57.83,5.89,30.3,1.54,350,2.06,No,51.1657,10.4515,21:30:00,2025-06-06 21:30:00
2025-06-06,S11,Norway,73.11,49.22,5.89,39.3,1.54,50,0.29,No,60.472,8.4689,21:45:00,2025-06-06 21:45:00
2025-06-06,S10,Germany,73.66,49.58,24.03,27.4,1.47,350,8.41,No,51.1657,10.4515,22:00:00,2025-06-06 22:00:00
2025-06-06,S1,Norway,78.08,75.44,17.28,32.6,1.49,50,0.86,No,60.472,8.4689,22:15:00,2025-06-06 22:15:00
2025-06-06,S6,Norway,27.4,73.53,5.8,31.7,1.32,50,0.29,No,60.472,8.4689,22:30:00,2025-06-06 22:30:00
2025-06-06,S11,Norway,73.11,49.22,5.89,39.3,1.54,50,0.29,No,60.472,8.4689,22:45:00,2025-06-06 22:45:00
2025-06-06,S13,Norway,60.53,52.05,20.63,35.5,1.69,50,1.03,No,60.472,8.4689,23:00:00,2025-06-06 23:00:00
2025-06-06,S13,Norway,60.53,52.05,20.63,35.5,1.69,50,1.03,No,60.472,8.4689,23:15:00,2025-06-06 23:15:00
2025-06-06,S1,Norway,78.08,75.44,17.28,32.6,1.49,50,0.86,No,60.472,8.4689,23:30:00,2025-06-06 23:30:00
2025-06-06,S3,Ireland,74.76,63.46,18.31,35.1,1.27,250,4.58,No,53.1424,-7.6921,23:45:00,2025-06-06 23:45:00
2025-06-07,S8,Germany,38.27,37.94,5.63,31.7,1.85,350,1.97,No,51.1657,10.4515,00:00:00,2025-06-07 00:00:00
2025-06-07,S2,Ireland,11.3,75.25,14.64,32.2,1.87,250,3.66,No,53.1424,-7.6921,00:15:00,2025-06-07 00:15:00
2025-06-07,S14,Ireland,86.63,66.08,15.01,36.0,1.31,250,3.75,No,53.1424,-7.6921,00:30:00,2025-06-07 00:30:00
2025-06-07,S4,Ireland,59.34,57.26,11.59,28.0,1.58,250,2.9,No,53.1424,-7.6921,00:45:00,2025-06-07 00:45:00
2025-06-07,S9,Ireland,47.58,94.01,20.22,26.1,1.51,250,5.05,No,53.1424,-7.6921,01:00:00,2025-06-07 01:00:00
2025-06-07,S3,Ireland,85.01,46.21,9.62,28.9,1.45,250,2.4,No,53.1424,-7.6921,01:15:00,2025-06-07 01:15:00
2025-06-07,S1,Norway,63.2,77.27,19.82,29.7,1.79,50,0.99,No,60.472,8.4689,01:30:00,2025-06-07 01:30:00
2025-06-07,S13,Norway,20.09,88.73,10.59,25.0,1.42,50,0.53,No,60.472,8.4689,01:45:00,2025-06-07 01:45:00
2025-06-07,S7,Germany,42.13,34.54,13.72,35.5,1.3,350,4.8,No,51.1657,10.4515,02:00:00,2025-06-07 02:00:00
2025-06-07,S14,Ireland,86.63,66.08,15.01,36.0,1.31,250,3.75,No,53.1424,-7.6921,02:15:00,2025-06-07 02:15:00
2025-06-07,S5,Germany,84.04,50.34,16.83,33.3,1.76,350,5.89,No,51.1657,10.4515,02:30:00,2025-06-07 02:30:00
2025-06-07,S1,Norway,63.2,77.27,19.82,29.7,1.79,50,0.99,No,60.472,8.4689,02:45:00,2025-06-07 02:45:00
2025-06-07,S6,Norway,60.49,85.04,19.66,37.7,1.35,50,0.98,No,60.472,8.4689,03:00:00,2025-06-07 03:00:00
2025-06-07,S14,Ireland,86.63,66.08,15.01,36.0,1.31,250,3.75,No,53.1424,-7.6921,03:15:00,2025-06-07 03:15:00
2025-06-07,S8,Germany,38.27,37.94,5.63,31.7,1.85,350,1.97,No,51.1657,10.4515,03:30:00,2025-06-07 03:30:00
2025-06-07,S7,Germany,42.13,34.54,13.72,35.5,1.3,350,4.8,No,51.1657,10.4515,03:45:00,2025-06-07 03:45:00
2025-06-07,S10,Germany,34.56,42.58,18.42,28.0,1.73,350,6.45,No,51.1657,10.4515,04:00:00,2025-06-07 04:00:00
2025-06-07,S4,Ireland,59.34,57.26,11.59,28.0,1.58,250,2.9,No,53.1424,-7.6921,04:15:00,2025-06-07 04:15:00
2025-06-07,S2,Ireland,11.3,75.25,14.64,32.2,1.87,250,3.66,No,53.1424,-7.6921,04:30:00,2025-06-07 04:30:00
2025-06-07,S1,Norway,63.2,77.27,19.82,29.7,1.79,50,0.99,No,60.472,8.4689,04:45:00,2025-06-07 04:45:00
2025-06-07,S5,Germany,84.04,50.34,16.83,33.3,1.76,350,5.89,No,51.1657,10.4515,05:00:00,2025-06-07 05:00:00
2025-06-07,S6,Norway,60.49,85.04,19.66,37.7,1.35,50,0.98,No,60.472,8.4689,05:15:00,2025-06-07 05:15:00
2025-06-07,S8,Germany,38.27,37.94,5.63,31.7,1.85,350,1.97,No,51.1657,10.4515,05:30:00,2025-06-07 05:30:00
2025-06-07,S1,Norway,63.2,77.27,19.82,29.7,1.79,50,0.99,No,60.472,8.4689,05:45:00,2025-06-07 05:45:00
2025-06-07,S11,Norway,20.86,24.74,24.98,32.7,1.29,50,1.25,No,60.472,8.4689,06:00:00,2025-06-07 06:00:00
2025-06-07,S7,Germany,42.13,34.54,13.72,35.5,1.3,350,4.8,No,51.1657,10.4515,06:15:00,2025-06-07 06:15:00
2025-06-07,S7,Germany,42.13,34.54,13.72,35.5,1.3,350,4.8,No,51.1657,10.4515,06:30:00,2025-06-07 06:30:00
2025-06-07,S6,Norway,60.49,85.04,19.66,37.7,1.35,50,0.98,No,60.472,8.4689,06:45:00,2025-06-07 06:45:00
2025-06-07,S9,Ireland,47.58,94.01,20.22,26.1,1.51,250,5.05,No,53.1424,-7.6921,07:00:00,2025-06-07 07:00:00
2025-06-07,S15,Germany,68.96,39.62,12.2,36.6,1.74,350,4.27,No,51.1657,10.4515,07:15:00,2025-06-07 07:15:00
2025-06-07,S1,Norway,63.2,77.27,19.82,29.7,1.79,50,0.99,No,60.472,8.4689,07:30:00,2025-06-07 07:30:00
2025-06-07,S13,Norway,20.09,88.73,10.59,25.0,1.42,50,0.53,No,60.472,8.4689,07:45:00,2025-06-07 07:45:00
2025-06-07,S5,Germany,84.04,50.34,16.83,33.3,1.76,350,5.89,No,51.1657,10.4515,08:00:00,2025-06-07 08:00:00
2025-06-07,S14,Ireland,86.63,66.08,15.01,36.0,1.31,250,3.75,No,53.1424,-7.6921,08:15:00,2025-06-07 08:15:00
2025-06-07,S14,Ireland,86.63,66.08,15.01,36.0,1.31,250,3.75,No,53.1424,-7.6921,08:30:00,2025-06-07 08:30:00
2025-06-07,S5,Germany,84.04,50.34,16.83,33.3,1.76,350,5.89,No,51.1657,10.4515,08:45:00,2025-06-07 08:45:00
2025-06-07,S4,Ireland,59.34,57.26,11.59,28.0,1.58,250,2.9,No,53.1424,-7.6921,09:00:00,2025-06-07 09:00:00
2025-06-07,S4,Ireland,59.34,57.26,11.59,28.0,1.58,250,2.9,No,53.1424,-7.6921,09:15:00,2025-06-07 09:15:00
2025-06-07,S5,Germany,84.04,50.34,16.83,33.3,1.76,350,5.89,No,51.1657,10.4515,09:30:00,2025-06-07 09:30:00
2025-06-07,S15,Germany,68.96,39.62,12.2,36.6,1.74,350,4.27,No,51.1657,10.4515,09:45:00,2025-06-07 09:45:00
2025-06-07,S5,Germany,84.04,50.34,16.83,33.3,1.76,350,5.89,No,51.1657,10.4515,10:00:00,2025-06-07 10:00:00
2025-06-07,S15,Germany,68.96,39.62,12.2,36.6,1.74,350,4.27,No,51.1657,10.4515,10:15:00,2025-06-07 10:15:00
2025-06-07,S7,Germany,42.13,34.54,13.72,35.5,1.3,350,4.8,No,51.1657,10.4515,10:30:00,2025-06-07 10:30:00
2025-06-07,S5,Germany,84.04,50.34,16.83,33.3,1.76,350,5.89,No,51.1657,10.4515,10:45:00,2025-06-07 10:45:00
2025-06-07,S9,Ireland,47.58,94.01,20.22,26.1,1.51,250,5.05,No,53.1424,-7.6921,11:00:00,2025-06-07 11:00:00
2025-06-07,S10,Germany,34.56,42.58,18.42,28.0,1.73,350,6.45,No,51.1657,10.4515,11:15:00,2025-06-07 11:15:00
2025-06-07,S14,Ireland,86.63,66.08,15.01,36.0,1.31,250,3.75,No,53.1424,-7.6921,11:30:00,2025-06-07 11:30:00
2025-06-07,S12,Norway,18.85,57.17,18.49,39.3,1.65,50,0.92,No,60.472,8.4689,11:45:00,2025-06-07 11:45:00
2025-06-07,S12,Norway,18.85,57.17,18.49,39.3,1.65,50,0.92,No,60.472,8.4689,12:00:00,2025-06-07 12:00:00
2025-06-07,S9,Ireland,47.58,94.01,20.22,26.1,1.51,250,5.05,No,53.1424,-7.6921,12:15:00,2025-06-07 12:15:00
2025-06-07,S4,Ireland,59.34,57.26,11.59,28.0,1.58,250,2.9,No,53.1424,-7.6921,12:30:00,2025-06-07 12:30:00
2025-06-07,S11,Norway,20.86,24.74,24.98,32.7,1.29,50,1.25,No,60.472,8.4689,12:45:00,2025-06-07 12:45:00
2025-06-07,S10,Germany,34.56,42.58,18.42,28.0,1.73,350,6.45,No,51.1657,10.4515,13:00:00,2025-06-07 13:00:00
2025-06-07,S8,Germany,38.27,37.94,5.63,31.7,1.85,350,1.97,No,51.1657,10.4515,13:15:00,2025-06-07 13:15:00
2025-06-07,S12,Norway,18.85,57.17,18.49,39.3,1.65,50,0.92,No,60.472,8.4689,13:30:00,2025-06-07 13:30:00
2025-06-07,S15,Germany,68.96,39.62,12.2,36.6,1.74,350,4.27,No,51.1657,10.4515,13:45:00,2025-06-07 13:45:00
2025-06-07,S4,Ireland,59.34,57.26,11.59,28.0,1.58,250,2.9,No,53.1424,-7.6921,14:00:00,2025-06-07 14:00:00
2025-06-07,S13,Norway,20.09,88.73,10.59,25.0,1.42,50,0.53,No,60.472,8.4689,14:15:00,2025-06-07 14:15:00
2025-06-07,S3,Ireland,85.01,46.21,9.62,28.9,1.45,250,2.4,No,53.1424,-7.6921,14:30:00,2025-06-07 14:30:00
2025-06-07,S5,Germany,84.04,50.34,16.83,33.3,1.76,350,5.89,No,51.1657,10.4515,14:45:00,2025-06-07 14:45:00
2025-06-07,S1,Norway,63.2,77.27,19.82,29.7,1.79,50,0.99,No,60.472,8.4689,15:00:00,2025-06-07 15:00:00
2025-06-07,S1,Norway,63.2,77.27,19.82,29.7,1.79,50,0.99,No,60.472,8.4689,15:15:00,2025-06-07 15:15:00
2025-06-07,S13,Norway,20.09,88.73,10.59,25.0,1.42,50,0.53,No,60.472,8.4689,15:30:00,2025-06-07 15:30:00
2025-06-07,S1,Norway,63.2,77.27,19.82,29.7,1.79,50,0.99,No,60.472,8.4689,15:45:00,2025-06-07 15:45:00
2025-06-07,S10,Germany,34.56,42.58,18.42,28.0,1.73,350,6.45,No,51.1657,10.4515,16:00:00,2025-06-07 16:00:00
2025-06-07,S15,Germany,68.96,39.62,12.2,36.6,1.74,350,4.27,No,51.1657,10.4515,16:15:00,2025-06-07 16:15:00
2025-06-07,S5,Germany,84.04,50.34,16.83,33.3,1.76,350,5.89,No,51.1657,10.4515,16:30:00,2025-06-07 16:30:00
2025-06-07,S13,Norway,20.09,88.73,10.59,25.0,1.42,50,0.53,No,60.472,8.4689,16:45:00,2025-06-07 16:45:00
2025-06-07,S4,Ireland,59.34,57.26,11.59,28.0,1.58,250,2.9,No,53.1424,-7.6921,17:00:00,2025-06-07 17:00:00
2025-06-07,S4,Ireland,59.34,57.26,11.59,28.0,1.58,250,2.9,No,53.1424,-7.6921,17:15:00,2025-06-07 17:15:00
2025-06-07,S2,Ireland,11.3,75.25,14.64,32.2,1.87,250,3.66,No,53.1424,-7.6921,17:30:00,2025-06-07 17:30:00
2025-06-07,S1,Norway,63.2,77.27,19.82,29.7,1.79,50,0.99,No,60.472,8.4689,17:45:00,2025-06-07 17:45:00
2025-06-07,S12,Norway,18.85,57.17,18.49,39.3,1.65,50,0.92,No,60.472,8.4689,18:00:00,2025-06-07 18:00:00
2025-06-07,S6,Norway,60.49,85.04,19.66,37.7,1.35,50,0.98,No,60.472,8.4689,18:15:00,2025-06-07 18:15:00
2025-06-07,S9,Ireland,47.58,94.01,20.22,26.1,1.51,250,5.05,No,53.1424,-7.6921,18:30:00,2025-06-07 18:30:00
2025-06-07,S8,Germany,38.27,37.94,5.63,31.7,1.85,350,1.97,No,51.1657,10.4515,18:45:00,2025-06-07 18:45:00
2025-06-07,S1,Norway,63.2,77.27,19.82,29.7,1.79,50,0.99,No,60.472,8.4689,19:00:00,2025-06-07 19:00:00
2025-06-07,S5,Germany,84.04,50.34,16.83,33.3,1.76,350,5.89,No,51.1657,10.4515,19:15:00,2025-06-07 19:15:00
2025-06-07,S15,Germany,68.96,39.62,12.2,36.6,1.74,350,4.27,No,51.1657,10.4515,19:30:00,2025-06-07 19:30:00
2025-06-07,S5,Germany,84.04,50.34,16.83,33.3,1.76,350,5.89,No,51.1657,10.4515,19:45:00,2025-06-07 19:45:00
2025-06-07,S7,Germany,42.13,34.54,13.72,35.5,1.3,350,4.8,No,51.1657,10.4515,20:00:00,2025-06-07 20:00:00
2025-06-07,S8,Germany,38.27,37.94,5.63,31.7,1.85,350,1.97,No,51.1657,10.4515,20:15:00,2025-06-07 20:15:00
2025-06-07,S10,Germany,34.56,42.58,18.42,28.0,1.73,350,6.45,No,51.1657,10.4515,20:30:00,2025-06-07 20:30:00
2025-06-07,S14,Ireland,86.63,66.08,15.01,36.0,1.31,250,3.75,No,53.1424,-7.6921,20:45:00,2025-06-07 20:45:00
2025-06-07,S1,Norway,63.2,77.27,19.82,29.7,1.79,50,0.99,No,60.472,8.4689,21:00:00,2025-06-07 21:00:00
2025-06-07,S4,Ireland,59.34,57.26,11.59,28.0,1.58,250,2.9,No,53.1424,-7.6921,21:15:00,2025-06-07 21:15:00
2025-06-07,S13,Norway,20.09,88.73,10.59,25.0,1.42,50,0.53,No,60.472,8.4689,21:30:00,2025-06-07 21:30:00
2025-06-07,S15,Germany,68.96,39.62,12.2,36.6,1.74,350,4.27,No,51.1657,10.4515,21:45:00,2025-06-07 21:45:00
2025-06-07,S6,Norway,60.49,85.04,19.66,37.7,1.35,50,0.98,No,60.472,8.4689,22:00:00,2025-06-07 22:00:00
2025-06-07,S6,Norway,60.49,85.04,19.66,37.7,1.35,50,0.98,No,60.472,8.4689,22:15:00,2025-06-07 22:15:00
2025-06-07,S11,Norway,20.86,24.74,24.98,32.7,1.29,50,1.25,No,60.472,8.4689,22:30:00,2025-06-07 22:30:00
2025-06-07,S14,Ireland,86.63,66.08,15.01,36.0,1.31,250,3.75,No,53.1424,-7.6921,22:45:00,2025-06-07 22:45:00
2025-06-07,S1,Norway,63.2,77.27,19.82,29.7,1.79,50,0.99,No,60.472,8.4689,23:00:00,2025-06-07 23:00:00
2025-06-07,S15,Germany,68.96,39.62,12.2,36.6,1.74,350,4.27,No,51.1657,10.4515,23:15:00,2025-06-07 23:15:00
2025-06-07,S6,Norway,60.49,85.04,19.66,37.7,1.35,50,0.98,No,60.472,8.4689,23:30:00,2025-06-07 23:30:00
2025-06-07,S5,Germany,84.04,50.34,16.83,33.3,1.76,350,5.89,No,51.1657,10.4515,23:45:00,2025-06-07 23:45:00
2025-06-08,S2,Ireland,20.62,63.81,16.01,28.2,1.27,250,4.0,No,53.1424,-7.6921,00:00:00,2025-06-08 00:00:00
2025-06-08,S1,Norway,73.76,39.23,14.24,27.7,1.77,50,0.71,No,60.472,8.4689,00:15:00,2025-06-08 00:15:00
2025-06-08,S8,Germany,13.08,92.79,14.16,28.0,1.52,350,4.96,No,51.1657,10.4515,00:30:00,2025-06-08 00:30:00
2025-06-08,S12,Norway,82.0,34.46,12.42,25.9,1.85,50,0.62,No,60.472,8.4689,00:45:00,2025-06-08 00:45:00
2025-06-08,S12,Norway,82.0,34.46,12.42,25.9,1.85,50,0.62,No,60.472,8.4689,01:00:00,2025-06-08 01:00:00
2025-06-08,S11,Norway,69.78,50.9,5.41,31.5,1.83,50,0.27,No,60.472,8.4689,01:15:00,2025-06-08 01:15:00
2025-06-08,S3,Ireland,23.68,62.28,23.92,31.6,1.37,250,5.98,No,53.1424,-7.6921,01:30:00,2025-06-08 01:30:00
2025-06-08,S9,Ireland,60.08,83.97,19.62,33.1,1.32,250,4.91,No,53.1424,-7.6921,01:45:00,2025-06-08 01:45:00
2025-06-08,S4,Ireland,40.74,69.14,19.45,26.7,1.26,250,4.86,No,53.1424,-7.6921,02:00:00,2025-06-08 02:00:00
2025-06-08,S4,Ireland,40.74,69.14,19.45,26.7,1.26,250,4.86,No,53.1424,-7.6921,02:15:00,2025-06-08 02:15:00
2025-06-08,S11,Norway,69.78,50.9,5.41,31.5,1.83,50,0.27,No,60.472,8.4689,02:30:00,2025-06-08 02:30:00
2025-06-08,S6,Norway,78.36,37.22,5.44,34.4,1.45,50,0.27,No,60.472,8.4689,02:45:00,2025-06-08 02:45:00
2025-06-08,S11,Norway,69.78,50.9,5.41,31.5,1.83,50,0.27,No,60.472,8.4689,03:00:00,2025-06-08 03:00:00
2025-06-08,S11,Norway,69.78,50.9,5.41,31.5,1.83,50,0.27,No,60.472,8.4689,03:15:00,2025-06-08 03:15:00
2025-06-08,S8,Germany,13.08,92.79,14.16,28.0,1.52,350,4.96,No,51.1657,10.4515,03:30:00,2025-06-08 03:30:00
2025-06-08,S15,Germany,47.33,86.38,9.01,34.9,1.53,350,3.15,No,51.1657,10.4515,03:45:00,2025-06-08 03:45:00
2025-06-08,S8,Germany,13.08,92.79,14.16,28.0,1.52,350,4.96,No,51.1657,10.4515,04:00:00,2025-06-08 04:00:00
2025-06-08,S10,Germany,36.69,26.63,16.18,26.4,1.85,350,5.66,No,51.1657,10.4515,04:15:00,2025-06-08 04:15:00
2025-06-08,S12,Norway,82.0,34.46,12.42,25.9,1.85,50,0.62,No,60.472,8.4689,04:30:00,2025-06-08 04:30:00
2025-06-08,S13,Norway,83.16,26.5,7.48,25.3,1.71,50,0.37,No,60.472,8.4689,04:45:00,2025-06-08 04:45:00
2025-06-08,S13,Norway,83.16,26.5,7.48,25.3,1.71,50,0.37,No,60.472,8.4689,05:00:00,2025-06-08 05:00:00
2025-06-08,S11,Norway,69.78,50.9,5.41,31.5,1.83,50,0.27,No,60.472,8.4689,05:15:00,2025-06-08 05:15:00
2025-06-08,S2,Ireland,20.62,63.81,16.01,28.2,1.27,250,4.0,No,53.1424,-7.6921,05:30:00,2025-06-08 05:30:00
2025-06-08,S3,Ireland,23.68,62.28,23.92,31.6,1.37,250,5.98,No,53.1424,-7.6921,05:45:00,2025-06-08 05:45:00
2025-06-08,S5,Germany,51.1,44.66,15.93,36.5,1.58,350,5.58,No,51.1657,10.4515,06:00:00,2025-06-08 06:00:00
2025-06-08,S7,Germany,78.74,66.09,17.13,33.9,1.32,350,6.0,No,51.1657,10.4515,06:15:00,2025-06-08 06:15:00
2025-06-08,S4,Ireland,40.74,69.14,19.45,26.7,1.26,250,4.86,No,53.1424,-7.6921,06:30:00,2025-06-08 06:30:00
2025-06-08,S15,Germany,47.33,86.38,9.01,34.9,1.53,350,3.15,No,51.1657,10.4515,06:45:00,2025-06-08 06:45:00
2025-06-08,S4,Ireland,40.74,69.14,19.45,26.7,1.26,250,4.86,No,53.1424,-7.6921,07:00:00,2025-06-08 07:00:00
2025-06-08,S7,Germany,78.74,66.09,17.13,33.9,1.32,350,6.0,No,51.1657,10.4515,07:15:00,2025-06-08 07:15:00
2025-06-08,S8,Germany,13.08,92.79,14.16,28.0,1.52,350,4.96,No,51.1657,10.4515,07:30:00,2025-06-08 07:30:00
2025-06-08,S5,Germany,51.1,44.66,15.93,36.5,1.58,350,5.58,No,51.1657,10.4515,07:45:00,2025-06-08 07:45:00
2025-06-08,S14,Ireland,47.98,22.28,21.9,34.6,1.4,250,5.47,No,53.1424,-7.6921,08:00:00,2025-06-08 08:00:00
2025-06-08,S5,Germany,51.1,44.66,15.93,36.5,1.58,350,5.58,No,51.1657,10.4515,08:15:00,2025-06-08 08:15:00
2025-06-08,S15,Germany,47.33,86.38,9.01,34.9,1.53,350,3.15,No,51.1657,10.4515,08:30:00,2025-06-08 08:30:00
2025-06-08,S11,Norway,69.78,50.9,5.41,31.5,1.83,50,0.27,No,60.472,8.4689,08:45:00,2025-06-08 08:45:00
2025-06-08,S11,Norway,69.78,50.9,5.41,31.5,1.83,50,0.27,No,60.472,8.4689,09:00:00,2025-06-08 09:00:00
2025-06-08,S12,Norway,82.0,34.46,12.42,25.9,1.85,50,0.62,No,60.472,8.4689,09:15:00,2025-06-08 09:15:00
2025-06-08,S6,Norway,78.36,37.22,5.44,34.4,1.45,50,0.27,No,60.472,8.4689,09:30:00,2025-06-08 09:30:00
2025-06-08,S6,Norway,78.36,37.22,5.44,34.4,1.45,50,0.27,No,60.472,8.4689,09:45:00,2025-06-08 09:45:00
2025-06-08,S15,Germany,47.33,86.38,9.01,34.9,1.53,350,3.15,No,51.1657,10.4515,10:00:00,2025-06-08 10:00:00
2025-06-08,S2,Ireland,20.62,63.81,16.01,28.2,1.27,250,4.0,No,53.1424,-7.6921,10:15:00,2025-06-08 10:15:00
2025-06-08,S15,Germany,47.33,86.38,9.01,34.9,1.53,350,3.15,No,51.1657,10.4515,10:30:00,2025-06-08 10:30:00
2025-06-08,S13,Norway,83.16,26.5,7.48,25.3,1.71,50,0.37,No,60.472,8.4689,10:45:00,2025-06-08 10:45:00
2025-06-08,S14,Ireland,47.98,22.28,21.9,34.6,1.4,250,5.47,No,53.1424,-7.6921,11:00:00,2025-06-08 11:00:00
2025-06-08,S6,Norway,78.36,37.22,5.44,34.4,1.45,50,0.27,No,60.472,8.4689,11:15:00,2025-06-08 11:15:00
2025-06-08,S2,Ireland,20.62,63.81,16.01,28.2,1.27,250,4.0,No,53.1424,-7.6921,11:30:00,2025-06-08 11:30:00
2025-06-08,S13,Norway,83.16,26.5,7.48,25.3,1.71,50,0.37,No,60.472,8.4689,11:45:00,2025-06-08 11:45:00
2025-06-08,S4,Ireland,40.74,69.14,19.45,26.7,1.26,250,4.86,No,53.1424,-7.6921,12:00:00,2025-06-08 12:00:00
2025-06-08,S12,Norway,82.0,34.46,12.42,25.9,1.85,50,0.62,No,60.472,8.4689,12:15:00,2025-06-08 12:15:00
2025-06-08,S7,Germany,78.74,66.09,17.13,33.9,1.32,350,6.0,No,51.1657,10.4515,12:30:00,2025-06-08 12:30:00
2025-06-08,S12,Norway,82.0,34.46,12.42,25.9,1.85,50,0.62,No,60.472,8.4689,12:45:00,2025-06-08 12:45:00
2025-06-08,S2,Ireland,20.62,63.81,16.01,28.2,1.27,250,4.0,No,53.1424,-7.6921,13:00:00,2025-06-08 13:00:00
2025-06-08,S2,Ireland,20.62,63.81,16.01,28.2,1.27,250,4.0,No,53.1424,-7.6921,13:15:00,2025-06-08 13:15:00
2025-06-08,S5,Germany,51.1,44.66,15.93,36.5,1.58,350,5.58,No,51.1657,10.4515,13:30:00,2025-06-08 13:30:00
2025-06-08,S5,Germany,51.1,44.66,15.93,36.5,1.58,350,5.58,No,51.1657,10.4515,13:45:00,2025-06-08 13:45:00
2025-06-08,S4,Ireland,40.74,69.14,19.45,26.7,1.26,250,4.86,No,53.1424,-7.6921,14:00:00,2025-06-08 14:00:00
2025-06-08,S11,Norway,69.78,50.9,5.41,31.5,1.83,50,0.27,No,60.472,8.4689,14:15:00,2025-06-08 14:15:00
2025-06-08,S1,Norway,73.76,39.23,14.24,27.7,1.77,50,0.71,No,60.472,8.4689,14:30:00,2025-06-08 14:30:00
2025-06-08,S14,Ireland,47.98,22.28,21.9,34.6,1.4,250,5.47,No,53.1424,-7.6921,14:45:00,2025-06-08 14:45:00
2025-06-08,S11,Norway,69.78,50.9,5.41,31.5,1.83,50,0.27,No,60.472,8.4689,15:00:00,2025-06-08 15:00:00
2025-06-08,S5,Germany,51.1,44.66,15.93,36.5,1.58,350,5.58,No,51.1657,10.4515,15:15:00,2025-06-08 15:15:00
2025-06-08,S8,Germany,13.08,92.79,14.16,28.0,1.52,350,4.96,No,51.1657,10.4515,15:30:00,2025-06-08 15:30:00
2025-06-08,S5,Germany,51.1,44.66,15.93,36.5,1.58,350,5.58,No,51.1657,10.4515,15:45:00,2025-06-08 15:45:00
2025-06-08,S12,Norway,82.0,34.46,12.42,25.9,1.85,50,0.62,No,60.472,8.4689,16:00:00,2025-06-08 16:00:00
2025-06-08,S7,Germany,78.74,66.09,17.13,33.9,1.32,350,6.0,No,51.1657,10.4515,16:15:00,2025-06-08 16:15:00
2025-06-08,S7,Germany,78.74,66.09,17.13,33.9,1.32,350,6.0,No,51.1657,10.4515,16:30:00,2025-06-08 16:30:00
2025-06-08,S12,Norway,82.0,34.46,12.42,25.9,1.85,50,0.62,No,60.472,8.4689,16:45:00,2025-06-08 16:45:00
2025-06-08,S14,Ireland,47.98,22.28,21.9,34.6,1.4,250,5.47,No,53.1424,-7.6921,17:00:00,2025-06-08 17:00:00
2025-06-08,S8,Germany,13.08,92.79,14.16,28.0,1.52,350,4.96,No,51.1657,10.4515,17:15:00,2025-06-08 17:15:00
2025-06-08,S8,Germany,13.08,92.79,14.16,28.0,1.52,350,4.96,No,51.1657,10.4515,17:30:00,2025-06-08 17:30:00
2025-06-08,S3,Ireland,23.68,62.28,23.92,31.6,1.37,250,5.98,No,53.1424,-7.6921,17:45:00,2025-06-08 17:45:00
2025-06-08,S14,Ireland,47.98,22.28,21.9,34.6,1.4,250,5.47,No,53.1424,-7.6921,18:00:00,2025-06-08 18:00:00
2025-06-08,S5,Germany,51.1,44.66,15.93,36.5,1.58,350,5.58,No,51.1657,10.4515,18:15:00,2025-06-08 18:15:00
2025-06-08,S1,Norway,73.76,39.23,14.24,27.7,1.77,50,0.71,No,60.472,8.4689,18:30:00,2025-06-08 18:30:00
2025-06-08,S12,Norway,82.0,34.46,12.42,25.9,1.85,50,0.62,No,60.472,8.4689,18:45:00,2025-06-08 18:45:00
2025-06-08,S8,Germany,13.08,92.79,14.16,28.0,1.52,350,4.96,No,51.1657,10.4515,19:00:00,2025-06-08 19:00:00
2025-06-08,S6,Norway,78.36,37.22,5.44,34.4,1.45,50,0.27,No,60.472,8.4689,19:15:00,2025-06-08 19:15:00
2025-06-08,S4,Ireland,40.74,69.14,19.45,26.7,1.26,250,4.86,No,53.1424,-7.6921,19:30:00,2025-06-08 19:30:00
2025-06-08,S4,Ireland,40.74,69.14,19.45,26.7,1.26,250,4.86,No,53.1424,-7.6921,19:45:00,2025-06-08 19:45:00
2025-06-08,S13,Norway,83.16,26.5,7.48,25.3,1.71,50,0.37,No,60.472,8.4689,20:00:00,2025-06-08 20:00:00
2025-06-08,S15,Germany,47.33,86.38,9.01,34.9,1.53,350,3.15,No,51.1657,10.4515,20:15:00,2025-06-08 20:15:00
2025-06-08,S15,Germany,47.33,86.38,9.01,34.9,1.53,350,3.15,No,51.1657,10.4515,20:30:00,2025-06-08 20:30:00
2025-06-08,S12,Norway,82.0,34.46,12.42,25.9,1.85,50,0.62,No,60.472,8.4689,20:45:00,2025-06-08 20:45:00
2025-06-08,S15,Germany,47.33,86.38,9.01,34.9,1.53,350,3.15,No,51.1657,10.4515,21:00:00,2025-06-08 21:00:00
2025-06-08,S6,Norway,78.36,37.22,5.44,34.4,1.45,50,0.27,No,60.472,8.4689,21:15:00,2025-06-08 21:15:00
2025-06-08,S2,Ireland,20.62,63.81,16.01,28.2,1.27,250,4.0,No,53.1424,-7.6921,21:30:00,2025-06-08 21:30:00
2025-06-08,S7,Germany,78.74,66.09,17.13,33.9,1.32,350,6.0,No,51.1657,10.4515,21:45:00,2025-06-08 21:45:00
2025-06-08,S1,Norway,73.76,39.23,14.24,27.7,1.77,50,0.71,No,60.472,8.4689,22:00:00,2025-06-08 22:00:00
2025-06-08,S12,Norway,82.0,34.46,12.42,25.9,1.85,50,0.62,No,60.472,8.4689,22:15:00,2025-06-08 22:15:00
2025-06-08,S14,Ireland,47.98,22.28,21.9,34.6,1.4,250,5.47,No,53.1424,-7.6921,22:30:00,2025-06-08 22:30:00
2025-06-08,S14,Ireland,47.98,22.28,21.9,34.6,1.4,250,5.47,No,53.1424,-7.6921,22:45:00,2025-06-08 22:45:00
2025-06-08,S8,Germany,13.08,92.79,14.16,28.0,1.52,350,4.96,No,51.1657,10.4515,23:00:00,2025-06-08 23:00:00
2025-06-08,S2,Ireland,20.62,63.81,16.01,28.2,1.27,250,4.0,No,53.1424,-7.6921,23:15:00,2025-06-08 23:15:00
2025-06-08,S8,Germany,13.08,92.79,14.16,28.0,1.52,350,4.96,No,51.1657,10.4515,23:30:00,2025-06-08 23:30:00
2025-06-08,S11,Norway,69.78,50.9,5.41,31.5,1.83,50,0.27,No,60.472,8.4689,23:45:00,2025-06-08 23:45:00
2025-06-09,S11,Norway,51.45,49.84,23.87,28.6,1.94,50,1.19,No,60.472,8.4689,00:00:00,2025-06-09 00:00:00
2025-06-09,S5,Germany,25.37,71.55,16.27,27.2,1.59,350,5.69,No,51.1657,10.4515,00:15:00,2025-06-09 00:15:00
2025-06-09,S7,Germany,89.68,87.87,9.79,39.0,1.8,350,3.43,No,51.1657,10.4515,00:30:00,2025-06-09 00:30:00
2025-06-09,S9,Ireland,78.95,48.94,8.75,25.9,1.79,250,2.19,No,53.1424,-7.6921,00:45:00,2025-06-09 00:45:00
2025-06-09,S14,Ireland,35.29,32.73,13.6,36.1,1.35,250,3.4,No,53.1424,-7.6921,01:00:00,2025-06-09 01:00:00
2025-06-09,S15,Germany,40.23,77.3,10.05,39.7,1.67,350,3.52,No,51.1657,10.4515,01:15:00,2025-06-09 01:15:00
2025-06-09,S15,Germany,40.23,77.3,10.05,39.7,1.67,350,3.52,No,51.1657,10.4515,01:30:00,2025-06-09 01:30:00
2025-06-09,S9,Ireland,78.95,48.94,8.75,25.9,1.79,250,2.19,No,53.1424,-7.6921,01:45:00,2025-06-09 01:45:00
2025-06-09,S13,Norway,23.49,40.46,24.47,28.6,1.51,50,1.22,No,60.472,8.4689,02:00:00,2025-06-09 02:00:00
2025-06-09,S8,Germany,86.07,61.03,13.53,37.4,1.48,350,4.74,No,51.1657,10.4515,02:15:00,2025-06-09 02:15:00
2025-06-09,S10,Germany,26.42,38.44,19.67,31.4,1.27,350,6.88,No,51.1657,10.4515,02:30:00,2025-06-09 02:30:00
2025-06-09,S15,Germany,40.23,77.3,10.05,39.7,1.67,350,3.52,No,51.1657,10.4515,02:45:00,2025-06-09 02:45:00
2025-06-09,S9,Ireland,78.95,48.94,8.75,25.9,1.79,250,2.19,No,53.1424,-7.6921,03:00:00,2025-06-09 03:00:00
2025-06-09,S2,Ireland,45.82,22.57,14.15,32.7,1.69,250,3.54,No,53.1424,-7.6921,03:15:00,2025-06-09 03:15:00
2025-06-09,S9,Ireland,78.95,48.94,8.75,25.9,1.79,250,2.19,No,53.1424,-7.6921,03:30:00,2025-06-09 03:30:00
2025-06-09,S4,Ireland,66.57,44.99,13.55,31.1,1.98,250,3.39,No,53.1424,-7.6921,03:45:00,2025-06-09 03:45:00
2025-06-09,S11,Norway,51.45,49.84,23.87,28.6,1.94,50,1.19,No,60.472,8.4689,04:00:00,2025-06-09 04:00:00
2025-06-09,S15,Germany,40.23,77.3,10.05,39.7,1.67,350,3.52,No,51.1657,10.4515,04:15:00,2025-06-09 04:15:00
2025-06-09,S7,Germany,89.68,87.87,9.79,39.0,1.8,350,3.43,No,51.1657,10.4515,04:30:00,2025-06-09 04:30:00
2025-06-09,S15,Germany,40.23,77.3,10.05,39.7,1.67,350,3.52,No,51.1657,10.4515,04:45:00,2025-06-09 04:45:00
2025-06-09,S3,Ireland,37.66,93.38,23.21,35.1,1.66,250,5.8,No,53.1424,-7.6921,05:00:00,2025-06-09 05:00:00
2025-06-09,S10,Germany,26.42,38.44,19.67,31.4,1.27,350,6.88,No,51.1657,10.4515,05:15:00,2025-06-09 05:15:00
2025-06-09,S11,Norway,51.45,49.84,23.87,28.6,1.94,50,1.19,No,60.472,8.4689,05:30:00,2025-06-09 05:30:00
2025-06-09,S13,Norway,23.49,40.46,24.47,28.6,1.51,50,1.22,No,60.472,8.4689,05:45:00,2025-06-09 05:45:00
2025-06-09,S9,Ireland,78.95,48.94,8.75,25.9,1.79,250,2.19,No,53.1424,-7.6921,06:00:00,2025-06-09 06:00:00
2025-06-09,S6,Norway,40.72,75.92,16.19,33.8,1.25,50,0.81,No,60.472,8.4689,06:15:00,2025-06-09 06:15:00
2025-06-09,S14,Ireland,35.29,32.73,13.6,36.1,1.35,250,3.4,No,53.1424,-7.6921,06:30:00,2025-06-09 06:30:00
2025-06-09,S15,Germany,40.23,77.3,10.05,39.7,1.67,350,3.52,No,51.1657,10.4515,06:45:00,2025-06-09 06:45:00
2025-06-09,S6,Norway,40.72,75.92,16.19,33.8,1.25,50,0.81,No,60.472,8.4689,07:00:00,2025-06-09 07:00:00
2025-06-09,S8,Germany,86.07,61.03,13.53,37.4,1.48,350,4.74,No,51.1657,10.4515,07:15:00,2025-06-09 07:15:00
2025-06-09,S2,Ireland,45.82,22.57,14.15,32.7,1.69,250,3.54,No,53.1424,-7.6921,07:30:00,2025-06-09 07:30:00
2025-06-09,S10,Germany,26.42,38.44,19.67,31.4,1.27,350,6.88,No,51.1657,10.4515,07:45:00,2025-06-09 07:45:00
2025-06-09,S8,Germany,86.07,61.03,13.53,37.4,1.48,350,4.74,No,51.1657,10.4515,08:00:00,2025-06-09 08:00:00
2025-06-09,S12,Norway,76.9,73.73,8.95,26.3,1.74,50,0.45,No,60.472,8.4689,08:15:00,2025-06-09 08:15:00
2025-06-09,S7,Germany,89.68,87.87,9.79,39.0,1.8,350,3.43,No,51.1657,10.4515,08:30:00,2025-06-09 08:30:00
2025-06-09,S11,Norway,51.45,49.84,23.87,28.6,1.94,50,1.19,No,60.472,8.4689,08:45:00,2025-06-09 08:45:00
2025-06-09,S4,Ireland,66.57,44.99,13.55,31.1,1.98,250,3.39,No,53.1424,-7.6921,09:00:00,2025-06-09 09:00:00
2025-06-09,S9,Ireland,78.95,48.94,8.75,25.9,1.79,250,2.19,No,53.1424,-7.6921,09:15:00,2025-06-09 09:15:00
2025-06-09,S7,Germany,89.68,87.87,9.79,39.0,1.8,350,3.43,No,51.1657,10.4515,09:30:00,2025-06-09 09:30:00
2025-06-09,S8,Germany,86.07,61.03,13.53,37.4,1.48,350,4.74,No,51.1657,10.4515,09:45:00,2025-06-09 09:45:00
2025-06-09,S6,Norway,40.72,75.92,16.19,33.8,1.25,50,0.81,No,60.472,8.4689,10:00:00,2025-06-09 10:00:00
2025-06-09,S14,Ireland,35.29,32.73,13.6,36.1,1.35,250,3.4,No,53.1424,-7.6921,10:15:00,2025-06-09 10:15:00
2025-06-09,S11,Norway,51.45,49.84,23.87,28.6,1.94,50,1.19,No,60.472,8.4689,10:30:00,2025-06-09 10:30:00
2025-06-09,S5,Germany,25.37,71.55,16.27,27.2,1.59,350,5.69,No,51.1657,10.4515,10:45:00,2025-06-09 10:45:00
2025-06-09,S4,Ireland,66.57,44.99,13.55,31.1,1.98,250,3.39,No,53.1424,-7.6921,11:00:00,2025-06-09 11:00:00
2025-06-09,S3,Ireland,37.66,93.38,23.21,35.1,1.66,250,5.8,No,53.1424,-7.6921,11:15:00,2025-06-09 11:15:00
2025-06-09,S15,Germany,40.23,77.3,10.05,39.7,1.67,350,3.52,No,51.1657,10.4515,11:30:00,2025-06-09 11:30:00
2025-06-09,S11,Norway,51.45,49.84,23.87,28.6,1.94,50,1.19,No,60.472,8.4689,11:45:00,2025-06-09 11:45:00
2025-06-09,S3,Ireland,37.66,93.38,23.21,35.1,1.66,250,5.8,No,53.1424,-7.6921,12:00:00,2025-06-09 12:00:00
2025-06-09,S4,Ireland,66.57,44.99,13.55,31.1,1.98,250,3.39,No,53.1424,-7.6921,12:15:00,2025-06-09 12:15:00
2025-06-09,S2,Ireland,45.82,22.57,14.15,32.7,1.69,250,3.54,No,53.1424,-7.6921,12:30:00,2025-06-09 12:30:00
2025-06-09,S10,Germany,26.42,38.44,19.67,31.4,1.27,350,6.88,No,51.1657,10.4515,12:45:00,2025-06-09 12:45:00
2025-06-09,S11,Norway,51.45,49.84,23.87,28.6,1.94,50,1.19,No,60.472,8.4689,13:00:00,2025-06-09 13:00:00
2025-06-09,S7,Germany,89.68,87.87,9.79,39.0,1.8,350,3.43,No,51.1657,10.4515,13:15:00,2025-06-09 13:15:00
2025-06-09,S12,Norway,76.9,73.73,8.95,26.3,1.74,50,0.45,No,60.472,8.4689,13:30:00,2025-06-09 13:30:00
2025-06-09,S8,Germany,86.07,61.03,13.53,37.4,1.48,350,4.74,No,51.1657,10.4515,13:45:00,2025-06-09 13:45:00
2025-06-09,S10,Germany,26.42,38.44,19.67,31.4,1.27,350,6.88,No,51.1657,10.4515,14:00:00,2025-06-09 14:00:00
2025-06-09,S3,Ireland,37.66,93.38,23.21,35.1,1.66,250,5.8,No,53.1424,-7.6921,14:15:00,2025-06-09 14:15:00
2025-06-09,S12,Norway,76.9,73.73,8.95,26.3,1.74,50,0.45,No,60.472,8.4689,14:30:00,2025-06-09 14:30:00
2025-06-09,S12,Norway,76.9,73.73,8.95,26.3,1.74,50,0.45,No,60.472,8.4689,14:45:00,2025-06-09 14:45:00
2025-06-09,S5,Germany,25.37,71.55,16.27,27.2,1.59,350,5.69,No,51.1657,10.4515,15:00:00,2025-06-09 15:00:00
2025-06-09,S5,Germany,25.37,71.55,16.27,27.2,1.59,350,5.69,No,51.1657,10.4515,15:15:00,2025-06-09 15:15:00
2025-06-09,S5,Germany,25.37,71.55,16.27,27.2,1.59,350,5.69,No,51.1657,10.4515,15:30:00,2025-06-09 15:30:00
2025-06-09,S14,Ireland,35.29,32.73,13.6,36.1,1.35,250,3.4,No,53.1424,-7.6921,15:45:00,2025-06-09 15:45:00
2025-06-09,S4,Ireland,66.57,44.99,13.55,31.1,1.98,250,3.39,No,53.1424,-7.6921,16:00:00,2025-06-09 16:00:00
2025-06-09,S6,Norway,40.72,75.92,16.19,33.8,1.25,50,0.81,No,60.472,8.4689,16:15:00,2025-06-09 16:15:00
2025-06-09,S13,Norway,23.49,40.46,24.47,28.6,1.51,50,1.22,No,60.472,8.4689,16:30:00,2025-06-09 16:30:00
2025-06-09,S8,Germany,86.07,61.03,13.53,37.4,1.48,350,4.74,No,51.1657,10.4515,16:45:00,2025-06-09 16:45:00
2025-06-09,S4,Ireland,66.57,44.99,13.55,31.1,1.98,250,3.39,No,53.1424,-7.6921,17:00:00,2025-06-09 17:00:00
2025-06-09,S1,Norway,69.12,49.73,13.12,25.2,1.36,50,0.66,No,60.472,8.4689,17:15:00,2025-06-09 17:15:00
2025-06-09,S2,Ireland,45.82,22.57,14.15,32.7,1.69,250,3.54,No,53.1424,-7.6921,17:30:00,2025-06-09 17:30:00
2025-06-09,S6,Norway,40.72,75.92,16.19,33.8,1.25,50,0.81,No,60.472,8.4689,17:45:00,2025-06-09 17:45:00
2025-06-09,S8,Germany,86.07,61.03,13.53,37.4,1.48,350,4.74,No,51.1657,10.4515,18:00:00,2025-06-09 18:00:00
2025-06-09,S15,Germany,40.23,77.3,10.05,39.7,1.67,350,3.52,No,51.1657,10.4515,18:15:00,2025-06-09 18:15:00
2025-06-09,S13,Norway,23.49,40.46,24.47,28.6,1.51,50,1.22,No,60.472,8.4689,18:30:00,2025-06-09 18:30:00
2025-06-09,S10,Germany,26.42,38.44,19.67,31.4,1.27,350,6.88,No,51.1657,10.4515,18:45:00,2025-06-09 18:45:00
2025-06-09,S11,Norway,51.45,49.84,23.87,28.6,1.94,50,1.19,No,60.472,8.4689,19:00:00,2025-06-09 19:00:00
2025-06-09,S9,Ireland,78.95,48.94,8.75,25.9,1.79,250,2.19,No,53.1424,-7.6921,19:15:00,2025-06-09 19:15:00
2025-06-09,S12,Norway,76.9,73.73,8.95,26.3,1.74,50,0.45,No,60.472,8.4689,19:30:00,2025-06-09 19:30:00
2025-06-09,S3,Ireland,37.66,93.38,23.21,35.1,1.66,250,5.8,No,53.1424,-7.6921,19:45:00,2025-06-09 19:45:00
2025-06-09,S6,Norway,40.72,75.92,16.19,33.8,1.25,50,0.81,No,60.472,8.4689,20:00:00,2025-06-09 20:00:00
2025-06-09,S7,Germany,89.68,87.87,9.79,39.0,1.8,350,3.43,No,51.1657,10.4515,20:15:00,2025-06-09 20:15:00
2025-06-09,S10,Germany,26.42,38.44,19.67,31.4,1.27,350,6.88,No,51.1657,10.4515,20:30:00,2025-06-09 20:30:00
2025-06-09,S10,Germany,26.42,38.44,19.67,31.4,1.27,350,6.88,No,51.1657,10.4515,20:45:00,2025-06-09 20:45:00
2025-06-09,S4,Ireland,66.57,44.99,13.55,31.1,1.98,250,3.39,No,53.1424,-7.6921,21:00:00,2025-06-09 21:00:00
2025-06-09,S14,Ireland,35.29,32.73,13.6,36.1,1.35,250,3.4,No,53.1424,-7.6921,21:15:00,2025-06-09 21:15:00
2025-06-09,S5,Germany,25.37,71.55,16.27,27.2,1.59,350,5.69,No,51.1657,10.4515,21:30:00,2025-06-09 21:30:00
2025-06-09,S12,Norway,76.9,73.73,8.95,26.3,1.74,50,0.45,No,60.472,8.4689,21:45:00,2025-06-09 21:45:00
2025-06-09,S9,Ireland,78.95,48.94,8.75,25.9,1.79,250,2.19,No,53.1424,-7.6921,22:00:00,2025-06-09 22:00:00
2025-06-09,S10,Germany,26.42,38.44,19.67,31.4,1.27,350,6.88,No,51.1657,10.4515,22:15:00,2025-06-09 22:15:00
2025-06-09,S7,Germany,89.68,87.87,9.79,39.0,1.8,350,3.43,No,51.1657,10.4515,22:30:00,2025-06-09 22:30:00
2025-06-09,S11,Norway,51.45,49.84,23.87,28.6,1.94,50,1.19,No,60.472,8.4689,22:45:00,2025-06-09 22:45:00
2025-06-09,S8,Germany,86.07,61.03,13.53,37.4,1.48,350,4.74,No,51.1657,10.4515,23:00:00,2025-06-09 23:00:00
2025-06-09,S8,Germany,86.07,61.03,13.53,37.4,1.48,350,4.74,No,51.1657,10.4515,23:15:00,2025-06-09 23:15:00
2025-06-09,S10,Germany,26.42,38.44,19.67,31.4,1.27,350,6.88,No,51.1657,10.4515,23:30:00,2025-06-09 23:30:00
2025-06-09,S7,Germany,89.68,87.87,9.79,39.0,1.8,350,3.43,No,51.1657,10.4515,23:45:00,2025-06-09 23:45:00
2025-06-10,S10,Germany,44.6,88.95,11.72,33.0,1.36,350,4.1,No,51.1657,10.4515,00:00:00,2025-06-10 00:00:00
2025-06-10,S12,Norway,72.45,31.54,22.12,38.5,1.45,50,1.11,No,60.472,8.4689,00:15:00,2025-06-10 00:15:00
2025-06-10,S10,Germany,44.6,88.95,11.72,33.0,1.36,350,4.1,No,51.1657,10.4515,00:30:00,2025-06-10 00:30:00
2025-06-10,S1,Norway,31.72,44.68,21.05,28.4,1.93,50,1.05,No,60.472,8.4689,00:45:00,2025-06-10 00:45:00
2025-06-10,S12,Norway,72.45,31.54,22.12,38.5,1.45,50,1.11,No,60.472,8.4689,01:00:00,2025-06-10 01:00:00
2025-06-10,S3,Ireland,31.08,25.73,8.69,25.1,1.35,250,2.17,No,53.1424,-7.6921,01:15:00,2025-06-10 01:15:00
2025-06-10,S11,Norway,50.21,46.46,21.63,29.2,1.7,50,1.08,No,60.472,8.4689,01:30:00,2025-06-10 01:30:00
2025-06-10,S6,Norway,32.51,38.74,14.65,36.5,1.92,50,0.73,No,60.472,8.4689,01:45:00,2025-06-10 01:45:00
2025-06-10,S15,Germany,28.59,71.26,10.5,31.8,1.88,350,3.67,No,51.1657,10.4515,02:00:00,2025-06-10 02:00:00
2025-06-10,S15,Germany,28.59,71.26,10.5,31.8,1.88,350,3.67,No,51.1657,10.4515,02:15:00,2025-06-10 02:15:00
2025-06-10,S11,Norway,50.21,46.46,21.63,29.2,1.7,50,1.08,No,60.472,8.4689,02:30:00,2025-06-10 02:30:00
2025-06-10,S3,Ireland,31.08,25.73,8.69,25.1,1.35,250,2.17,No,53.1424,-7.6921,02:45:00,2025-06-10 02:45:00
2025-06-10,S2,Ireland,37.01,69.92,7.02,36.5,1.72,250,1.75,No,53.1424,-7.6921,03:00:00,2025-06-10 03:00:00
2025-06-10,S7,Germany,14.49,55.24,12.43,33.9,1.86,350,4.35,No,51.1657,10.4515,03:15:00,2025-06-10 03:15:00
2025-06-10,S1,Norway,31.72,44.68,21.05,28.4,1.93,50,1.05,No,60.472,8.4689,03:30:00,2025-06-10 03:30:00
2025-06-10,S3,Ireland,31.08,25.73,8.69,25.1,1.35,250,2.17,No,53.1424,-7.6921,03:45:00,2025-06-10 03:45:00
2025-06-10,S4,Ireland,89.86,53.1,12.7,26.0,1.43,250,3.17,No,53.1424,-7.6921,04:00:00,2025-06-10 04:00:00
2025-06-10,S14,Ireland,67.36,84.25,10.24,31.3,1.93,250,2.56,No,53.1424,-7.6921,04:15:00,2025-06-10 04:15:00
2025-06-10,S6,Norway,32.51,38.74,14.65,36.5,1.92,50,0.73,No,60.472,8.4689,04:30:00,2025-06-10 04:30:00
2025-06-10,S13,Norway,51.47,57.19,8.39,33.4,1.23,50,0.42,No,60.472,8.4689,04:45:00,2025-06-10 04:45:00
2025-06-10,S15,Germany,28.59,71.26,10.5,31.8,1.88,350,3.67,No,51.1657,10.4515,05:00:00,2025-06-10 05:00:00
2025-06-10,S15,Germany,28.59,71.26,10.5,31.8,1.88,350,3.67,No,51.1657,10.4515,05:15:00,2025-06-10 05:15:00
2025-06-10,S10,Germany,44.6,88.95,11.72,33.0,1.36,350,4.1,No,51.1657,10.4515,05:30:00,2025-06-10 05:30:00
2025-06-10,S4,Ireland,89.86,53.1,12.7,26.0,1.43,250,3.17,No,53.1424,-7.6921,05:45:00,2025-06-10 05:45:00
2025-06-10,S13,Norway,51.47,57.19,8.39,33.4,1.23,50,0.42,No,60.472,8.4689,06:00:00,2025-06-10 06:00:00
2025-06-10,S12,Norway,72.45,31.54,22.12,38.5,1.45,50,1.11,No,60.472,8.4689,06:15:00,2025-06-10 06:15:00
2025-06-10,S13,Norway,51.47,57.19,8.39,33.4,1.23,50,0.42,No,60.472,8.4689,06:30:00,2025-06-10 06:30:00
2025-06-10,S5,Germany,39.11,20.35,19.68,25.8,1.26,350,6.89,No,51.1657,10.4515,06:45:00,2025-06-10 06:45:00
2025-06-10,S8,Germany,65.47,47.36,10.49,33.5,1.61,350,3.67,No,51.1657,10.4515,07:00:00,2025-06-10 07:00:00
2025-06-10,S12,Norway,72.45,31.54,22.12,38.5,1.45,50,1.11,No,60.472,8.4689,07:15:00,2025-06-10 07:15:00
2025-06-10,S3,Ireland,31.08,25.73,8.69,25.1,1.35,250,2.17,No,53.1424,-7.6921,07:30:00,2025-06-10 07:30:00
2025-06-10,S5,Germany,39.11,20.35,19.68,25.8,1.26,350,6.89,No,51.1657,10.4515,07:45:00,2025-06-10 07:45:00
2025-06-10,S12,Norway,72.45,31.54,22.12,38.5,1.45,50,1.11,No,60.472,8.4689,08:00:00,2025-06-10 08:00:00
2025-06-10,S1,Norway,31.72,44.68,21.05,28.4,1.93,50,1.05,No,60.472,8.4689,08:15:00,2025-06-10 08:15:00
2025-06-10,S15,Germany,28.59,71.26,10.5,31.8,1.88,350,3.67,No,51.1657,10.4515,08:30:00,2025-06-10 08:30:00
2025-06-10,S8,Germany,65.47,47.36,10.49,33.5,1.61,350,3.67,No,51.1657,10.4515,08:45:00,2025-06-10 08:45:00
2025-06-10,S12,Norway,72.45,31.54,22.12,38.5,1.45,50,1.11,No,60.472,8.4689,09:00:00,2025-06-10 09:00:00
2025-06-10,S11,Norway,50.21,46.46,21.63,29.2,1.7,50,1.08,No,60.472,8.4689,09:15:00,2025-06-10 09:15:00
2025-06-10,S11,Norway,50.21,46.46,21.63,29.2,1.7,50,1.08,No,60.472,8.4689,09:30:00,2025-06-10 09:30:00
2025-06-10,S7,Germany,14.49,55.24,12.43,33.9,1.86,350,4.35,No,51.1657,10.4515,09:45:00,2025-06-10 09:45:00
2025-06-10,S3,Ireland,31.08,25.73,8.69,25.1,1.35,250,2.17,No,53.1424,-7.6921,10:00:00,2025-06-10 10:00:00
2025-06-10,S12,Norway,72.45,31.54,22.12,38.5,1.45,50,1.11,No,60.472,8.4689,10:15:00,2025-06-10 10:15:00
2025-06-10,S14,Ireland,67.36,84.25,10.24,31.3,1.93,250,2.56,No,53.1424,-7.6921,10:30:00,2025-06-10 10:30:00
2025-06-10,S9,Ireland,77.62,47.32,14.11,36.9,1.84,250,3.53,No,53.1424,-7.6921,10:45:00,2025-06-10 10:45:00
2025-06-10,S13,Norway,51.47,57.19,8.39,33.4,1.23,50,0.42,No,60.472,8.4689,11:00:00,2025-06-10 11:00:00
2025-06-10,S11,Norway,50.21,46.46,21.63,29.2,1.7,50,1.08,No,60.472,8.4689,11:15:00,2025-06-10 11:15:00
2025-06-10,S2,Ireland,37.01,69.92,7.02,36.5,1.72,250,1.75,No,53.1424,-7.6921,11:30:00,2025-06-10 11:30:00
2025-06-10,S2,Ireland,37.01,69.92,7.02,36.5,1.72,250,1.75,No,53.1424,-7.6921,11:45:00,2025-06-10 11:45:00
2025-06-10,S9,Ireland,77.62,47.32,14.11,36.9,1.84,250,3.53,No,53.1424,-7.6921,12:00:00,2025-06-10 12:00:00
2025-06-10,S1,Norway,31.72,44.68,21.05,28.4,1.93,50,1.05,No,60.472,8.4689,12:15:00,2025-06-10 12:15:00
2025-06-10,S12,Norway,72.45,31.54,22.12,38.5,1.45,50,1.11,No,60.472,8.4689,12:30:00,2025-06-10 12:30:00
2025-06-10,S13,Norway,51.47,57.19,8.39,33.4,1.23,50,0.42,No,60.472,8.4689,12:45:00,2025-06-10 12:45:00
2025-06-10,S4,Ireland,89.86,53.1,12.7,26.0,1.43,250,3.17,No,53.1424,-7.6921,13:00:00,2025-06-10 13:00:00
2025-06-10,S3,Ireland,31.08,25.73,8.69,25.1,1.35,250,2.17,No,53.1424,-7.6921,13:15:00,2025-06-10 13:15:00
2025-06-10,S11,Norway,50.21,46.46,21.63,29.2,1.7,50,1.08,No,60.472,8.4689,13:30:00,2025-06-10 13:30:00
2025-06-10,S8,Germany,65.47,47.36,10.49,33.5,1.61,350,3.67,No,51.1657,10.4515,13:45:00,2025-06-10 13:45:00
2025-06-10,S6,Norway,32.51,38.74,14.65,36.5,1.92,50,0.73,No,60.472,8.4689,14:00:00,2025-06-10 14:00:00
2025-06-10,S5,Germany,39.11,20.35,19.68,25.8,1.26,350,6.89,No,51.1657,10.4515,14:15:00,2025-06-10 14:15:00
2025-06-10,S13,Norway,51.47,57.19,8.39,33.4,1.23,50,0.42,No,60.472,8.4689,14:30:00,2025-06-10 14:30:00
2025-06-10,S2,Ireland,37.01,69.92,7.02,36.5,1.72,250,1.75,No,53.1424,-7.6921,14:45:00,2025-06-10 14:45:00
2025-06-10,S6,Norway,32.51,38.74,14.65,36.5,1.92,50,0.73,No,60.472,8.4689,15:00:00,2025-06-10 15:00:00
2025-06-10,S10,Germany,44.6,88.95,11.72,33.0,1.36,350,4.1,No,51.1657,10.4515,15:15:00,2025-06-10 15:15:00
2025-06-10,S4,Ireland,89.86,53.1,12.7,26.0,1.43,250,3.17,No,53.1424,-7.6921,15:30:00,2025-06-10 15:30:00
2025-06-10,S9,Ireland,77.62,47.32,14.11,36.9,1.84,250,3.53,No,53.1424,-7.6921,15:45:00,2025-06-10 15:45:00
2025-06-10,S9,Ireland,77.62,47.32,14.11,36.9,1.84,250,3.53,No,53.1424,-7.6921,16:00:00,2025-06-10 16:00:00
2025-06-10,S10,Germany,44.6,88.95,11.72,33.0,1.36,350,4.1,No,51.1657,10.4515,16:15:00,2025-06-10 16:15:00
2025-06-10,S2,Ireland,37.01,69.92,7.02,36.5,1.72,250,1.75,No,53.1424,-7.6921,16:30:00,2025-06-10 16:30:00
2025-06-10,S6,Norway,32.51,38.74,14.65,36.5,1.92,50,0.73,No,60.472,8.4689,16:45:00,2025-06-10 16:45:00
2025-06-10,S2,Ireland,37.01,69.92,7.02,36.5,1.72,250,1.75,No,53.1424,-7.6921,17:00:00,2025-06-10 17:00:00
2025-06-10,S6,Norway,32.51,38.74,14.65,36.5,1.92,50,0.73,No,60.472,8.4689,17:15:00,2025-06-10 17:15:00
2025-06-10,S8,Germany,65.47,47.36,10.49,33.5,1.61,350,3.67,No,51.1657,10.4515,17:30:00,2025-06-10 17:30:00
2025-06-10,S4,Ireland,89.86,53.1,12.7,26.0,1.43,250,3.17,No,53.1424,-7.6921,17:45:00,2025-06-10 17:45:00
2025-06-10,S10,Germany,44.6,88.95,11.72,33.0,1.36,350,4.1,No,51.1657,10.4515,18:00:00,2025-06-10 18:00:00
2025-06-10,S6,Norway,32.51,38.74,14.65,36.5,1.92,50,0.73,No,60.472,8.4689,18:15:00,2025-06-10 18:15:00
2025-06-10,S9,Ireland,77.62,47.32,14.11,36.9,1.84,250,3.53,No,53.1424,-7.6921,18:30:00,2025-06-10 18:30:00
2025-06-10,S1,Norway,31.72,44.68,21.05,28.4,1.93,50,1.05,No,60.472,8.4689,18:45:00,2025-06-10 18:45:00
2025-06-10,S10,Germany,44.6,88.95,11.72,33.0,1.36,350,4.1,No,51.1657,10.4515,19:00:00,2025-06-10 19:00:00
2025-06-10,S8,Germany,65.47,47.36,10.49,33.5,1.61,350,3.67,No,51.1657,10.4515,19:15:00,2025-06-10 19:15:00
2025-06-10,S2,Ireland,37.01,69.92,7.02,36.5,1.72,250,1.75,No,53.1424,-7.6921,19:30:00,2025-06-10 19:30:00
2025-06-10,S14,Ireland,67.36,84.25,10.24,31.3,1.93,250,2.56,No,53.1424,-7.6921,19:45:00,2025-06-10 19:45:00
2025-06-10,S6,Norway,32.51,38.74,14.65,36.5,1.92,50,0.73,No,60.472,8.4689,20:00:00,2025-06-10 20:00:00
2025-06-10,S12,Norway,72.45,31.54,22.12,38.5,1.45,50,1.11,No,60.472,8.4689,20:15:00,2025-06-10 20:15:00
2025-06-10,S15,Germany,28.59,71.26,10.5,31.8,1.88,350,3.67,No,51.1657,10.4515,20:30:00,2025-06-10 20:30:00
2025-06-10,S2,Ireland,37.01,69.92,7.02,36.5,1.72,250,1.75,No,53.1424,-7.6921,20:45:00,2025-06-10 20:45:00
2025-06-10,S15,Germany,28.59,71.26,10.5,31.8,1.88,350,3.67,No,51.1657,10.4515,21:00:00,2025-06-10 21:00:00
2025-06-10,S11,Norway,50.21,46.46,21.63,29.2,1.7,50,1.08,No,60.472,8.4689,21:15:00,2025-06-10 21:15:00
2025-06-10,S15,Germany,28.59,71.26,10.5,31.8,1.88,350,3.67,No,51.1657,10.4515,21:30:00,2025-06-10 21:30:00
2025-06-10,S15,Germany,28.59,71.26,10.5,31.8,1.88,350,3.67,No,51.1657,10.4515,21:45:00,2025-06-10 21:45:00
2025-06-10,S5,Germany,39.11,20.35,19.68,25.8,1.26,350,6.89,No,51.1657,10.4515,22:00:00,2025-06-10 22:00:00
2025-06-10,S11,Norway,50.21,46.46,21.63,29.2,1.7,50,1.08,No,60.472,8.4689,22:15:00,2025-06-10 22:15:00
2025-06-10,S5,Germany,39.11,20.35,19.68,25.8,1.26,350,6.89,No,51.1657,10.4515,22:30:00,2025-06-10 22:30:00
2025-06-10,S13,Norway,51.47,57.19,8.39,33.4,1.23,50,0.42,No,60.472,8.4689,22:45:00,2025-06-10 22:45:00
2025-06-10,S15,Germany,28.59,71.26,10.5,31.8,1.88,350,3.67,No,51.1657,10.4515,23:00:00,2025-06-10 23:00:00
2025-06-10,S10,Germany,44.6,88.95,11.72,33.0,1.36,350,4.1,No,51.1657,10.4515,23:15:00,2025-06-10 23:15:00
2025-06-10,S11,Norway,50.21,46.46,21.63,29.2,1.7,50,1.08,No,60.472,8.4689,23:30:00,2025-06-10 23:30:00
2025-06-10,S13,Norway,51.47,57.19,8.39,33.4,1.23,50,0.42,No,60.472,8.4689,23:45:00,2025-06-10 23:45:00
2025-06-11,S9,Ireland,25.96,66.96,18.23,33.3,1.57,250,4.56,No,53.1424,-7.6921,00:00:00,2025-06-11 00:00:00
2025-06-11,S11,Norway,44.97,82.07,11.29,30.0,1.9,50,0.56,No,60.472,8.4689,00:15:00,2025-06-11 00:15:00
2025-06-11,S3,Ireland,68.78,54.23,9.44,29.2,1.74,250,2.36,No,53.1424,-7.6921,00:30:00,2025-06-11 00:30:00
2025-06-11,S15,Germany,32.76,80.99,19.3,25.4,1.33,350,6.75,No,51.1657,10.4515,00:45:00,2025-06-11 00:45:00
2025-06-11,S11,Norway,44.97,82.07,11.29,30.0,1.9,50,0.56,No,60.472,8.4689,01:00:00,2025-06-11 01:00:00
2025-06-11,S11,Norway,44.97,82.07,11.29,30.0,1.9,50,0.56,No,60.472,8.4689,01:15:00,2025-06-11 01:15:00
2025-06-11,S6,Norway,54.19,25.4,20.76,39.1,1.72,50,1.04,No,60.472,8.4689,01:30:00,2025-06-11 01:30:00
2025-06-11,S6,Norway,54.19,25.4,20.76,39.1,1.72,50,1.04,No,60.472,8.4689,01:45:00,2025-06-11 01:45:00
2025-06-11,S9,Ireland,25.96,66.96,18.23,33.3,1.57,250,4.56,No,53.1424,-7.6921,02:00:00,2025-06-11 02:00:00
2025-06-11,S3,Ireland,68.78,54.23,9.44,29.2,1.74,250,2.36,No,53.1424,-7.6921,02:15:00,2025-06-11 02:15:00
2025-06-11,S2,Ireland,75.04,50.21,10.85,26.4,1.86,250,2.71,No,53.1424,-7.6921,02:30:00,2025-06-11 02:30:00
2025-06-11,S6,Norway,54.19,25.4,20.76,39.1,1.72,50,1.04,No,60.472,8.4689,02:45:00,2025-06-11 02:45:00
2025-06-11,S13,Norway,44.41,59.01,8.51,35.4,1.37,50,0.43,No,60.472,8.4689,03:00:00,2025-06-11 03:00:00
2025-06-11,S2,Ireland,75.04,50.21,10.85,26.4,1.86,250,2.71,No,53.1424,-7.6921,03:15:00,2025-06-11 03:15:00
2025-06-11,S1,Norway,23.9,59.14,6.77,37.8,1.77,50,0.34,No,60.472,8.4689,03:30:00,2025-06-11 03:30:00
2025-06-11,S13,Norway,44.41,59.01,8.51,35.4,1.37,50,0.43,No,60.472,8.4689,03:45:00,2025-06-11 03:45:00
2025-06-11,S8,Germany,81.65,87.39,19.84,34.1,1.88,350,6.94,No,51.1657,10.4515,04:00:00,2025-06-11 04:00:00
2025-06-11,S1,Norway,23.9,59.14,6.77,37.8,1.77,50,0.34,No,60.472,8.4689,04:15:00,2025-06-11 04:15:00
2025-06-11,S14,Ireland,16.63,76.92,7.42,29.5,1.73,250,1.85,No,53.1424,-7.6921,04:30:00,2025-06-11 04:30:00
2025-06-11,S9,Ireland,25.96,66.96,18.23,33.3,1.57,250,4.56,No,53.1424,-7.6921,04:45:00,2025-06-11 04:45:00
2025-06-11,S1,Norway,23.9,59.14,6.77,37.8,1.77,50,0.34,No,60.472,8.4689,05:00:00,2025-06-11 05:00:00
2025-06-11,S11,Norway,44.97,82.07,11.29,30.0,1.9,50,0.56,No,60.472,8.4689,05:15:00,2025-06-11 05:15:00
2025-06-11,S10,Germany,29.97,69.33,19.15,35.5,1.87,350,6.7,No,51.1657,10.4515,05:30:00,2025-06-11 05:30:00
2025-06-11,S5,Germany,41.13,60.6,21.68,25.5,1.56,350,7.59,No,51.1657,10.4515,05:45:00,2025-06-11 05:45:00
2025-06-11,S10,Germany,29.97,69.33,19.15,35.5,1.87,350,6.7,No,51.1657,10.4515,06:00:00,2025-06-11 06:00:00
2025-06-11,S5,Germany,41.13,60.6,21.68,25.5,1.56,350,7.59,No,51.1657,10.4515,06:15:00,2025-06-11 06:15:00
2025-06-11,S1,Norway,23.9,59.14,6.77,37.8,1.77,50,0.34,No,60.472,8.4689,06:30:00,2025-06-11 06:30:00
2025-06-11,S6,Norway,54.19,25.4,20.76,39.1,1.72,50,1.04,No,60.472,8.4689,06:45:00,2025-06-11 06:45:00
2025-06-11,S6,Norway,54.19,25.4,20.76,39.1,1.72,50,1.04,No,60.472,8.4689,07:00:00,2025-06-11 07:00:00
2025-06-11,S13,Norway,44.41,59.01,8.51,35.4,1.37,50,0.43,No,60.472,8.4689,07:15:00,2025-06-11 07:15:00
2025-06-11,S8,Germany,81.65,87.39,19.84,34.1,1.88,350,6.94,No,51.1657,10.4515,07:30:00,2025-06-11 07:30:00
2025-06-11,S3,Ireland,68.78,54.23,9.44,29.2,1.74,250,2.36,No,53.1424,-7.6921,07:45:00,2025-06-11 07:45:00
2025-06-11,S5,Germany,41.13,60.6,21.68,25.5,1.56,350,7.59,No,51.1657,10.4515,08:00:00,2025-06-11 08:00:00
2025-06-11,S8,Germany,81.65,87.39,19.84,34.1,1.88,350,6.94,No,51.1657,10.4515,08:15:00,2025-06-11 08:15:00
2025-06-11,S7,Germany,60.91,72.48,23.71,35.9,1.99,350,8.3,No,51.1657,10.4515,08:30:00,2025-06-11 08:30:00
2025-06-11,S1,Norway,23.9,59.14,6.77,37.8,1.77,50,0.34,No,60.472,8.4689,08:45:00,2025-06-11 08:45:00
2025-06-11,S3,Ireland,68.78,54.23,9.44,29.2,1.74,250,2.36,No,53.1424,-7.6921,09:00:00,2025-06-11 09:00:00
2025-06-11,S4,Ireland,10.97,68.61,21.49,30.3,1.92,250,5.37,No,53.1424,-7.6921,09:15:00,2025-06-11 09:15:00
2025-06-11,S10,Germany,29.97,69.33,19.15,35.5,1.87,350,6.7,No,51.1657,10.4515,09:30:00,2025-06-11 09:30:00
2025-06-11,S1,Norway,23.9,59.14,6.77,37.8,1.77,50,0.34,No,60.472,8.4689,09:45:00,2025-06-11 09:45:00
2025-06-11,S8,Germany,81.65,87.39,19.84,34.1,1.88,350,6.94,No,51.1657,10.4515,10:00:00,2025-06-11 10:00:00
2025-06-11,S9,Ireland,25.96,66.96,18.23,33.3,1.57,250,4.56,No,53.1424,-7.6921,10:15:00,2025-06-11 10:15:00
2025-06-11,S9,Ireland,25.96,66.96,18.23,33.3,1.57,250,4.56,No,53.1424,-7.6921,10:30:00,2025-06-11 10:30:00
2025-06-11,S6,Norway,54.19,25.4,20.76,39.1,1.72,50,1.04,No,60.472,8.4689,10:45:00,2025-06-11 10:45:00
2025-06-11,S6,Norway,54.19,25.4,20.76,39.1,1.72,50,1.04,No,60.472,8.4689,11:00:00,2025-06-11 11:00:00
2025-06-11,S5,Germany,41.13,60.6,21.68,25.5,1.56,350,7.59,No,51.1657,10.4515,11:15:00,2025-06-11 11:15:00
2025-06-11,S2,Ireland,75.04,50.21,10.85,26.4,1.86,250,2.71,No,53.1424,-7.6921,11:30:00,2025-06-11 11:30:00
2025-06-11,S13,Norway,44.41,59.01,8.51,35.4,1.37,50,0.43,No,60.472,8.4689,11:45:00,2025-06-11 11:45:00
2025-06-11,S2,Ireland,75.04,50.21,10.85,26.4,1.86,250,2.71,No,53.1424,-7.6921,12:00:00,2025-06-11 12:00:00
2025-06-11,S9,Ireland,25.96,66.96,18.23,33.3,1.57,250,4.56,No,53.1424,-7.6921,12:15:00,2025-06-11 12:15:00
2025-06-11,S15,Germany,32.76,80.99,19.3,25.4,1.33,350,6.75,No,51.1657,10.4515,12:30:00,2025-06-11 12:30:00
2025-06-11,S8,Germany,81.65,87.39,19.84,34.1,1.88,350,6.94,No,51.1657,10.4515,12:45:00,2025-06-11 12:45:00
2025-06-11,S2,Ireland,75.04,50.21,10.85,26.4,1.86,250,2.71,No,53.1424,-7.6921,13:00:00,2025-06-11 13:00:00
2025-06-11,S11,Norway,44.97,82.07,11.29,30.0,1.9,50,0.56,No,60.472,8.4689,13:15:00,2025-06-11 13:15:00
2025-06-11,S3,Ireland,68.78,54.23,9.44,29.2,1.74,250,2.36,No,53.1424,-7.6921,13:30:00,2025-06-11 13:30:00
2025-06-11,S12,Norway,68.28,60.4,15.92,39.6,1.96,50,0.8,No,60.472,8.4689,13:45:00,2025-06-11 13:45:00
2025-06-11,S3,Ireland,68.78,54.23,9.44,29.2,1.74,250,2.36,No,53.1424,-7.6921,14:00:00,2025-06-11 14:00:00
2025-06-11,S8,Germany,81.65,87.39,19.84,34.1,1.88,350,6.94,No,51.1657,10.4515,14:15:00,2025-06-11 14:15:00
2025-06-11,S2,Ireland,75.04,50.21,10.85,26.4,1.86,250,2.71,No,53.1424,-7.6921,14:30:00,2025-06-11 14:30:00
2025-06-11,S11,Norway,44.97,82.07,11.29,30.0,1.9,50,0.56,No,60.472,8.4689,14:45:00,2025-06-11 14:45:00
2025-06-11,S7,Germany,60.91,72.48,23.71,35.9,1.99,350,8.3,No,51.1657,10.4515,15:00:00,2025-06-11 15:00:00
2025-06-11,S5,Germany,41.13,60.6,21.68,25.5,1.56,350,7.59,No,51.1657,10.4515,15:15:00,2025-06-11 15:15:00
2025-06-11,S6,Norway,54.19,25.4,20.76,39.1,1.72,50,1.04,No,60.472,8.4689,15:30:00,2025-06-11 15:30:00
2025-06-11,S15,Germany,32.76,80.99,19.3,25.4,1.33,350,6.75,No,51.1657,10.4515,15:45:00,2025-06-11 15:45:00
2025-06-11,S14,Ireland,16.63,76.92,7.42,29.5,1.73,250,1.85,No,53.1424,-7.6921,16:00:00,2025-06-11 16:00:00
2025-06-11,S4,Ireland,10.97,68.61,21.49,30.3,1.92,250,5.37,No,53.1424,-7.6921,16:15:00,2025-06-11 16:15:00
2025-06-11,S12,Norway,68.28,60.4,15.92,39.6,1.96,50,0.8,No,60.472,8.4689,16:30:00,2025-06-11 16:30:00
2025-06-11,S13,Norway,44.41,59.01,8.51,35.4,1.37,50,0.43,No,60.472,8.4689,16:45:00,2025-06-11 16:45:00
2025-06-11,S7,Germany,60.91,72.48,23.71,35.9,1.99,350,8.3,No,51.1657,10.4515,17:00:00,2025-06-11 17:00:00
2025-06-11,S13,Norway,44.41,59.01,8.51,35.4,1.37,50,0.43,No,60.472,8.4689,17:15:00,2025-06-11 17:15:00
2025-06-11,S13,Norway,44.41,59.01,8.51,35.4,1.37,50,0.43,No,60.472,8.4689,17:30:00,2025-06-11 17:30:00
2025-06-11,S7,Germany,60.91,72.48,23.71,35.9,1.99,350,8.3,No,51.1657,10.4515,17:45:00,2025-06-11 17:45:00
2025-06-11,S11,Norway,44.97,82.07,11.29,30.0,1.9,50,0.56,No,60.472,8.4689,18:00:00,2025-06-11 18:00:00
2025-06-11,S6,Norway,54.19,25.4,20.76,39.1,1.72,50,1.04,No,60.472,8.4689,18:15:00,2025-06-11 18:15:00
2025-06-11,S9,Ireland,25.96,66.96,18.23,33.3,1.57,250,4.56,No,53.1424,-7.6921,18:30:00,2025-06-11 18:30:00
2025-06-11,S5,Germany,41.13,60.6,21.68,25.5,1.56,350,7.59,No,51.1657,10.4515,18:45:00,2025-06-11 18:45:00
2025-06-11,S8,Germany,81.65,87.39,19.84,34.1,1.88,350,6.94,No,51.1657,10.4515,19:00:00,2025-06-11 19:00:00
2025-06-11,S5,Germany,41.13,60.6,21.68,25.5,1.56,350,7.59,No,51.1657,10.4515,19:15:00,2025-06-11 19:15:00
2025-06-11,S15,Germany,32.76,80.99,19.3,25.4,1.33,350,6.75,No,51.1657,10.4515,19:30:00,2025-06-11 19:30:00
2025-06-11,S14,Ireland,16.63,76.92,7.42,29.5,1.73,250,1.85,No,53.1424,-7.6921,19:45:00,2025-06-11 19:45:00
2025-06-11,S14,Ireland,16.63,76.92,7.42,29.5,1.73,250,1.85,No,53.1424,-7.6921,20:00:00,2025-06-11 20:00:00
2025-06-11,S10,Germany,29.97,69.33,19.15,35.5,1.87,350,6.7,No,51.1657,10.4515,20:15:00,2025-06-11 20:15:00
2025-06-11,S5,Germany,41.13,60.6,21.68,25.5,1.56,350,7.59,No,51.1657,10.4515,20:30:00,2025-06-11 20:30:00
2025-06-11,S13,Norway,44.41,59.01,8.51,35.4,1.37,50,0.43,No,60.472,8.4689,20:45:00,2025-06-11 20:45:00
2025-06-11,S10,Germany,29.97,69.33,19.15,35.5,1.87,350,6.7,No,51.1657,10.4515,21:00:00,2025-06-11 21:00:00
2025-06-11,S7,Germany,60.91,72.48,23.71,35.9,1.99,350,8.3,No,51.1657,10.4515,21:15:00,2025-06-11 21:15:00
2025-06-11,S8,Germany,81.65,87.39,19.84,34.1,1.88,350,6.94,No,51.1657,10.4515,21:30:00,2025-06-11 21:30:00
2025-06-11,S8,Germany,81.65,87.39,19.84,34.1,1.88,350,6.94,No,51.1657,10.4515,21:45:00,2025-06-11 21:45:00
2025-06-11,S11,Norway,44.97,82.07,11.29,30.0,1.9,50,0.56,No,60.472,8.4689,22:00:00,2025-06-11 22:00:00
2025-06-11,S13,Norway,44.41,59.01,8.51,35.4,1.37,50,0.43,No,60.472,8.4689,22:15:00,2025-06-11 22:15:00
2025-06-11,S9,Ireland,25.96,66.96,18.23,33.3,1.57,250,4.56,No,53.1424,-7.6921,22:30:00,2025-06-11 22:30:00
2025-06-11,S6,Norway,54.19,25.4,20.76,39.1,1.72,50,1.04,No,60.472,8.4689,22:45:00,2025-06-11 22:45:00
2025-06-11,S14,Ireland,16.63,76.92,7.42,29.5,1.73,250,1.85,No,53.1424,-7.6921,23:00:00,2025-06-11 23:00:00
2025-06-11,S15,Germany,32.76,80.99,19.3,25.4,1.33,350,6.75,No,51.1657,10.4515,23:15:00,2025-06-11 23:15:00
2025-06-11,S8,Germany,81.65,87.39,19.84,34.1,1.88,350,6.94,No,51.1657,10.4515,23:30:00,2025-06-11 23:30:00
2025-06-11,S8,Germany,81.65,87.39,19.84,34.1,1.88,350,6.94,No,51.1657,10.4515,23:45:00,2025-06-11 23:45:00
2025-06-12,S3,Ireland,25.74,87.11,8.27,32.7,1.53,250,2.07,No,53.1424,-7.6921,00:00:00,2025-06-12 00:00:00
2025-06-12,S1,Norway,75.98,54.57,20.86,39.9,1.83,50,1.04,No,60.472,8.4689,00:15:00,2025-06-12 00:15:00
2025-06-12,S2,Ireland,21.22,21.05,12.27,35.8,1.3,250,3.07,No,53.1424,-7.6921,00:30:00,2025-06-12 00:30:00
2025-06-12,S9,Ireland,22.48,26.53,16.99,26.7,1.6,250,4.25,No,53.1424,-7.6921,00:45:00,2025-06-12 00:45:00
2025-06-12,S2,Ireland,21.22,21.05,12.27,35.8,1.3,250,3.07,No,53.1424,-7.6921,01:00:00,2025-06-12 01:00:00
2025-06-12,S7,Germany,22.93,46.49,9.01,25.8,1.38,350,3.15,No,51.1657,10.4515,01:15:00,2025-06-12 01:15:00
2025-06-12,S7,Germany,22.93,46.49,9.01,25.8,1.38,350,3.15,No,51.1657,10.4515,01:30:00,2025-06-12 01:30:00
2025-06-12,S5,Germany,63.86,63.16,10.57,38.9,1.41,350,3.7,No,51.1657,10.4515,01:45:00,2025-06-12 01:45:00
2025-06-12,S9,Ireland,22.48,26.53,16.99,26.7,1.6,250,4.25,No,53.1424,-7.6921,02:00:00,2025-06-12 02:00:00
2025-06-12,S15,Germany,84.03,82.6,20.25,33.4,1.44,350,7.09,No,51.1657,10.4515,02:15:00,2025-06-12 02:15:00
2025-06-12,S8,Germany,11.31,31.39,8.74,33.2,1.23,350,3.06,No,51.1657,10.4515,02:30:00,2025-06-12 02:30:00
2025-06-12,S4,Ireland,33.95,32.46,11.08,27.8,1.56,250,2.77,No,53.1424,-7.6921,02:45:00,2025-06-12 02:45:00
2025-06-12,S14,Ireland,54.46,91.02,14.53,27.4,1.21,250,3.63,No,53.1424,-7.6921,03:00:00,2025-06-12 03:00:00
2025-06-12,S7,Germany,22.93,46.49,9.01,25.8,1.38,350,3.15,No,51.1657,10.4515,03:15:00,2025-06-12 03:15:00
2025-06-12,S9,Ireland,22.48,26.53,16.99,26.7,1.6,250,4.25,No,53.1424,-7.6921,03:30:00,2025-06-12 03:30:00
2025-06-12,S6,Norway,84.55,58.92,11.56,39.5,1.54,50,0.58,No,60.472,8.4689,03:45:00,2025-06-12 03:45:00
2025-06-12,S6,Norway,84.55,58.92,11.56,39.5,1.54,50,0.58,No,60.472,8.4689,04:00:00,2025-06-12 04:00:00
2025-06-12,S9,Ireland,22.48,26.53,16.99,26.7,1.6,250,4.25,No,53.1424,-7.6921,04:15:00,2025-06-12 04:15:00
2025-06-12,S7,Germany,22.93,46.49,9.01,25.8,1.38,350,3.15,No,51.1657,10.4515,04:30:00,2025-06-12 04:30:00
2025-06-12,S9,Ireland,22.48,26.53,16.99,26.7,1.6,250,4.25,No,53.1424,-7.6921,04:45:00,2025-06-12 04:45:00
2025-06-12,S11,Norway,19.35,60.24,9.41,27.3,1.55,50,0.47,No,60.472,8.4689,05:00:00,2025-06-12 05:00:00
2025-06-12,S14,Ireland,54.46,91.02,14.53,27.4,1.21,250,3.63,No,53.1424,-7.6921,05:15:00,2025-06-12 05:15:00
2025-06-12,S14,Ireland,54.46,91.02,14.53,27.4,1.21,250,3.63,No,53.1424,-7.6921,05:30:00,2025-06-12 05:30:00
2025-06-12,S7,Germany,22.93,46.49,9.01,25.8,1.38,350,3.15,No,51.1657,10.4515,05:45:00,2025-06-12 05:45:00
2025-06-12,S13,Norway,34.51,38.83,15.66,38.7,1.36,50,0.78,No,60.472,8.4689,06:00:00,2025-06-12 06:00:00
2025-06-12,S2,Ireland,21.22,21.05,12.27,35.8,1.3,250,3.07,No,53.1424,-7.6921,06:15:00,2025-06-12 06:15:00
2025-06-12,S7,Germany,22.93,46.49,9.01,25.8,1.38,350,3.15,No,51.1657,10.4515,06:30:00,2025-06-12 06:30:00
2025-06-12,S11,Norway,19.35,60.24,9.41,27.3,1.55,50,0.47,No,60.472,8.4689,06:45:00,2025-06-12 06:45:00
2025-06-12,S12,Norway,59.23,73.28,8.52,29.6,1.94,50,0.43,No,60.472,8.4689,07:00:00,2025-06-12 07:00:00
2025-06-12,S13,Norway,34.51,38.83,15.66,38.7,1.36,50,0.78,No,60.472,8.4689,07:15:00,2025-06-12 07:15:00
2025-06-12,S7,Germany,22.93,46.49,9.01,25.8,1.38,350,3.15,No,51.1657,10.4515,07:30:00,2025-06-12 07:30:00
2025-06-12,S2,Ireland,21.22,21.05,12.27,35.8,1.3,250,3.07,No,53.1424,-7.6921,07:45:00,2025-06-12 07:45:00
2025-06-12,S4,Ireland,33.95,32.46,11.08,27.8,1.56,250,2.77,No,53.1424,-7.6921,08:00:00,2025-06-12 08:00:00
2025-06-12,S5,Germany,63.86,63.16,10.57,38.9,1.41,350,3.7,No,51.1657,10.4515,08:15:00,2025-06-12 08:15:00
2025-06-12,S10,Germany,20.32,60.63,17.51,31.7,1.55,350,6.13,No,51.1657,10.4515,08:30:00,2025-06-12 08:30:00
2025-06-12,S14,Ireland,54.46,91.02,14.53,27.4,1.21,250,3.63,No,53.1424,-7.6921,08:45:00,2025-06-12 08:45:00
2025-06-12,S14,Ireland,54.46,91.02,14.53,27.4,1.21,250,3.63,No,53.1424,-7.6921,09:00:00,2025-06-12 09:00:00
2025-06-12,S13,Norway,34.51,38.83,15.66,38.7,1.36,50,0.78,No,60.472,8.4689,09:15:00,2025-06-12 09:15:00
2025-06-12,S15,Germany,84.03,82.6,20.25,33.4,1.44,350,7.09,No,51.1657,10.4515,09:30:00,2025-06-12 09:30:00
2025-06-12,S2,Ireland,21.22,21.05,12.27,35.8,1.3,250,3.07,No,53.1424,-7.6921,09:45:00,2025-06-12 09:45:00
2025-06-12,S14,Ireland,54.46,91.02,14.53,27.4,1.21,250,3.63,No,53.1424,-7.6921,10:00:00,2025-06-12 10:00:00
2025-06-12,S2,Ireland,21.22,21.05,12.27,35.8,1.3,250,3.07,No,53.1424,-7.6921,10:15:00,2025-06-12 10:15:00
2025-06-12,S7,Germany,22.93,46.49,9.01,25.8,1.38,350,3.15,No,51.1657,10.4515,10:30:00,2025-06-12 10:30:00
2025-06-12,S13,Norway,34.51,38.83,15.66,38.7,1.36,50,0.78,No,60.472,8.4689,10:45:00,2025-06-12 10:45:00
2025-06-12,S13,Norway,34.51,38.83,15.66,38.7,1.36,50,0.78,No,60.472,8.4689,11:00:00,2025-06-12 11:00:00
2025-06-12,S4,Ireland,33.95,32.46,11.08,27.8,1.56,250,2.77,No,53.1424,-7.6921,11:15:00,2025-06-12 11:15:00
2025-06-12,S13,Norway,34.51,38.83,15.66,38.7,1.36,50,0.78,No,60.472,8.4689,11:30:00,2025-06-12 11:30:00
2025-06-12,S4,Ireland,33.95,32.46,11.08,27.8,1.56,250,2.77,No,53.1424,-7.6921,11:45:00,2025-06-12 11:45:00
2025-06-12,S2,Ireland,21.22,21.05,12.27,35.8,1.3,250,3.07,No,53.1424,-7.6921,12:00:00,2025-06-12 12:00:00
2025-06-12,S6,Norway,84.55,58.92,11.56,39.5,1.54,50,0.58,No,60.472,8.4689,12:15:00,2025-06-12 12:15:00
2025-06-12,S11,Norway,19.35,60.24,9.41,27.3,1.55,50,0.47,No,60.472,8.4689,12:30:00,2025-06-12 12:30:00
2025-06-12,S6,Norway,84.55,58.92,11.56,39.5,1.54,50,0.58,No,60.472,8.4689,12:45:00,2025-06-12 12:45:00
2025-06-12,S8,Germany,11.31,31.39,8.74,33.2,1.23,350,3.06,No,51.1657,10.4515,13:00:00,2025-06-12 13:00:00
2025-06-12,S10,Germany,20.32,60.63,17.51,31.7,1.55,350,6.13,No,51.1657,10.4515,13:15:00,2025-06-12 13:15:00
2025-06-12,S15,Germany,84.03,82.6,20.25,33.4,1.44,350,7.09,No,51.1657,10.4515,13:30:00,2025-06-12 13:30:00
2025-06-12,S13,Norway,34.51,38.83,15.66,38.7,1.36,50,0.78,No,60.472,8.4689,13:45:00,2025-06-12 13:45:00
2025-06-12,S4,Ireland,33.95,32.46,11.08,27.8,1.56,250,2.77,No,53.1424,-7.6921,14:00:00,2025-06-12 14:00:00
2025-06-12,S7,Germany,22.93,46.49,9.01,25.8,1.38,350,3.15,No,51.1657,10.4515,14:15:00,2025-06-12 14:15:00
2025-06-12,S7,Germany,22.93,46.49,9.01,25.8,1.38,350,3.15,No,51.1657,10.4515,14:30:00,2025-06-12 14:30:00
2025-06-12,S10,Germany,20.32,60.63,17.51,31.7,1.55,350,6.13,No,51.1657,10.4515,14:45:00,2025-06-12 14:45:00
2025-06-12,S8,Germany,11.31,31.39,8.74,33.2,1.23,350,3.06,No,51.1657,10.4515,15:00:00,2025-06-12 15:00:00
2025-06-12,S2,Ireland,21.22,21.05,12.27,35.8,1.3,250,3.07,No,53.1424,-7.6921,15:15:00,2025-06-12 15:15:00
2025-06-12,S6,Norway,84.55,58.92,11.56,39.5,1.54,50,0.58,No,60.472,8.4689,15:30:00,2025-06-12 15:30:00
2025-06-12,S7,Germany,22.93,46.49,9.01,25.8,1.38,350,3.15,No,51.1657,10.4515,15:45:00,2025-06-12 15:45:00
2025-06-12,S5,Germany,63.86,63.16,10.57,38.9,1.41,350,3.7,No,51.1657,10.4515,16:00:00,2025-06-12 16:00:00
2025-06-12,S8,Germany,11.31,31.39,8.74,33.2,1.23,350,3.06,No,51.1657,10.4515,16:15:00,2025-06-12 16:15:00
2025-06-12,S7,Germany,22.93,46.49,9.01,25.8,1.38,350,3.15,No,51.1657,10.4515,16:30:00,2025-06-12 16:30:00
2025-06-12,S8,Germany,11.31,31.39,8.74,33.2,1.23,350,3.06,No,51.1657,10.4515,16:45:00,2025-06-12 16:45:00
2025-06-12,S5,Germany,63.86,63.16,10.57,38.9,1.41,350,3.7,No,51.1657,10.4515,17:00:00,2025-06-12 17:00:00
2025-06-12,S15,Germany,84.03,82.6,20.25,33.4,1.44,350,7.09,No,51.1657,10.4515,17:15:00,2025-06-12 17:15:00
2025-06-12,S12,Norway,59.23,73.28,8.52,29.6,1.94,50,0.43,No,60.472,8.4689,17:30:00,2025-06-12 17:30:00
2025-06-12,S11,Norway,19.35,60.24,9.41,27.3,1.55,50,0.47,No,60.472,8.4689,17:45:00,2025-06-12 17:45:00
2025-06-12,S15,Germany,84.03,82.6,20.25,33.4,1.44,350,7.09,No,51.1657,10.4515,18:00:00,2025-06-12 18:00:00
2025-06-12,S7,Germany,22.93,46.49,9.01,25.8,1.38,350,3.15,No,51.1657,10.4515,18:15:00,2025-06-12 18:15:00
2025-06-12,S9,Ireland,22.48,26.53,16.99,26.7,1.6,250,4.25,No,53.1424,-7.6921,18:30:00,2025-06-12 18:30:00
2025-06-12,S14,Ireland,54.46,91.02,14.53,27.4,1.21,250,3.63,No,53.1424,-7.6921,18:45:00,2025-06-12 18:45:00
2025-06-12,S5,Germany,63.86,63.16,10.57,38.9,1.41,350,3.7,No,51.1657,10.4515,19:00:00,2025-06-12 19:00:00
2025-06-12,S10,Germany,20.32,60.63,17.51,31.7,1.55,350,6.13,No,51.1657,10.4515,19:15:00,2025-06-12 19:15:00
2025-06-12,S13,Norway,34.51,38.83,15.66,38.7,1.36,50,0.78,No,60.472,8.4689,19:30:00,2025-06-12 19:30:00
2025-06-12,S13,Norway,34.51,38.83,15.66,38.7,1.36,50,0.78,No,60.472,8.4689,19:45:00,2025-06-12 19:45:00
2025-06-12,S14,Ireland,54.46,91.02,14.53,27.4,1.21,250,3.63,No,53.1424,-7.6921,20:00:00,2025-06-12 20:00:00
2025-06-12,S15,Germany,84.03,82.6,20.25,33.4,1.44,350,7.09,No,51.1657,10.4515,20:15:00,2025-06-12 20:15:00
2025-06-12,S2,Ireland,21.22,21.05,12.27,35.8,1.3,250,3.07,No,53.1424,-7.6921,20:30:00,2025-06-12 20:30:00
2025-06-12,S9,Ireland,22.48,26.53,16.99,26.7,1.6,250,4.25,No,53.1424,-7.6921,20:45:00,2025-06-12 20:45:00
2025-06-12,S4,Ireland,33.95,32.46,11.08,27.8,1.56,250,2.77,No,53.1424,-7.6921,21:00:00,2025-06-12 21:00:00
2025-06-12,S6,Norway,84.55,58.92,11.56,39.5,1.54,50,0.58,No,60.472,8.4689,21:15:00,2025-06-12 21:15:00
2025-06-12,S12,Norway,59.23,73.28,8.52,29.6,1.94,50,0.43,No,60.472,8.4689,21:30:00,2025-06-12 21:30:00
2025-06-12,S4,Ireland,33.95,32.46,11.08,27.8,1.56,250,2.77,No,53.1424,-7.6921,21:45:00,2025-06-12 21:45:00
2025-06-12,S14,Ireland,54.46,91.02,14.53,27.4,1.21,250,3.63,No,53.1424,-7.6921,22:00:00,2025-06-12 22:00:00
2025-06-12,S9,Ireland,22.48,26.53,16.99,26.7,1.6,250,4.25,No,53.1424,-7.6921,22:15:00,2025-06-12 22:15:00
2025-06-12,S6,Norway,84.55,58.92,11.56,39.5,1.54,50,0.58,No,60.472,8.4689,22:30:00,2025-06-12 22:30:00
2025-06-12,S11,Norway,19.35,60.24,9.41,27.3,1.55,50,0.47,No,60.472,8.4689,22:45:00,2025-06-12 22:45:00
2025-06-12,S10,Germany,20.32,60.63,17.51,31.7,1.55,350,6.13,No,51.1657,10.4515,23:00:00,2025-06-12 23:00:00
2025-06-12,S1,Norway,75.98,54.57,20.86,39.9,1.83,50,1.04,No,60.472,8.4689,23:15:00,2025-06-12 23:15:00
2025-06-12,S2,Ireland,21.22,21.05,12.27,35.8,1.3,250,3.07,No,53.1424,-7.6921,23:30:00,2025-06-12 23:30:00
2025-06-12,S8,Germany,11.31,31.39,8.74,33.2,1.23,350,3.06,No,51.1657,10.4515,23:45:00,2025-06-12 23:45:00
2025-06-13,S2,Ireland,86.3,79.01,15.59,38.9,1.44,250,3.9,No,53.1424,-7.6921,00:00:00,2025-06-13 00:00:00
2025-06-13,S3,Ireland,46.8,68.1,7.57,29.6,1.99,250,1.89,No,53.1424,-7.6921,00:15:00,2025-06-13 00:15:00
2025-06-13,S15,Germany,11.19,65.74,7.21,38.2,1.48,350,2.52,No,51.1657,10.4515,00:30:00,2025-06-13 00:30:00
2025-06-13,S15,Germany,11.19,65.74,7.21,38.2,1.48,350,2.52,No,51.1657,10.4515,00:45:00,2025-06-13 00:45:00
2025-06-13,S10,Germany,18.08,90.46,21.65,29.3,1.2,350,7.58,No,51.1657,10.4515,01:00:00,2025-06-13 01:00:00
2025-06-13,S8,Germany,31.74,78.55,21.58,31.8,1.41,350,7.55,No,51.1657,10.4515,01:15:00,2025-06-13 01:15:00
2025-06-13,S9,Ireland,41.88,65.95,21.21,35.1,1.6,250,5.3,No,53.1424,-7.6921,01:30:00,2025-06-13 01:30:00
2025-06-13,S3,Ireland,46.8,68.1,7.57,29.6,1.99,250,1.89,No,53.1424,-7.6921,01:45:00,2025-06-13 01:45:00
2025-06-13,S12,Norway,22.47,79.58,12.13,29.1,1.58,50,0.61,No,60.472,8.4689,02:00:00,2025-06-13 02:00:00
2025-06-13,S8,Germany,31.74,78.55,21.58,31.8,1.41,350,7.55,No,51.1657,10.4515,02:15:00,2025-06-13 02:15:00
2025-06-13,S4,Ireland,18.14,32.42,17.89,36.2,1.47,250,4.47,No,53.1424,-7.6921,02:30:00,2025-06-13 02:30:00
2025-06-13,S15,Germany,11.19,65.74,7.21,38.2,1.48,350,2.52,No,51.1657,10.4515,02:45:00,2025-06-13 02:45:00
2025-06-13,S13,Norway,65.68,76.96,24.37,27.3,1.21,50,1.22,No,60.472,8.4689,03:00:00,2025-06-13 03:00:00
2025-06-13,S13,Norway,65.68,76.96,24.37,27.3,1.21,50,1.22,No,60.472,8.4689,03:15:00,2025-06-13 03:15:00
2025-06-13,S10,Germany,18.08,90.46,21.65,29.3,1.2,350,7.58,No,51.1657,10.4515,03:30:00,2025-06-13 03:30:00
2025-06-13,S13,Norway,65.68,76.96,24.37,27.3,1.21,50,1.22,No,60.472,8.4689,03:45:00,2025-06-13 03:45:00
2025-06-13,S9,Ireland,41.88,65.95,21.21,35.1,1.6,250,5.3,No,53.1424,-7.6921,04:00:00,2025-06-13 04:00:00
2025-06-13,S8,Germany,31.74,78.55,21.58,31.8,1.41,350,7.55,No,51.1657,10.4515,04:15:00,2025-06-13 04:15:00
2025-06-13,S13,Norway,65.68,76.96,24.37,27.3,1.21,50,1.22,No,60.472,8.4689,04:30:00,2025-06-13 04:30:00
2025-06-13,S9,Ireland,41.88,65.95,21.21,35.1,1.6,250,5.3,No,53.1424,-7.6921,04:45:00,2025-06-13 04:45:00
2025-06-13,S5,Germany,22.19,81.68,24.53,31.7,1.4,350,8.59,No,51.1657,10.4515,05:00:00,2025-06-13 05:00:00
2025-06-13,S14,Ireland,32.38,78.0,21.49,39.4,1.43,250,5.37,No,53.1424,-7.6921,05:15:00,2025-06-13 05:15:00
2025-06-13,S3,Ireland,46.8,68.1,7.57,29.6,1.99,250,1.89,No,53.1424,-7.6921,05:30:00,2025-06-13 05:30:00
2025-06-13,S1,Norway,30.37,77.6,8.22,31.6,1.58,50,0.41,No,60.472,8.4689,05:45:00,2025-06-13 05:45:00
2025-06-13,S8,Germany,31.74,78.55,21.58,31.8,1.41,350,7.55,No,51.1657,10.4515,06:00:00,2025-06-13 06:00:00
2025-06-13,S1,Norway,30.37,77.6,8.22,31.6,1.58,50,0.41,No,60.472,8.4689,06:15:00,2025-06-13 06:15:00
2025-06-13,S4,Ireland,18.14,32.42,17.89,36.2,1.47,250,4.47,No,53.1424,-7.6921,06:30:00,2025-06-13 06:30:00
2025-06-13,S15,Germany,11.19,65.74,7.21,38.2,1.48,350,2.52,No,51.1657,10.4515,06:45:00,2025-06-13 06:45:00
2025-06-13,S2,Ireland,86.3,79.01,15.59,38.9,1.44,250,3.9,No,53.1424,-7.6921,07:00:00,2025-06-13 07:00:00
2025-06-13,S5,Germany,22.19,81.68,24.53,31.7,1.4,350,8.59,No,51.1657,10.4515,07:15:00,2025-06-13 07:15:00
2025-06-13,S13,Norway,65.68,76.96,24.37,27.3,1.21,50,1.22,No,60.472,8.4689,07:30:00,2025-06-13 07:30:00
2025-06-13,S4,Ireland,18.14,32.42,17.89,36.2,1.47,250,4.47,No,53.1424,-7.6921,07:45:00,2025-06-13 07:45:00
2025-06-13,S11,Norway,59.03,81.33,13.44,28.7,1.23,50,0.67,No,60.472,8.4689,08:00:00,2025-06-13 08:00:00
2025-06-13,S2,Ireland,86.3,79.01,15.59,38.9,1.44,250,3.9,No,53.1424,-7.6921,08:15:00,2025-06-13 08:15:00
2025-06-13,S1,Norway,30.37,77.6,8.22,31.6,1.58,50,0.41,No,60.472,8.4689,08:30:00,2025-06-13 08:30:00
2025-06-13,S1,Norway,30.37,77.6,8.22,31.6,1.58,50,0.41,No,60.472,8.4689,08:45:00,2025-06-13 08:45:00
2025-06-13,S6,Norway,47.74,74.89,17.4,29.4,1.85,50,0.87,No,60.472,8.4689,09:00:00,2025-06-13 09:00:00
2025-06-13,S2,Ireland,86.3,79.01,15.59,38.9,1.44,250,3.9,No,53.1424,-7.6921,09:15:00,2025-06-13 09:15:00
2025-06-13,S1,Norway,30.37,77.6,8.22,31.6,1.58,50,0.41,No,60.472,8.4689,09:30:00,2025-06-13 09:30:00
2025-06-13,S14,Ireland,32.38,78.0,21.49,39.4,1.43,250,5.37,No,53.1424,-7.6921,09:45:00,2025-06-13 09:45:00
2025-06-13,S7,Germany,86.15,67.93,10.29,25.2,1.86,350,3.6,No,51.1657,10.4515,10:00:00,2025-06-13 10:00:00
2025-06-13,S11,Norway,59.03,81.33,13.44,28.7,1.23,50,0.67,No,60.472,8.4689,10:15:00,2025-06-13 10:15:00
2025-06-13,S15,Germany,11.19,65.74,7.21,38.2,1.48,350,2.52,No,51.1657,10.4515,10:30:00,2025-06-13 10:30:00
2025-06-13,S1,Norway,30.37,77.6,8.22,31.6,1.58,50,0.41,No,60.472,8.4689,10:45:00,2025-06-13 10:45:00
2025-06-13,S1,Norway,30.37,77.6,8.22,31.6,1.58,50,0.41,No,60.472,8.4689,11:00:00,2025-06-13 11:00:00
2025-06-13,S13,Norway,65.68,76.96,24.37,27.3,1.21,50,1.22,No,60.472,8.4689,11:15:00,2025-06-13 11:15:00
2025-06-13,S1,Norway,30.37,77.6,8.22,31.6,1.58,50,0.41,No,60.472,8.4689,11:30:00,2025-06-13 11:30:00
2025-06-13,S13,Norway,65.68,76.96,24.37,27.3,1.21,50,1.22,No,60.472,8.4689,11:45:00,2025-06-13 11:45:00
2025-06-13,S10,Germany,18.08,90.46,21.65,29.3,1.2,350,7.58,No,51.1657,10.4515,12:00:00,2025-06-13 12:00:00
2025-06-13,S8,Germany,31.74,78.55,21.58,31.8,1.41,350,7.55,No,51.1657,10.4515,12:15:00,2025-06-13 12:15:00
2025-06-13,S11,Norway,59.03,81.33,13.44,28.7,1.23,50,0.67,No,60.472,8.4689,12:30:00,2025-06-13 12:30:00
2025-06-13,S2,Ireland,86.3,79.01,15.59,38.9,1.44,250,3.9,No,53.1424,-7.6921,12:45:00,2025-06-13 12:45:00
2025-06-13,S14,Ireland,32.38,78.0,21.49,39.4,1.43,250,5.37,No,53.1424,-7.6921,13:00:00,2025-06-13 13:00:00
2025-06-13,S10,Germany,18.08,90.46,21.65,29.3,1.2,350,7.58,No,51.1657,10.4515,13:15:00,2025-06-13 13:15:00
2025-06-13,S13,Norway,65.68,76.96,24.37,27.3,1.21,50,1.22,No,60.472,8.4689,13:30:00,2025-06-13 13:30:00
2025-06-13,S12,Norway,22.47,79.58,12.13,29.1,1.58,50,0.61,No,60.472,8.4689,13:45:00,2025-06-13 13:45:00
2025-06-13,S5,Germany,22.19,81.68,24.53,31.7,1.4,350,8.59,No,51.1657,10.4515,14:00:00,2025-06-13 14:00:00
2025-06-13,S15,Germany,11.19,65.74,7.21,38.2,1.48,350,2.52,No,51.1657,10.4515,14:15:00,2025-06-13 14:15:00
2025-06-13,S6,Norway,47.74,74.89,17.4,29.4,1.85,50,0.87,No,60.472,8.4689,14:30:00,2025-06-13 14:30:00
2025-06-13,S2,Ireland,86.3,79.01,15.59,38.9,1.44,250,3.9,No,53.1424,-7.6921,14:45:00,2025-06-13 14:45:00
2025-06-13,S3,Ireland,46.8,68.1,7.57,29.6,1.99,250,1.89,No,53.1424,-7.6921,15:00:00,2025-06-13 15:00:00
2025-06-13,S7,Germany,86.15,67.93,10.29,25.2,1.86,350,3.6,No,51.1657,10.4515,15:15:00,2025-06-13 15:15:00
2025-06-13,S13,Norway,65.68,76.96,24.37,27.3,1.21,50,1.22,No,60.472,8.4689,15:30:00,2025-06-13 15:30:00
2025-06-13,S1,Norway,30.37,77.6,8.22,31.6,1.58,50,0.41,No,60.472,8.4689,15:45:00,2025-06-13 15:45:00
2025-06-13,S10,Germany,18.08,90.46,21.65,29.3,1.2,350,7.58,No,51.1657,10.4515,16:00:00,2025-06-13 16:00:00
2025-06-13,S15,Germany,11.19,65.74,7.21,38.2,1.48,350,2.52,No,51.1657,10.4515,16:15:00,2025-06-13 16:15:00
2025-06-13,S12,Norway,22.47,79.58,12.13,29.1,1.58,50,0.61,No,60.472,8.4689,16:30:00,2025-06-13 16:30:00
2025-06-13,S11,Norway,59.03,81.33,13.44,28.7,1.23,50,0.67,No,60.472,8.4689,16:45:00,2025-06-13 16:45:00
2025-06-13,S15,Germany,11.19,65.74,7.21,38.2,1.48,350,2.52,No,51.1657,10.4515,17:00:00,2025-06-13 17:00:00
2025-06-13,S11,Norway,59.03,81.33,13.44,28.7,1.23,50,0.67,No,60.472,8.4689,17:15:00,2025-06-13 17:15:00
2025-06-13,S5,Germany,22.19,81.68,24.53,31.7,1.4,350,8.59,No,51.1657,10.4515,17:30:00,2025-06-13 17:30:00
2025-06-13,S7,Germany,86.15,67.93,10.29,25.2,1.86,350,3.6,No,51.1657,10.4515,17:45:00,2025-06-13 17:45:00
2025-06-13,S5,Germany,22.19,81.68,24.53,31.7,1.4,350,8.59,No,51.1657,10.4515,18:00:00,2025-06-13 18:00:00
2025-06-13,S1,Norway,30.37,77.6,8.22,31.6,1.58,50,0.41,No,60.472,8.4689,18:15:00,2025-06-13 18:15:00
2025-06-13,S6,Norway,47.74,74.89,17.4,29.4,1.85,50,0.87,No,60.472,8.4689,18:30:00,2025-06-13 18:30:00
2025-06-13,S12,Norway,22.47,79.58,12.13,29.1,1.58,50,0.61,No,60.472,8.4689,18:45:00,2025-06-13 18:45:00
2025-06-13,S13,Norway,65.68,76.96,24.37,27.3,1.21,50,1.22,No,60.472,8.4689,19:00:00,2025-06-13 19:00:00
2025-06-13,S8,Germany,31.74,78.55,21.58,31.8,1.41,350,7.55,No,51.1657,10.4515,19:15:00,2025-06-13 19:15:00
2025-06-13,S2,Ireland,86.3,79.01,15.59,38.9,1.44,250,3.9,No,53.1424,-7.6921,19:30:00,2025-06-13 19:30:00
2025-06-13,S5,Germany,22.19,81.68,24.53,31.7,1.4,350,8.59,No,51.1657,10.4515,19:45:00,2025-06-13 19:45:00
2025-06-13,S5,Germany,22.19,81.68,24.53,31.7,1.4,350,8.59,No,51.1657,10.4515,20:00:00,2025-06-13 20:00:00
2025-06-13,S10,Germany,18.08,90.46,21.65,29.3,1.2,350,7.58,No,51.1657,10.4515,20:15:00,2025-06-13 20:15:00
2025-06-13,S14,Ireland,32.38,78.0,21.49,39.4,1.43,250,5.37,No,53.1424,-7.6921,20:30:00,2025-06-13 20:30:00
2025-06-13,S4,Ireland,18.14,32.42,17.89,36.2,1.47,250,4.47,No,53.1424,-7.6921,20:45:00,2025-06-13 20:45:00
2025-06-13,S2,Ireland,86.3,79.01,15.59,38.9,1.44,250,3.9,No,53.1424,-7.6921,21:00:00,2025-06-13 21:00:00
2025-06-13,S5,Germany,22.19,81.68,24.53,31.7,1.4,350,8.59,No,51.1657,10.4515,21:15:00,2025-06-13 21:15:00
2025-06-13,S15,Germany,11.19,65.74,7.21,38.2,1.48,350,2.52,No,51.1657,10.4515,21:30:00,2025-06-13 21:30:00
2025-06-13,S6,Norway,47.74,74.89,17.4,29.4,1.85,50,0.87,No,60.472,8.4689,21:45:00,2025-06-13 21:45:00
2025-06-13,S7,Germany,86.15,67.93,10.29,25.2,1.86,350,3.6,No,51.1657,10.4515,22:00:00,2025-06-13 22:00:00
2025-06-13,S2,Ireland,86.3,79.01,15.59,38.9,1.44,250,3.9,No,53.1424,-7.6921,22:15:00,2025-06-13 22:15:00
2025-06-13,S10,Germany,18.08,90.46,21.65,29.3,1.2,350,7.58,No,51.1657,10.4515,22:30:00,2025-06-13 22:30:00
2025-06-13,S8,Germany,31.74,78.55,21.58,31.8,1.41,350,7.55,No,51.1657,10.4515,22:45:00,2025-06-13 22:45:00
2025-06-13,S6,Norway,47.74,74.89,17.4,29.4,1.85,50,0.87,No,60.472,8.4689,23:00:00,2025-06-13 23:00:00
2025-06-13,S15,Germany,11.19,65.74,7.21,38.2,1.48,350,2.52,No,51.1657,10.4515,23:15:00,2025-06-13 23:15:00
2025-06-13,S2,Ireland,86.3,79.01,15.59,38.9,1.44,250,3.9,No,53.1424,-7.6921,23:30:00,2025-06-13 23:30:00
2025-06-13,S11,Norway,59.03,81.33,13.44,28.7,1.23,50,0.67,No,60.472,8.4689,23:45:00,2025-06-13 23:45:00
2025-06-14,S14,Ireland,32.64,22.96,19.76,26.3,1.59,250,4.94,No,53.1424,-7.6921,00:00:00,2025-06-14 00:00:00
2025-06-14,S15,Germany,58.73,76.91,18.37,39.4,1.42,350,6.43,No,51.1657,10.4515,00:15:00,2025-06-14 00:15:00
2025-06-14,S13,Norway,30.78,73.0,12.67,35.6,1.57,50,0.63,No,60.472,8.4689,00:30:00,2025-06-14 00:30:00
2025-06-14,S14,Ireland,32.64,22.96,19.76,26.3,1.59,250,4.94,No,53.1424,-7.6921,00:45:00,2025-06-14 00:45:00
2025-06-14,S6,Norway,76.1,69.13,10.7,28.6,1.55,50,0.54,No,60.472,8.4689,01:00:00,2025-06-14 01:00:00
2025-06-14,S8,Germany,88.57,22.22,15.48,33.2,1.53,350,5.42,No,51.1657,10.4515,01:15:00,2025-06-14 01:15:00
2025-06-14,S12,Norway,79.88,51.49,9.96,26.9,1.87,50,0.5,No,60.472,8.4689,01:30:00,2025-06-14 01:30:00
2025-06-14,S13,Norway,30.78,73.0,12.67,35.6,1.57,50,0.63,No,60.472,8.4689,01:45:00,2025-06-14 01:45:00
2025-06-14,S11,Norway,48.1,59.12,5.5,34.9,1.7,50,0.28,No,60.472,8.4689,02:00:00,2025-06-14 02:00:00
2025-06-14,S14,Ireland,32.64,22.96,19.76,26.3,1.59,250,4.94,No,53.1424,-7.6921,02:15:00,2025-06-14 02:15:00
2025-06-14,S2,Ireland,84.01,42.93,9.87,36.8,1.51,250,2.47,No,53.1424,-7.6921,02:30:00,2025-06-14 02:30:00
2025-06-14,S1,Norway,21.65,45.18,17.98,28.3,1.24,50,0.9,No,60.472,8.4689,02:45:00,2025-06-14 02:45:00
2025-06-14,S9,Ireland,83.15,48.58,20.76,34.8,1.45,250,5.19,No,53.1424,-7.6921,03:00:00,2025-06-14 03:00:00
2025-06-14,S12,Norway,79.88,51.49,9.96,26.9,1.87,50,0.5,No,60.472,8.4689,03:15:00,2025-06-14 03:15:00
2025-06-14,S14,Ireland,32.64,22.96,19.76,26.3,1.59,250,4.94,No,53.1424,-7.6921,03:30:00,2025-06-14 03:30:00
2025-06-14,S2,Ireland,84.01,42.93,9.87,36.8,1.51,250,2.47,No,53.1424,-7.6921,03:45:00,2025-06-14 03:45:00
2025-06-14,S1,Norway,21.65,45.18,17.98,28.3,1.24,50,0.9,No,60.472,8.4689,04:00:00,2025-06-14 04:00:00
2025-06-14,S1,Norway,21.65,45.18,17.98,28.3,1.24,50,0.9,No,60.472,8.4689,04:15:00,2025-06-14 04:15:00
2025-06-14,S14,Ireland,32.64,22.96,19.76,26.3,1.59,250,4.94,No,53.1424,-7.6921,04:30:00,2025-06-14 04:30:00
2025-06-14,S7,Germany,50.3,29.24,7.48,36.9,1.77,350,2.62,No,51.1657,10.4515,04:45:00,2025-06-14 04:45:00
2025-06-14,S7,Germany,50.3,29.24,7.48,36.9,1.77,350,2.62,No,51.1657,10.4515,05:00:00,2025-06-14 05:00:00
2025-06-14,S14,Ireland,32.64,22.96,19.76,26.3,1.59,250,4.94,No,53.1424,-7.6921,05:15:00,2025-06-14 05:15:00
2025-06-14,S6,Norway,76.1,69.13,10.7,28.6,1.55,50,0.54,No,60.472,8.4689,05:30:00,2025-06-14 05:30:00
2025-06-14,S1,Norway,21.65,45.18,17.98,28.3,1.24,50,0.9,No,60.472,8.4689,05:45:00,2025-06-14 05:45:00
2025-06-14,S10,Germany,75.06,29.83,8.62,27.8,1.61,350,3.02,No,51.1657,10.4515,06:00:00,2025-06-14 06:00:00
2025-06-14,S10,Germany,75.06,29.83,8.62,27.8,1.61,350,3.02,No,51.1657,10.4515,06:15:00,2025-06-14 06:15:00
2025-06-14,S12,Norway,79.88,51.49,9.96,26.9,1.87,50,0.5,No,60.472,8.4689,06:30:00,2025-06-14 06:30:00
2025-06-14,S6,Norway,76.1,69.13,10.7,28.6,1.55,50,0.54,No,60.472,8.4689,06:45:00,2025-06-14 06:45:00
2025-06-14,S2,Ireland,84.01,42.93,9.87,36.8,1.51,250,2.47,No,53.1424,-7.6921,07:00:00,2025-06-14 07:00:00
2025-06-14,S4,Ireland,26.67,59.06,14.87,29.7,1.63,250,3.72,No,53.1424,-7.6921,07:15:00,2025-06-14 07:15:00
2025-06-14,S15,Germany,58.73,76.91,18.37,39.4,1.42,350,6.43,No,51.1657,10.4515,07:30:00,2025-06-14 07:30:00
2025-06-14,S3,Ireland,42.88,74.56,5.49,35.9,1.27,250,1.37,No,53.1424,-7.6921,07:45:00,2025-06-14 07:45:00
2025-06-14,S5,Germany,83.17,44.74,15.88,38.4,1.38,350,5.56,No,51.1657,10.4515,08:00:00,2025-06-14 08:00:00
2025-06-14,S9,Ireland,83.15,48.58,20.76,34.8,1.45,250,5.19,No,53.1424,-7.6921,08:15:00,2025-06-14 08:15:00
2025-06-14,S8,Germany,88.57,22.22,15.48,33.2,1.53,350,5.42,No,51.1657,10.4515,08:30:00,2025-06-14 08:30:00
2025-06-14,S12,Norway,79.88,51.49,9.96,26.9,1.87,50,0.5,No,60.472,8.4689,08:45:00,2025-06-14 08:45:00
2025-06-14,S9,Ireland,83.15,48.58,20.76,34.8,1.45,250,5.19,No,53.1424,-7.6921,09:00:00,2025-06-14 09:00:00
2025-06-14,S12,Norway,79.88,51.49,9.96,26.9,1.87,50,0.5,No,60.472,8.4689,09:15:00,2025-06-14 09:15:00
2025-06-14,S13,Norway,30.78,73.0,12.67,35.6,1.57,50,0.63,No,60.472,8.4689,09:30:00,2025-06-14 09:30:00
2025-06-14,S9,Ireland,83.15,48.58,20.76,34.8,1.45,250,5.19,No,53.1424,-7.6921,09:45:00,2025-06-14 09:45:00
2025-06-14,S11,Norway,48.1,59.12,5.5,34.9,1.7,50,0.28,No,60.472,8.4689,10:00:00,2025-06-14 10:00:00
2025-06-14,S7,Germany,50.3,29.24,7.48,36.9,1.77,350,2.62,No,51.1657,10.4515,10:15:00,2025-06-14 10:15:00
2025-06-14,S5,Germany,83.17,44.74,15.88,38.4,1.38,350,5.56,No,51.1657,10.4515,10:30:00,2025-06-14 10:30:00
2025-06-14,S12,Norway,79.88,51.49,9.96,26.9,1.87,50,0.5,No,60.472,8.4689,10:45:00,2025-06-14 10:45:00
2025-06-14,S9,Ireland,83.15,48.58,20.76,34.8,1.45,250,5.19,No,53.1424,-7.6921,11:00:00,2025-06-14 11:00:00
2025-06-14,S14,Ireland,32.64,22.96,19.76,26.3,1.59,250,4.94,No,53.1424,-7.6921,11:15:00,2025-06-14 11:15:00
2025-06-14,S9,Ireland,83.15,48.58,20.76,34.8,1.45,250,5.19,No,53.1424,-7.6921,11:30:00,2025-06-14 11:30:00
2025-06-14,S6,Norway,76.1,69.13,10.7,28.6,1.55,50,0.54,No,60.472,8.4689,11:45:00,2025-06-14 11:45:00
2025-06-14,S5,Germany,83.17,44.74,15.88,38.4,1.38,350,5.56,No,51.1657,10.4515,12:00:00,2025-06-14 12:00:00
2025-06-14,S8,Germany,88.57,22.22,15.48,33.2,1.53,350,5.42,No,51.1657,10.4515,12:15:00,2025-06-14 12:15:00
2025-06-14,S4,Ireland,26.67,59.06,14.87,29.7,1.63,250,3.72,No,53.1424,-7.6921,12:30:00,2025-06-14 12:30:00
2025-06-14,S13,Norway,30.78,73.0,12.67,35.6,1.57,50,0.63,No,60.472,8.4689,12:45:00,2025-06-14 12:45:00
2025-06-14,S10,Germany,75.06,29.83,8.62,27.8,1.61,350,3.02,No,51.1657,10.4515,13:00:00,2025-06-14 13:00:00
2025-06-14,S11,Norway,48.1,59.12,5.5,34.9,1.7,50,0.28,No,60.472,8.4689,13:15:00,2025-06-14 13:15:00
2025-06-14,S13,Norway,30.78,73.0,12.67,35.6,1.57,50,0.63,No,60.472,8.4689,13:30:00,2025-06-14 13:30:00
2025-06-14,S3,Ireland,42.88,74.56,5.49,35.9,1.27,250,1.37,No,53.1424,-7.6921,13:45:00,2025-06-14 13:45:00
2025-06-14,S4,Ireland,26.67,59.06,14.87,29.7,1.63,250,3.72,No,53.1424,-7.6921,14:00:00,2025-06-14 14:00:00
2025-06-14,S10,Germany,75.06,29.83,8.62,27.8,1.61,350,3.02,No,51.1657,10.4515,14:15:00,2025-06-14 14:15:00
2025-06-14,S1,Norway,21.65,45.18,17.98,28.3,1.24,50,0.9,No,60.472,8.4689,14:30:00,2025-06-14 14:30:00
2025-06-14,S10,Germany,75.06,29.83,8.62,27.8,1.61,350,3.02,No,51.1657,10.4515,14:45:00,2025-06-14 14:45:00
2025-06-14,S13,Norway,30.78,73.0,12.67,35.6,1.57,50,0.63,No,60.472,8.4689,15:00:00,2025-06-14 15:00:00
2025-06-14,S6,Norway,76.1,69.13,10.7,28.6,1.55,50,0.54,No,60.472,8.4689,15:15:00,2025-06-14 15:15:00
2025-06-14,S13,Norway,30.78,73.0,12.67,35.6,1.57,50,0.63,No,60.472,8.4689,15:30:00,2025-06-14 15:30:00
2025-06-14,S3,Ireland,42.88,74.56,5.49,35.9,1.27,250,1.37,No,53.1424,-7.6921,15:45:00,2025-06-14 15:45:00
2025-06-14,S2,Ireland,84.01,42.93,9.87,36.8,1.51,250,2.47,No,53.1424,-7.6921,16:00:00,2025-06-14 16:00:00
2025-06-14,S8,Germany,88.57,22.22,15.48,33.2,1.53,350,5.42,No,51.1657,10.4515,16:15:00,2025-06-14 16:15:00
2025-06-14,S15,Germany,58.73,76.91,18.37,39.4,1.42,350,6.43,No,51.1657,10.4515,16:30:00,2025-06-14 16:30:00
2025-06-14,S11,Norway,48.1,59.12,5.5,34.9,1.7,50,0.28,No,60.472,8.4689,16:45:00,2025-06-14 16:45:00
2025-06-14,S6,Norway,76.1,69.13,10.7,28.6,1.55,50,0.54,No,60.472,8.4689,17:00:00,2025-06-14 17:00:00
2025-06-14,S7,Germany,50.3,29.24,7.48,36.9,1.77,350,2.62,No,51.1657,10.4515,17:15:00,2025-06-14 17:15:00
2025-06-14,S13,Norway,30.78,73.0,12.67,35.6,1.57,50,0.63,No,60.472,8.4689,17:30:00,2025-06-14 17:30:00
2025-06-14,S6,Norway,76.1,69.13,10.7,28.6,1.55,50,0.54,No,60.472,8.4689,17:45:00,2025-06-14 17:45:00
2025-06-14,S13,Norway,30.78,73.0,12.67,35.6,1.57,50,0.63,No,60.472,8.4689,18:00:00,2025-06-14 18:00:00
2025-06-14,S10,Germany,75.06,29.83,8.62,27.8,1.61,350,3.02,No,51.1657,10.4515,18:15:00,2025-06-14 18:15:00
2025-06-14,S5,Germany,83.17,44.74,15.88,38.4,1.38,350,5.56,No,51.1657,10.4515,18:30:00,2025-06-14 18:30:00
2025-06-14,S12,Norway,79.88,51.49,9.96,26.9,1.87,50,0.5,No,60.472,8.4689,18:45:00,2025-06-14 18:45:00
2025-06-14,S1,Norway,21.65,45.18,17.98,28.3,1.24,50,0.9,No,60.472,8.4689,19:00:00,2025-06-14 19:00:00
2025-06-14,S6,Norway,76.1,69.13,10.7,28.6,1.55,50,0.54,No,60.472,8.4689,19:15:00,2025-06-14 19:15:00
2025-06-14,S2,Ireland,84.01,42.93,9.87,36.8,1.51,250,2.47,No,53.1424,-7.6921,19:30:00,2025-06-14 19:30:00
2025-06-14,S14,Ireland,32.64,22.96,19.76,26.3,1.59,250,4.94,No,53.1424,-7.6921,19:45:00,2025-06-14 19:45:00
2025-06-14,S1,Norway,21.65,45.18,17.98,28.3,1.24,50,0.9,No,60.472,8.4689,20:00:00,2025-06-14 20:00:00
2025-06-14,S7,Germany,50.3,29.24,7.48,36.9,1.77,350,2.62,No,51.1657,10.4515,20:15:00,2025-06-14 20:15:00
2025-06-14,S5,Germany,83.17,44.74,15.88,38.4,1.38,350,5.56,No,51.1657,10.4515,20:30:00,2025-06-14 20:30:00
2025-06-14,S2,Ireland,84.01,42.93,9.87,36.8,1.51,250,2.47,No,53.1424,-7.6921,20:45:00,2025-06-14 20:45:00
2025-06-14,S5,Germany,83.17,44.74,15.88,38.4,1.38,350,5.56,No,51.1657,10.4515,21:00:00,2025-06-14 21:00:00
2025-06-14,S10,Germany,75.06,29.83,8.62,27.8,1.61,350,3.02,No,51.1657,10.4515,21:15:00,2025-06-14 21:15:00
2025-06-14,S9,Ireland,83.15,48.58,20.76,34.8,1.45,250,5.19,No,53.1424,-7.6921,21:30:00,2025-06-14 21:30:00
2025-06-14,S1,Norway,21.65,45.18,17.98,28.3,1.24,50,0.9,No,60.472,8.4689,21:45:00,2025-06-14 21:45:00
2025-06-14,S7,Germany,50.3,29.24,7.48,36.9,1.77,350,2.62,No,51.1657,10.4515,22:00:00,2025-06-14 22:00:00
2025-06-14,S1,Norway,21.65,45.18,17.98,28.3,1.24,50,0.9,No,60.472,8.4689,22:15:00,2025-06-14 22:15:00
2025-06-14,S12,Norway,79.88,51.49,9.96,26.9,1.87,50,0.5,No,60.472,8.4689,22:30:00,2025-06-14 22:30:00
2025-06-14,S12,Norway,79.88,51.49,9.96,26.9,1.87,50,0.5,No,60.472,8.4689,22:45:00,2025-06-14 22:45:00
2025-06-14,S5,Germany,83.17,44.74,15.88,38.4,1.38,350,5.56,No,51.1657,10.4515,23:00:00,2025-06-14 23:00:00
2025-06-14,S9,Ireland,83.15,48.58,20.76,34.8,1.45,250,5.19,No,53.1424,-7.6921,23:15:00,2025-06-14 23:15:00
2025-06-14,S1,Norway,21.65,45.18,17.98,28.3,1.24,50,0.9,No,60.472,8.4689,23:30:00,2025-06-14 23:30:00
2025-06-14,S13,Norway,30.78,73.0,12.67,35.6,1.57,50,0.63,No,60.472,8.4689,23:45:00,2025-06-14 23:45:00
2025-06-15,S12,Norway,50.98,23.71,23.14,35.1,1.35,50,1.16,No,60.472,8.4689,00:00:00,2025-06-15 00:00:00
2025-06-15,S3,Ireland,52.07,69.82,22.73,28.6,1.25,250,5.68,No,53.1424,-7.6921,00:15:00,2025-06-15 00:15:00
2025-06-15,S5,Germany,12.24,67.48,8.76,34.0,1.43,350,3.07,No,51.1657,10.4515,00:30:00,2025-06-15 00:30:00
2025-06-15,S2,Ireland,63.03,81.13,12.32,37.8,1.76,250,3.08,No,53.1424,-7.6921,00:45:00,2025-06-15 00:45:00
2025-06-15,S3,Ireland,52.07,69.82,22.73,28.6,1.25,250,5.68,No,53.1424,-7.6921,01:00:00,2025-06-15 01:00:00
2025-06-15,S5,Germany,12.24,67.48,8.76,34.0,1.43,350,3.07,No,51.1657,10.4515,01:15:00,2025-06-15 01:15:00
2025-06-15,S13,Norway,18.33,83.13,23.76,34.3,1.24,50,1.19,No,60.472,8.4689,01:30:00,2025-06-15 01:30:00
2025-06-15,S4,Ireland,12.32,57.34,13.31,36.4,1.61,250,3.33,No,53.1424,-7.6921,01:45:00,2025-06-15 01:45:00
2025-06-15,S12,Norway,50.98,23.71,23.14,35.1,1.35,50,1.16,No,60.472,8.4689,02:00:00,2025-06-15 02:00:00
2025-06-15,S6,Norway,26.92,48.27,16.62,35.4,1.33,50,0.83,No,60.472,8.4689,02:15:00,2025-06-15 02:15:00
2025-06-15,S3,Ireland,52.07,69.82,22.73,28.6,1.25,250,5.68,No,53.1424,-7.6921,02:30:00,2025-06-15 02:30:00
2025-06-15,S15,Germany,57.49,36.39,6.23,39.8,1.48,350,2.18,No,51.1657,10.4515,02:45:00,2025-06-15 02:45:00
2025-06-15,S7,Germany,28.29,27.6,22.89,29.6,1.29,350,8.01,No,51.1657,10.4515,03:00:00,2025-06-15 03:00:00
2025-06-15,S4,Ireland,12.32,57.34,13.31,36.4,1.61,250,3.33,No,53.1424,-7.6921,03:15:00,2025-06-15 03:15:00
2025-06-15,S15,Germany,57.49,36.39,6.23,39.8,1.48,350,2.18,No,51.1657,10.4515,03:30:00,2025-06-15 03:30:00
2025-06-15,S7,Germany,28.29,27.6,22.89,29.6,1.29,350,8.01,No,51.1657,10.4515,03:45:00,2025-06-15 03:45:00
2025-06-15,S13,Norway,18.33,83.13,23.76,34.3,1.24,50,1.19,No,60.472,8.4689,04:00:00,2025-06-15 04:00:00
2025-06-15,S15,Germany,57.49,36.39,6.23,39.8,1.48,350,2.18,No,51.1657,10.4515,04:15:00,2025-06-15 04:15:00
2025-06-15,S4,Ireland,12.32,57.34,13.31,36.4,1.61,250,3.33,No,53.1424,-7.6921,04:30:00,2025-06-15 04:30:00
2025-06-15,S9,Ireland,53.71,54.06,24.15,31.1,1.93,250,6.04,No,53.1424,-7.6921,04:45:00,2025-06-15 04:45:00
2025-06-15,S3,Ireland,52.07,69.82,22.73,28.6,1.25,250,5.68,No,53.1424,-7.6921,05:00:00,2025-06-15 05:00:00
2025-06-15,S15,Germany,57.49,36.39,6.23,39.8,1.48,350,2.18,No,51.1657,10.4515,05:15:00,2025-06-15 05:15:00
2025-06-15,S2,Ireland,63.03,81.13,12.32,37.8,1.76,250,3.08,No,53.1424,-7.6921,05:30:00,2025-06-15 05:30:00
2025-06-15,S1,Norway,83.01,41.5,12.84,35.5,1.36,50,0.64,No,60.472,8.4689,05:45:00,2025-06-15 05:45:00
2025-06-15,S7,Germany,28.29,27.6,22.89,29.6,1.29,350,8.01,No,51.1657,10.4515,06:00:00,2025-06-15 06:00:00
2025-06-15,S12,Norway,50.98,23.71,23.14,35.1,1.35,50,1.16,No,60.472,8.4689,06:15:00,2025-06-15 06:15:00
2025-06-15,S14,Ireland,75.44,27.61,6.82,25.9,1.83,250,1.71,No,53.1424,-7.6921,06:30:00,2025-06-15 06:30:00
2025-06-15,S9,Ireland,53.71,54.06,24.15,31.1,1.93,250,6.04,No,53.1424,-7.6921,06:45:00,2025-06-15 06:45:00
2025-06-15,S14,Ireland,75.44,27.61,6.82,25.9,1.83,250,1.71,No,53.1424,-7.6921,07:00:00,2025-06-15 07:00:00
2025-06-15,S8,Germany,18.9,40.85,23.82,36.5,1.87,350,8.34,No,51.1657,10.4515,07:15:00,2025-06-15 07:15:00
2025-06-15,S11,Norway,85.25,86.33,16.72,35.0,1.52,50,0.84,No,60.472,8.4689,07:30:00,2025-06-15 07:30:00
2025-06-15,S13,Norway,18.33,83.13,23.76,34.3,1.24,50,1.19,No,60.472,8.4689,07:45:00,2025-06-15 07:45:00
2025-06-15,S12,Norway,50.98,23.71,23.14,35.1,1.35,50,1.16,No,60.472,8.4689,08:00:00,2025-06-15 08:00:00
2025-06-15,S11,Norway,85.25,86.33,16.72,35.0,1.52,50,0.84,No,60.472,8.4689,08:15:00,2025-06-15 08:15:00
2025-06-15,S6,Norway,26.92,48.27,16.62,35.4,1.33,50,0.83,No,60.472,8.4689,08:30:00,2025-06-15 08:30:00
2025-06-15,S3,Ireland,52.07,69.82,22.73,28.6,1.25,250,5.68,No,53.1424,-7.6921,08:45:00,2025-06-15 08:45:00
2025-06-15,S10,Germany,74.8,41.11,14.64,37.7,1.66,350,5.12,No,51.1657,10.4515,09:00:00,2025-06-15 09:00:00
2025-06-15,S5,Germany,12.24,67.48,8.76,34.0,1.43,350,3.07,No,51.1657,10.4515,09:15:00,2025-06-15 09:15:00
2025-06-15,S3,Ireland,52.07,69.82,22.73,28.6,1.25,250,5.68,No,53.1424,-7.6921,09:30:00,2025-06-15 09:30:00
2025-06-15,S8,Germany,18.9,40.85,23.82,36.5,1.87,350,8.34,No,51.1657,10.4515,09:45:00,2025-06-15 09:45:00
2025-06-15,S12,Norway,50.98,23.71,23.14,35.1,1.35,50,1.16,No,60.472,8.4689,10:00:00,2025-06-15 10:00:00
2025-06-15,S14,Ireland,75.44,27.61,6.82,25.9,1.83,250,1.71,No,53.1424,-7.6921,10:15:00,2025-06-15 10:15:00
2025-06-15,S7,Germany,28.29,27.6,22.89,29.6,1.29,350,8.01,No,51.1657,10.4515,10:30:00,2025-06-15 10:30:00
2025-06-15,S13,Norway,18.33,83.13,23.76,34.3,1.24,50,1.19,No,60.472,8.4689,10:45:00,2025-06-15 10:45:00
2025-06-15,S9,Ireland,53.71,54.06,24.15,31.1,1.93,250,6.04,No,53.1424,-7.6921,11:00:00,2025-06-15 11:00:00
2025-06-15,S2,Ireland,63.03,81.13,12.32,37.8,1.76,250,3.08,No,53.1424,-7.6921,11:15:00,2025-06-15 11:15:00
2025-06-15,S9,Ireland,53.71,54.06,24.15,31.1,1.93,250,6.04,No,53.1424,-7.6921,11:30:00,2025-06-15 11:30:00
2025-06-15,S8,Germany,18.9,40.85,23.82,36.5,1.87,350,8.34,No,51.1657,10.4515,11:45:00,2025-06-15 11:45:00
2025-06-15,S15,Germany,57.49,36.39,6.23,39.8,1.48,350,2.18,No,51.1657,10.4515,12:00:00,2025-06-15 12:00:00
2025-06-15,S13,Norway,18.33,83.13,23.76,34.3,1.24,50,1.19,No,60.472,8.4689,12:15:00,2025-06-15 12:15:00
2025-06-15,S8,Germany,18.9,40.85,23.82,36.5,1.87,350,8.34,No,51.1657,10.4515,12:30:00,2025-06-15 12:30:00
2025-06-15,S4,Ireland,12.32,57.34,13.31,36.4,1.61,250,3.33,No,53.1424,-7.6921,12:45:00,2025-06-15 12:45:00
2025-06-15,S8,Germany,18.9,40.85,23.82,36.5,1.87,350,8.34,No,51.1657,10.4515,13:00:00,2025-06-15 13:00:00
2025-06-15,S2,Ireland,63.03,81.13,12.32,37.8,1.76,250,3.08,No,53.1424,-7.6921,13:15:00,2025-06-15 13:15:00
2025-06-15,S6,Norway,26.92,48.27,16.62,35.4,1.33,50,0.83,No,60.472,8.4689,13:30:00,2025-06-15 13:30:00
2025-06-15,S9,Ireland,53.71,54.06,24.15,31.1,1.93,250,6.04,No,53.1424,-7.6921,13:45:00,2025-06-15 13:45:00
2025-06-15,S11,Norway,85.25,86.33,16.72,35.0,1.52,50,0.84,No,60.472,8.4689,14:00:00,2025-06-15 14:00:00
2025-06-15,S1,Norway,83.01,41.5,12.84,35.5,1.36,50,0.64,No,60.472,8.4689,14:15:00,2025-06-15 14:15:00
2025-06-15,S5,Germany,12.24,67.48,8.76,34.0,1.43,350,3.07,No,51.1657,10.4515,14:30:00,2025-06-15 14:30:00
2025-06-15,S6,Norway,26.92,48.27,16.62,35.4,1.33,50,0.83,No,60.472,8.4689,14:45:00,2025-06-15 14:45:00
2025-06-15,S14,Ireland,75.44,27.61,6.82,25.9,1.83,250,1.71,No,53.1424,-7.6921,15:00:00,2025-06-15 15:00:00
2025-06-15,S10,Germany,74.8,41.11,14.64,37.7,1.66,350,5.12,No,51.1657,10.4515,15:15:00,2025-06-15 15:15:00
2025-06-15,S3,Ireland,52.07,69.82,22.73,28.6,1.25,250,5.68,No,53.1424,-7.6921,15:30:00,2025-06-15 15:30:00
2025-06-15,S13,Norway,18.33,83.13,23.76,34.3,1.24,50,1.19,No,60.472,8.4689,15:45:00,2025-06-15 15:45:00
2025-06-15,S8,Germany,18.9,40.85,23.82,36.5,1.87,350,8.34,No,51.1657,10.4515,16:00:00,2025-06-15 16:00:00
2025-06-15,S8,Germany,18.9,40.85,23.82,36.5,1.87,350,8.34,No,51.1657,10.4515,16:15:00,2025-06-15 16:15:00
2025-06-15,S9,Ireland,53.71,54.06,24.15,31.1,1.93,250,6.04,No,53.1424,-7.6921,16:30:00,2025-06-15 16:30:00
2025-06-15,S10,Germany,74.8,41.11,14.64,37.7,1.66,350,5.12,No,51.1657,10.4515,16:45:00,2025-06-15 16:45:00
2025-06-15,S1,Norway,83.01,41.5,12.84,35.5,1.36,50,0.64,No,60.472,8.4689,17:00:00,2025-06-15 17:00:00
2025-06-15,S5,Germany,12.24,67.48,8.76,34.0,1.43,350,3.07,No,51.1657,10.4515,17:15:00,2025-06-15 17:15:00
2025-06-15,S2,Ireland,63.03,81.13,12.32,37.8,1.76,250,3.08,No,53.1424,-7.6921,17:30:00,2025-06-15 17:30:00
2025-06-15,S8,Germany,18.9,40.85,23.82,36.5,1.87,350,8.34,No,51.1657,10.4515,17:45:00,2025-06-15 17:45:00
2025-06-15,S13,Norway,18.33,83.13,23.76,34.3,1.24,50,1.19,No,60.472,8.4689,18:00:00,2025-06-15 18:00:00
2025-06-15,S13,Norway,18.33,83.13,23.76,34.3,1.24,50,1.19,No,60.472,8.4689,18:15:00,2025-06-15 18:15:00
2025-06-15,S10,Germany,74.8,41.11,14.64,37.7,1.66,350,5.12,No,51.1657,10.4515,18:30:00,2025-06-15 18:30:00
2025-06-15,S8,Germany,18.9,40.85,23.82,36.5,1.87,350,8.34,No,51.1657,10.4515,18:45:00,2025-06-15 18:45:00
2025-06-15,S4,Ireland,12.32,57.34,13.31,36.4,1.61,250,3.33,No,53.1424,-7.6921,19:00:00,2025-06-15 19:00:00
2025-06-15,S7,Germany,28.29,27.6,22.89,29.6,1.29,350,8.01,No,51.1657,10.4515,19:15:00,2025-06-15 19:15:00
2025-06-15,S12,Norway,50.98,23.71,23.14,35.1,1.35,50,1.16,No,60.472,8.4689,19:30:00,2025-06-15 19:30:00
2025-06-15,S10,Germany,74.8,41.11,14.64,37.7,1.66,350,5.12,No,51.1657,10.4515,19:45:00,2025-06-15 19:45:00
2025-06-15,S4,Ireland,12.32,57.34,13.31,36.4,1.61,250,3.33,No,53.1424,-7.6921,20:00:00,2025-06-15 20:00:00
2025-06-15,S12,Norway,50.98,23.71,23.14,35.1,1.35,50,1.16,No,60.472,8.4689,20:15:00,2025-06-15 20:15:00
2025-06-15,S6,Norway,26.92,48.27,16.62,35.4,1.33,50,0.83,No,60.472,8.4689,20:30:00,2025-06-15 20:30:00
2025-06-15,S13,Norway,18.33,83.13,23.76,34.3,1.24,50,1.19,No,60.472,8.4689,20:45:00,2025-06-15 20:45:00
2025-06-15,S14,Ireland,75.44,27.61,6.82,25.9,1.83,250,1.71,No,53.1424,-7.6921,21:00:00,2025-06-15 21:00:00
2025-06-15,S15,Germany,57.49,36.39,6.23,39.8,1.48,350,2.18,No,51.1657,10.4515,21:15:00,2025-06-15 21:15:00
2025-06-15,S3,Ireland,52.07,69.82,22.73,28.6,1.25,250,5.68,No,53.1424,-7.6921,21:30:00,2025-06-15 21:30:00
2025-06-15,S12,Norway,50.98,23.71,23.14,35.1,1.35,50,1.16,No,60.472,8.4689,21:45:00,2025-06-15 21:45:00
2025-06-15,S2,Ireland,63.03,81.13,12.32,37.8,1.76,250,3.08,No,53.1424,-7.6921,22:00:00,2025-06-15 22:00:00
2025-06-15,S11,Norway,85.25,86.33,16.72,35.0,1.52,50,0.84,No,60.472,8.4689,22:15:00,2025-06-15 22:15:00
2025-06-15,S9,Ireland,53.71,54.06,24.15,31.1,1.93,250,6.04,No,53.1424,-7.6921,22:30:00,2025-06-15 22:30:00
2025-06-15,S14,Ireland,75.44,27.61,6.82,25.9,1.83,250,1.71,No,53.1424,-7.6921,22:45:00,2025-06-15 22:45:00
2025-06-15,S1,Norway,83.01,41.5,12.84,35.5,1.36,50,0.64,No,60.472,8.4689,23:00:00,2025-06-15 23:00:00
2025-06-15,S11,Norway,85.25,86.33,16.72,35.0,1.52,50,0.84,No,60.472,8.4689,23:15:00,2025-06-15 23:15:00
2025-06-15,S5,Germany,12.24,67.48,8.76,34.0,1.43,350,3.07,No,51.1657,10.4515,23:30:00,2025-06-15 23:30:00
2025-06-15,S4,Ireland,12.32,57.34,13.31,36.4,1.61,250,3.33,No,53.1424,-7.6921,23:45:00,2025-06-15 23:45:00
2025-06-16,S2,Ireland,89.47,84.16,23.75,25.4,1.76,250,5.94,No,53.1424,-7.6921,00:00:00,2025-06-16 00:00:00
2025-06-16,S14,Ireland,49.68,78.52,11.06,39.0,1.86,250,2.77,No,53.1424,-7.6921,00:15:00,2025-06-16 00:15:00
2025-06-16,S13,Norway,38.17,72.45,8.28,30.4,1.6,50,0.41,No,60.472,8.4689,00:30:00,2025-06-16 00:30:00
2025-06-16,S4,Ireland,86.04,61.91,6.05,28.3,1.59,250,1.51,No,53.1424,-7.6921,00:45:00,2025-06-16 00:45:00
2025-06-16,S15,Germany,11.03,65.77,6.83,26.3,1.22,350,2.39,No,51.1657,10.4515,01:00:00,2025-06-16 01:00:00
2025-06-16,S11,Norway,14.84,51.72,8.58,33.1,1.35,50,0.43,No,60.472,8.4689,01:15:00,2025-06-16 01:15:00
2025-06-16,S11,Norway,14.84,51.72,8.58,33.1,1.35,50,0.43,No,60.472,8.4689,01:30:00,2025-06-16 01:30:00
2025-06-16,S8,Germany,10.65,75.02,19.33,35.6,1.97,350,6.77,No,51.1657,10.4515,01:45:00,2025-06-16 01:45:00
2025-06-16,S8,Germany,10.65,75.02,19.33,35.6,1.97,350,6.77,No,51.1657,10.4515,02:00:00,2025-06-16 02:00:00
2025-06-16,S6,Norway,70.44,79.71,24.07,39.8,1.55,50,1.2,No,60.472,8.4689,02:15:00,2025-06-16 02:15:00
2025-06-16,S6,Norway,70.44,79.71,24.07,39.8,1.55,50,1.2,No,60.472,8.4689,02:30:00,2025-06-16 02:30:00
2025-06-16,S1,Norway,22.07,22.89,9.62,38.9,1.34,50,0.48,No,60.472,8.4689,02:45:00,2025-06-16 02:45:00
2025-06-16,S8,Germany,10.65,75.02,19.33,35.6,1.97,350,6.77,No,51.1657,10.4515,03:00:00,2025-06-16 03:00:00
2025-06-16,S3,Ireland,35.37,47.75,15.03,31.8,1.99,250,3.76,No,53.1424,-7.6921,03:15:00,2025-06-16 03:15:00
2025-06-16,S3,Ireland,35.37,47.75,15.03,31.8,1.99,250,3.76,No,53.1424,-7.6921,03:30:00,2025-06-16 03:30:00
2025-06-16,S5,Germany,12.62,54.09,14.42,40.0,1.34,350,5.05,No,51.1657,10.4515,03:45:00,2025-06-16 03:45:00
2025-06-16,S15,Germany,11.03,65.77,6.83,26.3,1.22,350,2.39,No,51.1657,10.4515,04:00:00,2025-06-16 04:00:00
2025-06-16,S12,Norway,29.77,52.68,17.46,34.7,1.46,50,0.87,No,60.472,8.4689,04:15:00,2025-06-16 04:15:00
2025-06-16,S5,Germany,12.62,54.09,14.42,40.0,1.34,350,5.05,No,51.1657,10.4515,04:30:00,2025-06-16 04:30:00
2025-06-16,S8,Germany,10.65,75.02,19.33,35.6,1.97,350,6.77,No,51.1657,10.4515,04:45:00,2025-06-16 04:45:00
2025-06-16,S8,Germany,10.65,75.02,19.33,35.6,1.97,350,6.77,No,51.1657,10.4515,05:00:00,2025-06-16 05:00:00
2025-06-16,S11,Norway,14.84,51.72,8.58,33.1,1.35,50,0.43,No,60.472,8.4689,05:15:00,2025-06-16 05:15:00
2025-06-16,S6,Norway,70.44,79.71,24.07,39.8,1.55,50,1.2,No,60.472,8.4689,05:30:00,2025-06-16 05:30:00
2025-06-16,S2,Ireland,89.47,84.16,23.75,25.4,1.76,250,5.94,No,53.1424,-7.6921,05:45:00,2025-06-16 05:45:00
2025-06-16,S10,Germany,27.02,94.97,8.38,30.1,1.79,350,2.93,No,51.1657,10.4515,06:00:00,2025-06-16 06:00:00
2025-06-16,S9,Ireland,50.35,62.37,19.56,29.2,1.88,250,4.89,No,53.1424,-7.6921,06:15:00,2025-06-16 06:15:00
2025-06-16,S8,Germany,10.65,75.02,19.33,35.6,1.97,350,6.77,No,51.1657,10.4515,06:30:00,2025-06-16 06:30:00
2025-06-16,S9,Ireland,50.35,62.37,19.56,29.2,1.88,250,4.89,No,53.1424,-7.6921,06:45:00,2025-06-16 06:45:00
2025-06-16,S6,Norway,70.44,79.71,24.07,39.8,1.55,50,1.2,No,60.472,8.4689,07:00:00,2025-06-16 07:00:00
2025-06-16,S4,Ireland,86.04,61.91,6.05,28.3,1.59,250,1.51,No,53.1424,-7.6921,07:15:00,2025-06-16 07:15:00
2025-06-16,S2,Ireland,89.47,84.16,23.75,25.4,1.76,250,5.94,No,53.1424,-7.6921,07:30:00,2025-06-16 07:30:00
2025-06-16,S14,Ireland,49.68,78.52,11.06,39.0,1.86,250,2.77,No,53.1424,-7.6921,07:45:00,2025-06-16 07:45:00
2025-06-16,S9,Ireland,50.35,62.37,19.56,29.2,1.88,250,4.89,No,53.1424,-7.6921,08:00:00,2025-06-16 08:00:00
2025-06-16,S15,Germany,11.03,65.77,6.83,26.3,1.22,350,2.39,No,51.1657,10.4515,08:15:00,2025-06-16 08:15:00
2025-06-16,S14,Ireland,49.68,78.52,11.06,39.0,1.86,250,2.77,No,53.1424,-7.6921,08:30:00,2025-06-16 08:30:00
2025-06-16,S12,Norway,29.77,52.68,17.46,34.7,1.46,50,0.87,No,60.472,8.4689,08:45:00,2025-06-16 08:45:00
2025-06-16,S9,Ireland,50.35,62.37,19.56,29.2,1.88,250,4.89,No,53.1424,-7.6921,09:00:00,2025-06-16 09:00:00
2025-06-16,S14,Ireland,49.68,78.52,11.06,39.0,1.86,250,2.77,No,53.1424,-7.6921,09:15:00,2025-06-16 09:15:00
2025-06-16,S4,Ireland,86.04,61.91,6.05,28.3,1.59,250,1.51,No,53.1424,-7.6921,09:30:00,2025-06-16 09:30:00
2025-06-16,S9,Ireland,50.35,62.37,19.56,29.2,1.88,250,4.89,No,53.1424,-7.6921,09:45:00,2025-06-16 09:45:00
2025-06-16,S2,Ireland,89.47,84.16,23.75,25.4,1.76,250,5.94,No,53.1424,-7.6921,10:00:00,2025-06-16 10:00:00
2025-06-16,S10,Germany,27.02,94.97,8.38,30.1,1.79,350,2.93,No,51.1657,10.4515,10:15:00,2025-06-16 10:15:00
2025-06-16,S1,Norway,22.07,22.89,9.62,38.9,1.34,50,0.48,No,60.472,8.4689,10:30:00,2025-06-16 10:30:00
2025-06-16,S15,Germany,11.03,65.77,6.83,26.3,1.22,350,2.39,No,51.1657,10.4515,10:45:00,2025-06-16 10:45:00
2025-06-16,S1,Norway,22.07,22.89,9.62,38.9,1.34,50,0.48,No,60.472,8.4689,11:00:00,2025-06-16 11:00:00
2025-06-16,S15,Germany,11.03,65.77,6.83,26.3,1.22,350,2.39,No,51.1657,10.4515,11:15:00,2025-06-16 11:15:00
2025-06-16,S12,Norway,29.77,52.68,17.46,34.7,1.46,50,0.87,No,60.472,8.4689,11:30:00,2025-06-16 11:30:00
2025-06-16,S4,Ireland,86.04,61.91,6.05,28.3,1.59,250,1.51,No,53.1424,-7.6921,11:45:00,2025-06-16 11:45:00
2025-06-16,S1,Norway,22.07,22.89,9.62,38.9,1.34,50,0.48,No,60.472,8.4689,12:00:00,2025-06-16 12:00:00
2025-06-16,S14,Ireland,49.68,78.52,11.06,39.0,1.86,250,2.77,No,53.1424,-7.6921,12:15:00,2025-06-16 12:15:00
2025-06-16,S8,Germany,10.65,75.02,19.33,35.6,1.97,350,6.77,No,51.1657,10.4515,12:30:00,2025-06-16 12:30:00
2025-06-16,S2,Ireland,89.47,84.16,23.75,25.4,1.76,250,5.94,No,53.1424,-7.6921,12:45:00,2025-06-16 12:45:00
2025-06-16,S4,Ireland,86.04,61.91,6.05,28.3,1.59,250,1.51,No,53.1424,-7.6921,13:00:00,2025-06-16 13:00:00
2025-06-16,S3,Ireland,35.37,47.75,15.03,31.8,1.99,250,3.76,No,53.1424,-7.6921,13:15:00,2025-06-16 13:15:00
2025-06-16,S5,Germany,12.62,54.09,14.42,40.0,1.34,350,5.05,No,51.1657,10.4515,13:30:00,2025-06-16 13:30:00
2025-06-16,S9,Ireland,50.35,62.37,19.56,29.2,1.88,250,4.89,No,53.1424,-7.6921,13:45:00,2025-06-16 13:45:00
2025-06-16,S8,Germany,10.65,75.02,19.33,35.6,1.97,350,6.77,No,51.1657,10.4515,14:00:00,2025-06-16 14:00:00
2025-06-16,S5,Germany,12.62,54.09,14.42,40.0,1.34,350,5.05,No,51.1657,10.4515,14:15:00,2025-06-16 14:15:00
2025-06-16,S12,Norway,29.77,52.68,17.46,34.7,1.46,50,0.87,No,60.472,8.4689,14:30:00,2025-06-16 14:30:00
2025-06-16,S3,Ireland,35.37,47.75,15.03,31.8,1.99,250,3.76,No,53.1424,-7.6921,14:45:00,2025-06-16 14:45:00
2025-06-16,S7,Germany,79.71,73.09,21.17,31.9,1.22,350,7.41,No,51.1657,10.4515,15:00:00,2025-06-16 15:00:00
2025-06-16,S15,Germany,11.03,65.77,6.83,26.3,1.22,350,2.39,No,51.1657,10.4515,15:15:00,2025-06-16 15:15:00
2025-06-16,S5,Germany,12.62,54.09,14.42,40.0,1.34,350,5.05,No,51.1657,10.4515,15:30:00,2025-06-16 15:30:00
2025-06-16,S6,Norway,70.44,79.71,24.07,39.8,1.55,50,1.2,No,60.472,8.4689,15:45:00,2025-06-16 15:45:00
2025-06-16,S4,Ireland,86.04,61.91,6.05,28.3,1.59,250,1.51,No,53.1424,-7.6921,16:00:00,2025-06-16 16:00:00
2025-06-16,S15,Germany,11.03,65.77,6.83,26.3,1.22,350,2.39,No,51.1657,10.4515,16:15:00,2025-06-16 16:15:00
2025-06-16,S12,Norway,29.77,52.68,17.46,34.7,1.46,50,0.87,No,60.472,8.4689,16:30:00,2025-06-16 16:30:00
2025-06-16,S6,Norway,70.44,79.71,24.07,39.8,1.55,50,1.2,No,60.472,8.4689,16:45:00,2025-06-16 16:45:00
2025-06-16,S5,Germany,12.62,54.09,14.42,40.0,1.34,350,5.05,No,51.1657,10.4515,17:00:00,2025-06-16 17:00:00
2025-06-16,S15,Germany,11.03,65.77,6.83,26.3,1.22,350,2.39,No,51.1657,10.4515,17:15:00,2025-06-16 17:15:00
2025-06-16,S1,Norway,22.07,22.89,9.62,38.9,1.34,50,0.48,No,60.472,8.4689,17:30:00,2025-06-16 17:30:00
2025-06-16,S15,Germany,11.03,65.77,6.83,26.3,1.22,350,2.39,No,51.1657,10.4515,17:45:00,2025-06-16 17:45:00
2025-06-16,S10,Germany,27.02,94.97,8.38,30.1,1.79,350,2.93,No,51.1657,10.4515,18:00:00,2025-06-16 18:00:00
2025-06-16,S14,Ireland,49.68,78.52,11.06,39.0,1.86,250,2.77,No,53.1424,-7.6921,18:15:00,2025-06-16 18:15:00
2025-06-16,S15,Germany,11.03,65.77,6.83,26.3,1.22,350,2.39,No,51.1657,10.4515,18:30:00,2025-06-16 18:30:00
2025-06-16,S10,Germany,27.02,94.97,8.38,30.1,1.79,350,2.93,No,51.1657,10.4515,18:45:00,2025-06-16 18:45:00
2025-06-16,S13,Norway,38.17,72.45,8.28,30.4,1.6,50,0.41,No,60.472,8.4689,19:00:00,2025-06-16 19:00:00
2025-06-16,S10,Germany,27.02,94.97,8.38,30.1,1.79,350,2.93,No,51.1657,10.4515,19:15:00,2025-06-16 19:15:00
2025-06-16,S12,Norway,29.77,52.68,17.46,34.7,1.46,50,0.87,No,60.472,8.4689,19:30:00,2025-06-16 19:30:00
2025-06-16,S1,Norway,22.07,22.89,9.62,38.9,1.34,50,0.48,No,60.472,8.4689,19:45:00,2025-06-16 19:45:00
2025-06-16,S6,Norway,70.44,79.71,24.07,39.8,1.55,50,1.2,No,60.472,8.4689,20:00:00,2025-06-16 20:00:00
2025-06-16,S4,Ireland,86.04,61.91,6.05,28.3,1.59,250,1.51,No,53.1424,-7.6921,20:15:00,2025-06-16 20:15:00
2025-06-16,S10,Germany,27.02,94.97,8.38,30.1,1.79,350,2.93,No,51.1657,10.4515,20:30:00,2025-06-16 20:30:00
2025-06-16,S3,Ireland,35.37,47.75,15.03,31.8,1.99,250,3.76,No,53.1424,-7.6921,20:45:00,2025-06-16 20:45:00
2025-06-16,S2,Ireland,89.47,84.16,23.75,25.4,1.76,250,5.94,No,53.1424,-7.6921,21:00:00,2025-06-16 21:00:00
2025-06-16,S7,Germany,79.71,73.09,21.17,31.9,1.22,350,7.41,No,51.1657,10.4515,21:15:00,2025-06-16 21:15:00
2025-06-16,S10,Germany,27.02,94.97,8.38,30.1,1.79,350,2.93,No,51.1657,10.4515,21:30:00,2025-06-16 21:30:00
2025-06-16,S5,Germany,12.62,54.09,14.42,40.0,1.34,350,5.05,No,51.1657,10.4515,21:45:00,2025-06-16 21:45:00
2025-06-16,S10,Germany,27.02,94.97,8.38,30.1,1.79,350,2.93,No,51.1657,10.4515,22:00:00,2025-06-16 22:00:00
2025-06-16,S7,Germany,79.71,73.09,21.17,31.9,1.22,350,7.41,No,51.1657,10.4515,22:15:00,2025-06-16 22:15:00
2025-06-16,S10,Germany,27.02,94.97,8.38,30.1,1.79,350,2.93,No,51.1657,10.4515,22:30:00,2025-06-16 22:30:00
2025-06-16,S8,Germany,10.65,75.02,19.33,35.6,1.97,350,6.77,No,51.1657,10.4515,22:45:00,2025-06-16 22:45:00
2025-06-16,S11,Norway,14.84,51.72,8.58,33.1,1.35,50,0.43,No,60.472,8.4689,23:00:00,2025-06-16 23:00:00
2025-06-16,S5,Germany,12.62,54.09,14.42,40.0,1.34,350,5.05,No,51.1657,10.4515,23:15:00,2025-06-16 23:15:00
2025-06-16,S8,Germany,10.65,75.02,19.33,35.6,1.97,350,6.77,No,51.1657,10.4515,23:30:00,2025-06-16 23:30:00
2025-06-16,S3,Ireland,35.37,47.75,15.03,31.8,1.99,250,3.76,No,53.1424,-7.6921,23:45:00,2025-06-16 23:45:00
2025-06-17,S14,Ireland,88.58,48.88,16.76,25.6,1.68,250,4.19,No,53.1424,-7.6921,00:00:00,2025-06-17 00:00:00
2025-06-17,S12,Norway,15.64,94.95,22.36,36.6,1.41,50,1.12,No,60.472,8.4689,00:15:00,2025-06-17 00:15:00
2025-06-17,S4,Ireland,14.12,52.95,5.76,39.5,1.85,250,1.44,No,53.1424,-7.6921,00:30:00,2025-06-17 00:30:00
2025-06-17,S13,Norway,71.8,85.57,15.46,36.5,1.98,50,0.77,No,60.472,8.4689,00:45:00,2025-06-17 00:45:00
2025-06-17,S15,Germany,16.72,24.44,7.7,34.1,1.78,350,2.69,No,51.1657,10.4515,01:00:00,2025-06-17 01:00:00
2025-06-17,S3,Ireland,69.34,45.61,10.38,28.2,1.6,250,2.6,No,53.1424,-7.6921,01:15:00,2025-06-17 01:15:00
2025-06-17,S2,Ireland,87.69,38.65,8.98,35.9,1.46,250,2.25,No,53.1424,-7.6921,01:30:00,2025-06-17 01:30:00
2025-06-17,S5,Germany,84.76,73.35,20.72,27.4,1.87,350,7.25,No,51.1657,10.4515,01:45:00,2025-06-17 01:45:00
2025-06-17,S7,Germany,65.77,88.61,6.06,29.7,1.78,350,2.12,No,51.1657,10.4515,02:00:00,2025-06-17 02:00:00
2025-06-17,S7,Germany,65.77,88.61,6.06,29.7,1.78,350,2.12,No,51.1657,10.4515,02:15:00,2025-06-17 02:15:00
2025-06-17,S12,Norway,15.64,94.95,22.36,36.6,1.41,50,1.12,No,60.472,8.4689,02:30:00,2025-06-17 02:30:00
2025-06-17,S8,Germany,14.75,93.34,24.47,34.3,1.84,350,8.56,No,51.1657,10.4515,02:45:00,2025-06-17 02:45:00
2025-06-17,S9,Ireland,22.76,54.95,14.18,28.8,1.63,250,3.54,No,53.1424,-7.6921,03:00:00,2025-06-17 03:00:00
2025-06-17,S6,Norway,49.85,54.43,24.55,26.3,1.79,50,1.23,No,60.472,8.4689,03:15:00,2025-06-17 03:15:00
2025-06-17,S7,Germany,65.77,88.61,6.06,29.7,1.78,350,2.12,No,51.1657,10.4515,03:30:00,2025-06-17 03:30:00
2025-06-17,S13,Norway,71.8,85.57,15.46,36.5,1.98,50,0.77,No,60.472,8.4689,03:45:00,2025-06-17 03:45:00
2025-06-17,S4,Ireland,14.12,52.95,5.76,39.5,1.85,250,1.44,No,53.1424,-7.6921,04:00:00,2025-06-17 04:00:00
2025-06-17,S13,Norway,71.8,85.57,15.46,36.5,1.98,50,0.77,No,60.472,8.4689,04:15:00,2025-06-17 04:15:00
2025-06-17,S10,Germany,33.07,71.7,16.89,29.4,1.59,350,5.91,No,51.1657,10.4515,04:30:00,2025-06-17 04:30:00
2025-06-17,S11,Norway,36.25,56.6,15.75,29.4,1.65,50,0.79,No,60.472,8.4689,04:45:00,2025-06-17 04:45:00
2025-06-17,S3,Ireland,69.34,45.61,10.38,28.2,1.6,250,2.6,No,53.1424,-7.6921,05:00:00,2025-06-17 05:00:00
2025-06-17,S13,Norway,71.8,85.57,15.46,36.5,1.98,50,0.77,No,60.472,8.4689,05:15:00,2025-06-17 05:15:00
2025-06-17,S10,Germany,33.07,71.7,16.89,29.4,1.59,350,5.91,No,51.1657,10.4515,05:30:00,2025-06-17 05:30:00
2025-06-17,S13,Norway,71.8,85.57,15.46,36.5,1.98,50,0.77,No,60.472,8.4689,05:45:00,2025-06-17 05:45:00
2025-06-17,S7,Germany,65.77,88.61,6.06,29.7,1.78,350,2.12,No,51.1657,10.4515,06:00:00,2025-06-17 06:00:00
2025-06-17,S12,Norway,15.64,94.95,22.36,36.6,1.41,50,1.12,No,60.472,8.4689,06:15:00,2025-06-17 06:15:00
2025-06-17,S5,Germany,84.76,73.35,20.72,27.4,1.87,350,7.25,No,51.1657,10.4515,06:30:00,2025-06-17 06:30:00
2025-06-17,S11,Norway,36.25,56.6,15.75,29.4,1.65,50,0.79,No,60.472,8.4689,06:45:00,2025-06-17 06:45:00
2025-06-17,S12,Norway,15.64,94.95,22.36,36.6,1.41,50,1.12,No,60.472,8.4689,07:00:00,2025-06-17 07:00:00
2025-06-17,S1,Norway,37.1,80.28,24.72,39.8,1.95,50,1.24,No,60.472,8.4689,07:15:00,2025-06-17 07:15:00
2025-06-17,S2,Ireland,87.69,38.65,8.98,35.9,1.46,250,2.25,No,53.1424,-7.6921,07:30:00,2025-06-17 07:30:00
2025-06-17,S10,Germany,33.07,71.7,16.89,29.4,1.59,350,5.91,No,51.1657,10.4515,07:45:00,2025-06-17 07:45:00
2025-06-17,S6,Norway,49.85,54.43,24.55,26.3,1.79,50,1.23,No,60.472,8.4689,08:00:00,2025-06-17 08:00:00
2025-06-17,S12,Norway,15.64,94.95,22.36,36.6,1.41,50,1.12,No,60.472,8.4689,08:15:00,2025-06-17 08:15:00
2025-06-17,S7,Germany,65.77,88.61,6.06,29.7,1.78,350,2.12,No,51.1657,10.4515,08:30:00,2025-06-17 08:30:00
2025-06-17,S4,Ireland,14.12,52.95,5.76,39.5,1.85,250,1.44,No,53.1424,-7.6921,08:45:00,2025-06-17 08:45:00
2025-06-17,S3,Ireland,69.34,45.61,10.38,28.2,1.6,250,2.6,No,53.1424,-7.6921,09:00:00,2025-06-17 09:00:00
2025-06-17,S11,Norway,36.25,56.6,15.75,29.4,1.65,50,0.79,No,60.472,8.4689,09:15:00,2025-06-17 09:15:00
2025-06-17,S13,Norway,71.8,85.57,15.46,36.5,1.98,50,0.77,No,60.472,8.4689,09:30:00,2025-06-17 09:30:00
2025-06-17,S14,Ireland,88.58,48.88,16.76,25.6,1.68,250,4.19,No,53.1424,-7.6921,09:45:00,2025-06-17 09:45:00
2025-06-17,S3,Ireland,69.34,45.61,10.38,28.2,1.6,250,2.6,No,53.1424,-7.6921,10:00:00,2025-06-17 10:00:00
2025-06-17,S11,Norway,36.25,56.6,15.75,29.4,1.65,50,0.79,No,60.472,8.4689,10:15:00,2025-06-17 10:15:00
2025-06-17,S8,Germany,14.75,93.34,24.47,34.3,1.84,350,8.56,No,51.1657,10.4515,10:30:00,2025-06-17 10:30:00
2025-06-17,S14,Ireland,88.58,48.88,16.76,25.6,1.68,250,4.19,No,53.1424,-7.6921,10:45:00,2025-06-17 10:45:00
2025-06-17,S15,Germany,16.72,24.44,7.7,34.1,1.78,350,2.69,No,51.1657,10.4515,11:00:00,2025-06-17 11:00:00
2025-06-17,S9,Ireland,22.76,54.95,14.18,28.8,1.63,250,3.54,No,53.1424,-7.6921,11:15:00,2025-06-17 11:15:00
2025-06-17,S7,Germany,65.77,88.61,6.06,29.7,1.78,350,2.12,No,51.1657,10.4515,11:30:00,2025-06-17 11:30:00
2025-06-17,S4,Ireland,14.12,52.95,5.76,39.5,1.85,250,1.44,No,53.1424,-7.6921,11:45:00,2025-06-17 11:45:00
2025-06-17,S8,Germany,14.75,93.34,24.47,34.3,1.84,350,8.56,No,51.1657,10.4515,12:00:00,2025-06-17 12:00:00
2025-06-17,S13,Norway,71.8,85.57,15.46,36.5,1.98,50,0.77,No,60.472,8.4689,12:15:00,2025-06-17 12:15:00
2025-06-17,S3,Ireland,69.34,45.61,10.38,28.2,1.6,250,2.6,No,53.1424,-7.6921,12:30:00,2025-06-17 12:30:00
2025-06-17,S5,Germany,84.76,73.35,20.72,27.4,1.87,350,7.25,No,51.1657,10.4515,12:45:00,2025-06-17 12:45:00
2025-06-17,S7,Germany,65.77,88.61,6.06,29.7,1.78,350,2.12,No,51.1657,10.4515,13:00:00,2025-06-17 13:00:00
2025-06-17,S6,Norway,49.85,54.43,24.55,26.3,1.79,50,1.23,No,60.472,8.4689,13:15:00,2025-06-17 13:15:00
2025-06-17,S3,Ireland,69.34,45.61,10.38,28.2,1.6,250,2.6,No,53.1424,-7.6921,13:30:00,2025-06-17 13:30:00
2025-06-17,S2,Ireland,87.69,38.65,8.98,35.9,1.46,250,2.25,No,53.1424,-7.6921,13:45:00,2025-06-17 13:45:00
2025-06-17,S9,Ireland,22.76,54.95,14.18,28.8,1.63,250,3.54,No,53.1424,-7.6921,14:00:00,2025-06-17 14:00:00
2025-06-17,S2,Ireland,87.69,38.65,8.98,35.9,1.46,250,2.25,No,53.1424,-7.6921,14:15:00,2025-06-17 14:15:00
2025-06-17,S3,Ireland,69.34,45.61,10.38,28.2,1.6,250,2.6,No,53.1424,-7.6921,14:30:00,2025-06-17 14:30:00
2025-06-17,S12,Norway,15.64,94.95,22.36,36.6,1.41,50,1.12,No,60.472,8.4689,14:45:00,2025-06-17 14:45:00
2025-06-17,S3,Ireland,69.34,45.61,10.38,28.2,1.6,250,2.6,No,53.1424,-7.6921,15:00:00,2025-06-17 15:00:00
2025-06-17,S12,Norway,15.64,94.95,22.36,36.6,1.41,50,1.12,No,60.472,8.4689,15:15:00,2025-06-17 15:15:00
2025-06-17,S6,Norway,49.85,54.43,24.55,26.3,1.79,50,1.23,No,60.472,8.4689,15:30:00,2025-06-17 15:30:00
2025-06-17,S4,Ireland,14.12,52.95,5.76,39.5,1.85,250,1.44,No,53.1424,-7.6921,15:45:00,2025-06-17 15:45:00
2025-06-17,S10,Germany,33.07,71.7,16.89,29.4,1.59,350,5.91,No,51.1657,10.4515,16:00:00,2025-06-17 16:00:00
2025-06-17,S1,Norway,37.1,80.28,24.72,39.8,1.95,50,1.24,No,60.472,8.4689,16:15:00,2025-06-17 16:15:00
2025-06-17,S3,Ireland,69.34,45.61,10.38,28.2,1.6,250,2.6,No,53.1424,-7.6921,16:30:00,2025-06-17 16:30:00
2025-06-17,S15,Germany,16.72,24.44,7.7,34.1,1.78,350,2.69,No,51.1657,10.4515,16:45:00,2025-06-17 16:45:00
2025-06-17,S14,Ireland,88.58,48.88,16.76,25.6,1.68,250,4.19,No,53.1424,-7.6921,17:00:00,2025-06-17 17:00:00
2025-06-17,S7,Germany,65.77,88.61,6.06,29.7,1.78,350,2.12,No,51.1657,10.4515,17:15:00,2025-06-17 17:15:00
2025-06-17,S6,Norway,49.85,54.43,24.55,26.3,1.79,50,1.23,No,60.472,8.4689,17:30:00,2025-06-17 17:30:00
2025-06-17,S1,Norway,37.1,80.28,24.72,39.8,1.95,50,1.24,No,60.472,8.4689,17:45:00,2025-06-17 17:45:00
2025-06-17,S4,Ireland,14.12,52.95,5.76,39.5,1.85,250,1.44,No,53.1424,-7.6921,18:00:00,2025-06-17 18:00:00
2025-06-17,S15,Germany,16.72,24.44,7.7,34.1,1.78,350,2.69,No,51.1657,10.4515,18:15:00,2025-06-17 18:15:00
2025-06-17,S6,Norway,49.85,54.43,24.55,26.3,1.79,50,1.23,No,60.472,8.4689,18:30:00,2025-06-17 18:30:00
2025-06-17,S6,Norway,49.85,54.43,24.55,26.3,1.79,50,1.23,No,60.472,8.4689,18:45:00,2025-06-17 18:45:00
2025-06-17,S13,Norway,71.8,85.57,15.46,36.5,1.98,50,0.77,No,60.472,8.4689,19:00:00,2025-06-17 19:00:00
2025-06-17,S8,Germany,14.75,93.34,24.47,34.3,1.84,350,8.56,No,51.1657,10.4515,19:15:00,2025-06-17 19:15:00
2025-06-17,S6,Norway,49.85,54.43,24.55,26.3,1.79,50,1.23,No,60.472,8.4689,19:30:00,2025-06-17 19:30:00
2025-06-17,S5,Germany,84.76,73.35,20.72,27.4,1.87,350,7.25,No,51.1657,10.4515,19:45:00,2025-06-17 19:45:00
2025-06-17,S15,Germany,16.72,24.44,7.7,34.1,1.78,350,2.69,No,51.1657,10.4515,20:00:00,2025-06-17 20:00:00
2025-06-17,S7,Germany,65.77,88.61,6.06,29.7,1.78,350,2.12,No,51.1657,10.4515,20:15:00,2025-06-17 20:15:00
2025-06-17,S4,Ireland,14.12,52.95,5.76,39.5,1.85,250,1.44,No,53.1424,-7.6921,20:30:00,2025-06-17 20:30:00
2025-06-17,S6,Norway,49.85,54.43,24.55,26.3,1.79,50,1.23,No,60.472,8.4689,20:45:00,2025-06-17 20:45:00
2025-06-17,S12,Norway,15.64,94.95,22.36,36.6,1.41,50,1.12,No,60.472,8.4689,21:00:00,2025-06-17 21:00:00
2025-06-17,S7,Germany,65.77,88.61,6.06,29.7,1.78,350,2.12,No,51.1657,10.4515,21:15:00,2025-06-17 21:15:00
2025-06-17,S7,Germany,65.77,88.61,6.06,29.7,1.78,350,2.12,No,51.1657,10.4515,21:30:00,2025-06-17 21:30:00
2025-06-17,S5,Germany,84.76,73.35,20.72,27.4,1.87,350,7.25,No,51.1657,10.4515,21:45:00,2025-06-17 21:45:00
2025-06-17,S10,Germany,33.07,71.7,16.89,29.4,1.59,350,5.91,No,51.1657,10.4515,22:00:00,2025-06-17 22:00:00
2025-06-17,S11,Norway,36.25,56.6,15.75,29.4,1.65,50,0.79,No,60.472,8.4689,22:15:00,2025-06-17 22:15:00
2025-06-17,S7,Germany,65.77,88.61,6.06,29.7,1.78,350,2.12,No,51.1657,10.4515,22:30:00,2025-06-17 22:30:00
2025-06-17,S15,Germany,16.72,24.44,7.7,34.1,1.78,350,2.69,No,51.1657,10.4515,22:45:00,2025-06-17 22:45:00
2025-06-17,S10,Germany,33.07,71.7,16.89,29.4,1.59,350,5.91,No,51.1657,10.4515,23:00:00,2025-06-17 23:00:00
2025-06-17,S1,Norway,37.1,80.28,24.72,39.8,1.95,50,1.24,No,60.472,8.4689,23:15:00,2025-06-17 23:15:00
2025-06-17,S15,Germany,16.72,24.44,7.7,34.1,1.78,350,2.69,No,51.1657,10.4515,23:30:00,2025-06-17 23:30:00
2025-06-17,S8,Germany,14.75,93.34,24.47,34.3,1.84,350,8.56,No,51.1657,10.4515,23:45:00,2025-06-17 23:45:00
2025-06-18,S9,Ireland,73.74,22.51,20.04,32.5,1.8,250,5.01,No,53.1424,-7.6921,00:00:00,2025-06-18 00:00:00
2025-06-18,S2,Ireland,10.89,42.73,8.95,29.5,1.5,250,2.24,No,53.1424,-7.6921,00:15:00,2025-06-18 00:15:00
2025-06-18,S2,Ireland,10.89,42.73,8.95,29.5,1.5,250,2.24,No,53.1424,-7.6921,00:30:00,2025-06-18 00:30:00
2025-06-18,S5,Germany,84.92,70.62,11.76,39.1,2.0,350,4.12,No,51.1657,10.4515,00:45:00,2025-06-18 00:45:00
2025-06-18,S13,Norway,19.59,40.21,13.99,30.2,1.71,50,0.7,No,60.472,8.4689,01:00:00,2025-06-18 01:00:00
2025-06-18,S1,Norway,75.29,20.05,19.33,28.0,1.56,50,0.97,No,60.472,8.4689,01:15:00,2025-06-18 01:15:00
2025-06-18,S12,Norway,81.71,87.49,7.26,37.7,1.31,50,0.36,No,60.472,8.4689,01:30:00,2025-06-18 01:30:00
2025-06-18,S1,Norway,75.29,20.05,19.33,28.0,1.56,50,0.97,No,60.472,8.4689,01:45:00,2025-06-18 01:45:00
2025-06-18,S7,Germany,48.3,53.58,11.02,30.3,1.66,350,3.86,No,51.1657,10.4515,02:00:00,2025-06-18 02:00:00
2025-06-18,S2,Ireland,10.89,42.73,8.95,29.5,1.5,250,2.24,No,53.1424,-7.6921,02:15:00,2025-06-18 02:15:00
2025-06-18,S11,Norway,13.84,71.32,12.59,28.8,1.58,50,0.63,No,60.472,8.4689,02:30:00,2025-06-18 02:30:00
2025-06-18,S12,Norway,81.71,87.49,7.26,37.7,1.31,50,0.36,No,60.472,8.4689,02:45:00,2025-06-18 02:45:00
2025-06-18,S5,Germany,84.92,70.62,11.76,39.1,2.0,350,4.12,No,51.1657,10.4515,03:00:00,2025-06-18 03:00:00
2025-06-18,S8,Germany,24.38,87.39,16.52,27.8,1.71,350,5.78,No,51.1657,10.4515,03:15:00,2025-06-18 03:15:00
2025-06-18,S10,Germany,67.69,43.03,13.67,35.3,1.84,350,4.78,No,51.1657,10.4515,03:30:00,2025-06-18 03:30:00
2025-06-18,S15,Germany,26.28,65.91,11.75,36.6,1.48,350,4.11,No,51.1657,10.4515,03:45:00,2025-06-18 03:45:00
2025-06-18,S12,Norway,81.71,87.49,7.26,37.7,1.31,50,0.36,No,60.472,8.4689,04:00:00,2025-06-18 04:00:00
2025-06-18,S8,Germany,24.38,87.39,16.52,27.8,1.71,350,5.78,No,51.1657,10.4515,04:15:00,2025-06-18 04:15:00
2025-06-18,S13,Norway,19.59,40.21,13.99,30.2,1.71,50,0.7,No,60.472,8.4689,04:30:00,2025-06-18 04:30:00
2025-06-18,S5,Germany,84.92,70.62,11.76,39.1,2.0,350,4.12,No,51.1657,10.4515,04:45:00,2025-06-18 04:45:00
2025-06-18,S12,Norway,81.71,87.49,7.26,37.7,1.31,50,0.36,No,60.472,8.4689,05:00:00,2025-06-18 05:00:00
2025-06-18,S10,Germany,67.69,43.03,13.67,35.3,1.84,350,4.78,No,51.1657,10.4515,05:15:00,2025-06-18 05:15:00
2025-06-18,S9,Ireland,73.74,22.51,20.04,32.5,1.8,250,5.01,No,53.1424,-7.6921,05:30:00,2025-06-18 05:30:00
2025-06-18,S14,Ireland,62.86,67.25,15.27,39.9,1.33,250,3.82,No,53.1424,-7.6921,05:45:00,2025-06-18 05:45:00
2025-06-18,S14,Ireland,62.86,67.25,15.27,39.9,1.33,250,3.82,No,53.1424,-7.6921,06:00:00,2025-06-18 06:00:00
2025-06-18,S4,Ireland,69.92,82.59,16.99,26.8,1.36,250,4.25,No,53.1424,-7.6921,06:15:00,2025-06-18 06:15:00
2025-06-18,S13,Norway,19.59,40.21,13.99,30.2,1.71,50,0.7,No,60.472,8.4689,06:30:00,2025-06-18 06:30:00
2025-06-18,S6,Norway,44.01,89.5,12.87,28.3,1.39,50,0.64,No,60.472,8.4689,06:45:00,2025-06-18 06:45:00
2025-06-18,S7,Germany,48.3,53.58,11.02,30.3,1.66,350,3.86,No,51.1657,10.4515,07:00:00,2025-06-18 07:00:00
2025-06-18,S6,Norway,44.01,89.5,12.87,28.3,1.39,50,0.64,No,60.472,8.4689,07:15:00,2025-06-18 07:15:00
2025-06-18,S11,Norway,13.84,71.32,12.59,28.8,1.58,50,0.63,No,60.472,8.4689,07:30:00,2025-06-18 07:30:00
2025-06-18,S11,Norway,13.84,71.32,12.59,28.8,1.58,50,0.63,No,60.472,8.4689,07:45:00,2025-06-18 07:45:00
2025-06-18,S10,Germany,67.69,43.03,13.67,35.3,1.84,350,4.78,No,51.1657,10.4515,08:00:00,2025-06-18 08:00:00
2025-06-18,S13,Norway,19.59,40.21,13.99,30.2,1.71,50,0.7,No,60.472,8.4689,08:15:00,2025-06-18 08:15:00
2025-06-18,S13,Norway,19.59,40.21,13.99,30.2,1.71,50,0.7,No,60.472,8.4689,08:30:00,2025-06-18 08:30:00
2025-06-18,S1,Norway,75.29,20.05,19.33,28.0,1.56,50,0.97,No,60.472,8.4689,08:45:00,2025-06-18 08:45:00
2025-06-18,S13,Norway,19.59,40.21,13.99,30.2,1.71,50,0.7,No,60.472,8.4689,09:00:00,2025-06-18 09:00:00
2025-06-18,S5,Germany,84.92,70.62,11.76,39.1,2.0,350,4.12,No,51.1657,10.4515,09:15:00,2025-06-18 09:15:00
2025-06-18,S13,Norway,19.59,40.21,13.99,30.2,1.71,50,0.7,No,60.472,8.4689,09:30:00,2025-06-18 09:30:00
2025-06-18,S12,Norway,81.71,87.49,7.26,37.7,1.31,50,0.36,No,60.472,8.4689,09:45:00,2025-06-18 09:45:00
2025-06-18,S9,Ireland,73.74,22.51,20.04,32.5,1.8,250,5.01,No,53.1424,-7.6921,10:00:00,2025-06-18 10:00:00
2025-06-18,S2,Ireland,10.89,42.73,8.95,29.5,1.5,250,2.24,No,53.1424,-7.6921,10:15:00,2025-06-18 10:15:00
2025-06-18,S6,Norway,44.01,89.5,12.87,28.3,1.39,50,0.64,No,60.472,8.4689,10:30:00,2025-06-18 10:30:00
2025-06-18,S1,Norway,75.29,20.05,19.33,28.0,1.56,50,0.97,No,60.472,8.4689,10:45:00,2025-06-18 10:45:00
2025-06-18,S6,Norway,44.01,89.5,12.87,28.3,1.39,50,0.64,No,60.472,8.4689,11:00:00,2025-06-18 11:00:00
2025-06-18,S4,Ireland,69.92,82.59,16.99,26.8,1.36,250,4.25,No,53.1424,-7.6921,11:15:00,2025-06-18 11:15:00
2025-06-18,S8,Germany,24.38,87.39,16.52,27.8,1.71,350,5.78,No,51.1657,10.4515,11:30:00,2025-06-18 11:30:00
2025-06-18,S2,Ireland,10.89,42.73,8.95,29.5,1.5,250,2.24,No,53.1424,-7.6921,11:45:00,2025-06-18 11:45:00
2025-06-18,S11,Norway,13.84,71.32,12.59,28.8,1.58,50,0.63,No,60.472,8.4689,12:00:00,2025-06-18 12:00:00
2025-06-18,S5,Germany,84.92,70.62,11.76,39.1,2.0,350,4.12,No,51.1657,10.4515,12:15:00,2025-06-18 12:15:00
2025-06-18,S11,Norway,13.84,71.32,12.59,28.8,1.58,50,0.63,No,60.472,8.4689,12:30:00,2025-06-18 12:30:00
2025-06-18,S11,Norway,13.84,71.32,12.59,28.8,1.58,50,0.63,No,60.472,8.4689,12:45:00,2025-06-18 12:45:00
2025-06-18,S8,Germany,24.38,87.39,16.52,27.8,1.71,350,5.78,No,51.1657,10.4515,13:00:00,2025-06-18 13:00:00
2025-06-18,S8,Germany,24.38,87.39,16.52,27.8,1.71,350,5.78,No,51.1657,10.4515,13:15:00,2025-06-18 13:15:00
2025-06-18,S5,Germany,84.92,70.62,11.76,39.1,2.0,350,4.12,No,51.1657,10.4515,13:30:00,2025-06-18 13:30:00
2025-06-18,S15,Germany,26.28,65.91,11.75,36.6,1.48,350,4.11,No,51.1657,10.4515,13:45:00,2025-06-18 13:45:00
2025-06-18,S14,Ireland,62.86,67.25,15.27,39.9,1.33,250,3.82,No,53.1424,-7.6921,14:00:00,2025-06-18 14:00:00
2025-06-18,S7,Germany,48.3,53.58,11.02,30.3,1.66,350,3.86,No,51.1657,10.4515,14:15:00,2025-06-18 14:15:00
2025-06-18,S11,Norway,13.84,71.32,12.59,28.8,1.58,50,0.63,No,60.472,8.4689,14:30:00,2025-06-18 14:30:00
2025-06-18,S9,Ireland,73.74,22.51,20.04,32.5,1.8,250,5.01,No,53.1424,-7.6921,14:45:00,2025-06-18 14:45:00
2025-06-18,S5,Germany,84.92,70.62,11.76,39.1,2.0,350,4.12,No,51.1657,10.4515,15:00:00,2025-06-18 15:00:00
2025-06-18,S14,Ireland,62.86,67.25,15.27,39.9,1.33,250,3.82,No,53.1424,-7.6921,15:15:00,2025-06-18 15:15:00
2025-06-18,S3,Ireland,21.45,23.4,21.96,28.4,1.43,250,5.49,No,53.1424,-7.6921,15:30:00,2025-06-18 15:30:00
2025-06-18,S12,Norway,81.71,87.49,7.26,37.7,1.31,50,0.36,No,60.472,8.4689,15:45:00,2025-06-18 15:45:00
2025-06-18,S12,Norway,81.71,87.49,7.26,37.7,1.31,50,0.36,No,60.472,8.4689,16:00:00,2025-06-18 16:00:00
2025-06-18,S14,Ireland,62.86,67.25,15.27,39.9,1.33,250,3.82,No,53.1424,-7.6921,16:15:00,2025-06-18 16:15:00
2025-06-18,S7,Germany,48.3,53.58,11.02,30.3,1.66,350,3.86,No,51.1657,10.4515,16:30:00,2025-06-18 16:30:00
2025-06-18,S7,Germany,48.3,53.58,11.02,30.3,1.66,350,3.86,No,51.1657,10.4515,16:45:00,2025-06-18 16:45:00
2025-06-18,S14,Ireland,62.86,67.25,15.27,39.9,1.33,250,3.82,No,53.1424,-7.6921,17:00:00,2025-06-18 17:00:00
2025-06-18,S12,Norway,81.71,87.49,7.26,37.7,1.31,50,0.36,No,60.472,8.4689,17:15:00,2025-06-18 17:15:00
2025-06-18,S8,Germany,24.38,87.39,16.52,27.8,1.71,350,5.78,No,51.1657,10.4515,17:30:00,2025-06-18 17:30:00
2025-06-18,S10,Germany,67.69,43.03,13.67,35.3,1.84,350,4.78,No,51.1657,10.4515,17:45:00,2025-06-18 17:45:00
2025-06-18,S1,Norway,75.29,20.05,19.33,28.0,1.56,50,0.97,No,60.472,8.4689,18:00:00,2025-06-18 18:00:00
2025-06-18,S15,Germany,26.28,65.91,11.75,36.6,1.48,350,4.11,No,51.1657,10.4515,18:15:00,2025-06-18 18:15:00
2025-06-18,S11,Norway,13.84,71.32,12.59,28.8,1.58,50,0.63,No,60.472,8.4689,18:30:00,2025-06-18 18:30:00
2025-06-18,S12,Norway,81.71,87.49,7.26,37.7,1.31,50,0.36,No,60.472,8.4689,18:45:00,2025-06-18 18:45:00
2025-06-18,S9,Ireland,73.74,22.51,20.04,32.5,1.8,250,5.01,No,53.1424,-7.6921,19:00:00,2025-06-18 19:00:00
2025-06-18,S6,Norway,44.01,89.5,12.87,28.3,1.39,50,0.64,No,60.472,8.4689,19:15:00,2025-06-18 19:15:00
2025-06-18,S7,Germany,48.3,53.58,11.02,30.3,1.66,350,3.86,No,51.1657,10.4515,19:30:00,2025-06-18 19:30:00
2025-06-18,S1,Norway,75.29,20.05,19.33,28.0,1.56,50,0.97,No,60.472,8.4689,19:45:00,2025-06-18 19:45:00
2025-06-18,S4,Ireland,69.92,82.59,16.99,26.8,1.36,250,4.25,No,53.1424,-7.6921,20:00:00,2025-06-18 20:00:00
2025-06-18,S10,Germany,67.69,43.03,13.67,35.3,1.84,350,4.78,No,51.1657,10.4515,20:15:00,2025-06-18 20:15:00
2025-06-18,S1,Norway,75.29,20.05,19.33,28.0,1.56,50,0.97,No,60.472,8.4689,20:30:00,2025-06-18 20:30:00
2025-06-18,S11,Norway,13.84,71.32,12.59,28.8,1.58,50,0.63,No,60.472,8.4689,20:45:00,2025-06-18 20:45:00
2025-06-18,S1,Norway,75.29,20.05,19.33,28.0,1.56,50,0.97,No,60.472,8.4689,21:00:00,2025-06-18 21:00:00
2025-06-18,S9,Ireland,73.74,22.51,20.04,32.5,1.8,250,5.01,No,53.1424,-7.6921,21:15:00,2025-06-18 21:15:00
2025-06-18,S9,Ireland,73.74,22.51,20.04,32.5,1.8,250,5.01,No,53.1424,-7.6921,21:30:00,2025-06-18 21:30:00
2025-06-18,S9,Ireland,73.74,22.51,20.04,32.5,1.8,250,5.01,No,53.1424,-7.6921,21:45:00,2025-06-18 21:45:00
2025-06-18,S14,Ireland,62.86,67.25,15.27,39.9,1.33,250,3.82,No,53.1424,-7.6921,22:00:00,2025-06-18 22:00:00
2025-06-18,S9,Ireland,73.74,22.51,20.04,32.5,1.8,250,5.01,No,53.1424,-7.6921,22:15:00,2025-06-18 22:15:00
2025-06-18,S15,Germany,26.28,65.91,11.75,36.6,1.48,350,4.11,No,51.1657,10.4515,22:30:00,2025-06-18 22:30:00
2025-06-18,S11,Norway,13.84,71.32,12.59,28.8,1.58,50,0.63,No,60.472,8.4689,22:45:00,2025-06-18 22:45:00
2025-06-18,S14,Ireland,62.86,67.25,15.27,39.9,1.33,250,3.82,No,53.1424,-7.6921,23:00:00,2025-06-18 23:00:00
2025-06-18,S13,Norway,19.59,40.21,13.99,30.2,1.71,50,0.7,No,60.472,8.4689,23:15:00,2025-06-18 23:15:00
2025-06-18,S15,Germany,26.28,65.91,11.75,36.6,1.48,350,4.11,No,51.1657,10.4515,23:30:00,2025-06-18 23:30:00
2025-06-18,S8,Germany,24.38,87.39,16.52,27.8,1.71,350,5.78,No,51.1657,10.4515,23:45:00,2025-06-18 23:45:00
2025-06-19,S5,Germany,48.84,94.41,22.04,29.9,1.37,350,7.71,No,51.1657,10.4515,00:00:00,2025-06-19 00:00:00
2025-06-19,S1,Norway,85.58,52.49,17.52,31.7,1.91,50,0.88,No,60.472,8.4689,00:15:00,2025-06-19 00:15:00
2025-06-19,S12,Norway,25.76,54.42,9.92,26.9,1.89,50,0.5,No,60.472,8.4689,00:30:00,2025-06-19 00:30:00
2025-06-19,S15,Germany,62.79,86.29,17.6,38.9,1.49,350,6.16,No,51.1657,10.4515,00:45:00,2025-06-19 00:45:00
2025-06-19,S15,Germany,62.79,86.29,17.6,38.9,1.49,350,6.16,No,51.1657,10.4515,01:00:00,2025-06-19 01:00:00
2025-06-19,S3,Ireland,73.14,73.63,19.13,25.4,1.71,250,4.78,No,53.1424,-7.6921,01:15:00,2025-06-19 01:15:00
2025-06-19,S2,Ireland,64.18,91.55,20.52,26.8,1.37,250,5.13,No,53.1424,-7.6921,01:30:00,2025-06-19 01:30:00
2025-06-19,S10,Germany,19.55,46.4,10.14,38.0,1.33,350,3.55,No,51.1657,10.4515,01:45:00,2025-06-19 01:45:00
2025-06-19,S8,Germany,65.49,65.33,13.28,35.6,1.64,350,4.65,No,51.1657,10.4515,02:00:00,2025-06-19 02:00:00
2025-06-19,S6,Norway,61.32,31.47,11.36,34.5,1.34,50,0.57,No,60.472,8.4689,02:15:00,2025-06-19 02:15:00
2025-06-19,S12,Norway,25.76,54.42,9.92,26.9,1.89,50,0.5,No,60.472,8.4689,02:30:00,2025-06-19 02:30:00
2025-06-19,S11,Norway,79.21,64.2,7.62,36.5,1.24,50,0.38,No,60.472,8.4689,02:45:00,2025-06-19 02:45:00
2025-06-19,S11,Norway,79.21,64.2,7.62,36.5,1.24,50,0.38,No,60.472,8.4689,03:00:00,2025-06-19 03:00:00
2025-06-19,S15,Germany,62.79,86.29,17.6,38.9,1.49,350,6.16,No,51.1657,10.4515,03:15:00,2025-06-19 03:15:00
2025-06-19,S3,Ireland,73.14,73.63,19.13,25.4,1.71,250,4.78,No,53.1424,-7.6921,03:30:00,2025-06-19 03:30:00
2025-06-19,S1,Norway,85.58,52.49,17.52,31.7,1.91,50,0.88,No,60.472,8.4689,03:45:00,2025-06-19 03:45:00
2025-06-19,S10,Germany,19.55,46.4,10.14,38.0,1.33,350,3.55,No,51.1657,10.4515,04:00:00,2025-06-19 04:00:00
2025-06-19,S15,Germany,62.79,86.29,17.6,38.9,1.49,350,6.16,No,51.1657,10.4515,04:15:00,2025-06-19 04:15:00
2025-06-19,S1,Norway,85.58,52.49,17.52,31.7,1.91,50,0.88,No,60.472,8.4689,04:30:00,2025-06-19 04:30:00
2025-06-19,S12,Norway,25.76,54.42,9.92,26.9,1.89,50,0.5,No,60.472,8.4689,04:45:00,2025-06-19 04:45:00
2025-06-19,S7,Germany,76.95,71.96,7.32,26.9,1.27,350,2.56,No,51.1657,10.4515,05:00:00,2025-06-19 05:00:00
2025-06-19,S14,Ireland,49.72,88.53,19.19,34.0,1.8,250,4.8,No,53.1424,-7.6921,05:15:00,2025-06-19 05:15:00
2025-06-19,S10,Germany,19.55,46.4,10.14,38.0,1.33,350,3.55,No,51.1657,10.4515,05:30:00,2025-06-19 05:30:00
2025-06-19,S6,Norway,61.32,31.47,11.36,34.5,1.34,50,0.57,No,60.472,8.4689,05:45:00,2025-06-19 05:45:00
2025-06-19,S7,Germany,76.95,71.96,7.32,26.9,1.27,350,2.56,No,51.1657,10.4515,06:00:00,2025-06-19 06:00:00
2025-06-19,S14,Ireland,49.72,88.53,19.19,34.0,1.8,250,4.8,No,53.1424,-7.6921,06:15:00,2025-06-19 06:15:00
2025-06-19,S14,Ireland,49.72,88.53,19.19,34.0,1.8,250,4.8,No,53.1424,-7.6921,06:30:00,2025-06-19 06:30:00
2025-06-19,S15,Germany,62.79,86.29,17.6,38.9,1.49,350,6.16,No,51.1657,10.4515,06:45:00,2025-06-19 06:45:00
2025-06-19,S12,Norway,25.76,54.42,9.92,26.9,1.89,50,0.5,No,60.472,8.4689,07:00:00,2025-06-19 07:00:00
2025-06-19,S2,Ireland,64.18,91.55,20.52,26.8,1.37,250,5.13,No,53.1424,-7.6921,07:15:00,2025-06-19 07:15:00
2025-06-19,S11,Norway,79.21,64.2,7.62,36.5,1.24,50,0.38,No,60.472,8.4689,07:30:00,2025-06-19 07:30:00
2025-06-19,S11,Norway,79.21,64.2,7.62,36.5,1.24,50,0.38,No,60.472,8.4689,07:45:00,2025-06-19 07:45:00
2025-06-19,S12,Norway,25.76,54.42,9.92,26.9,1.89,50,0.5,No,60.472,8.4689,08:00:00,2025-06-19 08:00:00
2025-06-19,S11,Norway,79.21,64.2,7.62,36.5,1.24,50,0.38,No,60.472,8.4689,08:15:00,2025-06-19 08:15:00
2025-06-19,S9,Ireland,17.29,77.51,8.6,25.5,1.92,250,2.15,No,53.1424,-7.6921,08:30:00,2025-06-19 08:30:00
2025-06-19,S5,Germany,48.84,94.41,22.04,29.9,1.37,350,7.71,No,51.1657,10.4515,08:45:00,2025-06-19 08:45:00
2025-06-19,S6,Norway,61.32,31.47,11.36,34.5,1.34,50,0.57,No,60.472,8.4689,09:00:00,2025-06-19 09:00:00
2025-06-19,S3,Ireland,73.14,73.63,19.13,25.4,1.71,250,4.78,No,53.1424,-7.6921,09:15:00,2025-06-19 09:15:00
2025-06-19,S5,Germany,48.84,94.41,22.04,29.9,1.37,350,7.71,No,51.1657,10.4515,09:30:00,2025-06-19 09:30:00
2025-06-19,S12,Norway,25.76,54.42,9.92,26.9,1.89,50,0.5,No,60.472,8.4689,09:45:00,2025-06-19 09:45:00
2025-06-19,S7,Germany,76.95,71.96,7.32,26.9,1.27,350,2.56,No,51.1657,10.4515,10:00:00,2025-06-19 10:00:00
2025-06-19,S11,Norway,79.21,64.2,7.62,36.5,1.24,50,0.38,No,60.472,8.4689,10:15:00,2025-06-19 10:15:00
2025-06-19,S8,Germany,65.49,65.33,13.28,35.6,1.64,350,4.65,No,51.1657,10.4515,10:30:00,2025-06-19 10:30:00
2025-06-19,S8,Germany,65.49,65.33,13.28,35.6,1.64,350,4.65,No,51.1657,10.4515,10:45:00,2025-06-19 10:45:00
2025-06-19,S9,Ireland,17.29,77.51,8.6,25.5,1.92,250,2.15,No,53.1424,-7.6921,11:00:00,2025-06-19 11:00:00
2025-06-19,S14,Ireland,49.72,88.53,19.19,34.0,1.8,250,4.8,No,53.1424,-7.6921,11:15:00,2025-06-19 11:15:00
2025-06-19,S6,Norway,61.32,31.47,11.36,34.5,1.34,50,0.57,No,60.472,8.4689,11:30:00,2025-06-19 11:30:00
2025-06-19,S12,Norway,25.76,54.42,9.92,26.9,1.89,50,0.5,No,60.472,8.4689,11:45:00,2025-06-19 11:45:00
2025-06-19,S14,Ireland,49.72,88.53,19.19,34.0,1.8,250,4.8,No,53.1424,-7.6921,12:00:00,2025-06-19 12:00:00
2025-06-19,S11,Norway,79.21,64.2,7.62,36.5,1.24,50,0.38,No,60.472,8.4689,12:15:00,2025-06-19 12:15:00
2025-06-19,S6,Norway,61.32,31.47,11.36,34.5,1.34,50,0.57,No,60.472,8.4689,12:30:00,2025-06-19 12:30:00
2025-06-19,S3,Ireland,73.14,73.63,19.13,25.4,1.71,250,4.78,No,53.1424,-7.6921,12:45:00,2025-06-19 12:45:00
2025-06-19,S2,Ireland,64.18,91.55,20.52,26.8,1.37,250,5.13,No,53.1424,-7.6921,13:00:00,2025-06-19 13:00:00
2025-06-19,S3,Ireland,73.14,73.63,19.13,25.4,1.71,250,4.78,No,53.1424,-7.6921,13:15:00,2025-06-19 13:15:00
2025-06-19,S15,Germany,62.79,86.29,17.6,38.9,1.49,350,6.16,No,51.1657,10.4515,13:30:00,2025-06-19 13:30:00
2025-06-19,S12,Norway,25.76,54.42,9.92,26.9,1.89,50,0.5,No,60.472,8.4689,13:45:00,2025-06-19 13:45:00
2025-06-19,S11,Norway,79.21,64.2,7.62,36.5,1.24,50,0.38,No,60.472,8.4689,14:00:00,2025-06-19 14:00:00
2025-06-19,S6,Norway,61.32,31.47,11.36,34.5,1.34,50,0.57,No,60.472,8.4689,14:15:00,2025-06-19 14:15:00
2025-06-19,S2,Ireland,64.18,91.55,20.52,26.8,1.37,250,5.13,No,53.1424,-7.6921,14:30:00,2025-06-19 14:30:00
2025-06-19,S8,Germany,65.49,65.33,13.28,35.6,1.64,350,4.65,No,51.1657,10.4515,14:45:00,2025-06-19 14:45:00
2025-06-19,S4,Ireland,74.93,21.32,9.46,27.9,1.47,250,2.37,No,53.1424,-7.6921,15:00:00,2025-06-19 15:00:00
2025-06-19,S9,Ireland,17.29,77.51,8.6,25.5,1.92,250,2.15,No,53.1424,-7.6921,15:15:00,2025-06-19 15:15:00
2025-06-19,S2,Ireland,64.18,91.55,20.52,26.8,1.37,250,5.13,No,53.1424,-7.6921,15:30:00,2025-06-19 15:30:00
2025-06-19,S1,Norway,85.58,52.49,17.52,31.7,1.91,50,0.88,No,60.472,8.4689,15:45:00,2025-06-19 15:45:00
2025-06-19,S12,Norway,25.76,54.42,9.92,26.9,1.89,50,0.5,No,60.472,8.4689,16:00:00,2025-06-19 16:00:00
2025-06-19,S3,Ireland,73.14,73.63,19.13,25.4,1.71,250,4.78,No,53.1424,-7.6921,16:15:00,2025-06-19 16:15:00
2025-06-19,S11,Norway,79.21,64.2,7.62,36.5,1.24,50,0.38,No,60.472,8.4689,16:30:00,2025-06-19 16:30:00
2025-06-19,S11,Norway,79.21,64.2,7.62,36.5,1.24,50,0.38,No,60.472,8.4689,16:45:00,2025-06-19 16:45:00
2025-06-19,S13,Norway,23.45,31.53,7.08,32.0,1.81,50,0.35,No,60.472,8.4689,17:00:00,2025-06-19 17:00:00
2025-06-19,S2,Ireland,64.18,91.55,20.52,26.8,1.37,250,5.13,No,53.1424,-7.6921,17:15:00,2025-06-19 17:15:00
2025-06-19,S6,Norway,61.32,31.47,11.36,34.5,1.34,50,0.57,No,60.472,8.4689,17:30:00,2025-06-19 17:30:00
2025-06-19,S5,Germany,48.84,94.41,22.04,29.9,1.37,350,7.71,No,51.1657,10.4515,17:45:00,2025-06-19 17:45:00
2025-06-19,S2,Ireland,64.18,91.55,20.52,26.8,1.37,250,5.13,No,53.1424,-7.6921,18:00:00,2025-06-19 18:00:00
2025-06-19,S10,Germany,19.55,46.4,10.14,38.0,1.33,350,3.55,No,51.1657,10.4515,18:15:00,2025-06-19 18:15:00
2025-06-19,S6,Norway,61.32,31.47,11.36,34.5,1.34,50,0.57,No,60.472,8.4689,18:30:00,2025-06-19 18:30:00
2025-06-19,S10,Germany,19.55,46.4,10.14,38.0,1.33,350,3.55,No,51.1657,10.4515,18:45:00,2025-06-19 18:45:00
2025-06-19,S1,Norway,85.58,52.49,17.52,31.7,1.91,50,0.88,No,60.472,8.4689,19:00:00,2025-06-19 19:00:00
2025-06-19,S14,Ireland,49.72,88.53,19.19,34.0,1.8,250,4.8,No,53.1424,-7.6921,19:15:00,2025-06-19 19:15:00
2025-06-19,S11,Norway,79.21,64.2,7.62,36.5,1.24,50,0.38,No,60.472,8.4689,19:30:00,2025-06-19 19:30:00
2025-06-19,S7,Germany,76.95,71.96,7.32,26.9,1.27,350,2.56,No,51.1657,10.4515,19:45:00,2025-06-19 19:45:00
2025-06-19,S1,Norway,85.58,52.49,17.52,31.7,1.91,50,0.88,No,60.472,8.4689,20:00:00,2025-06-19 20:00:00
2025-06-19,S1,Norway,85.58,52.49,17.52,31.7,1.91,50,0.88,No,60.472,8.4689,20:15:00,2025-06-19 20:15:00
2025-06-19,S1,Norway,85.58,52.49,17.52,31.7,1.91,50,0.88,No,60.472,8.4689,20:30:00,2025-06-19 20:30:00
2025-06-19,S3,Ireland,73.14,73.63,19.13,25.4,1.71,250,4.78,No,53.1424,-7.6921,20:45:00,2025-06-19 20:45:00
2025-06-19,S11,Norway,79.21,64.2,7.62,36.5,1.24,50,0.38,No,60.472,8.4689,21:00:00,2025-06-19 21:00:00
2025-06-19,S6,Norway,61.32,31.47,11.36,34.5,1.34,50,0.57,No,60.472,8.4689,21:15:00,2025-06-19 21:15:00
2025-06-19,S8,Germany,65.49,65.33,13.28,35.6,1.64,350,4.65,No,51.1657,10.4515,21:30:00,2025-06-19 21:30:00
2025-06-19,S6,Norway,61.32,31.47,11.36,34.5,1.34,50,0.57,No,60.472,8.4689,21:45:00,2025-06-19 21:45:00
2025-06-19,S2,Ireland,64.18,91.55,20.52,26.8,1.37,250,5.13,No,53.1424,-7.6921,22:00:00,2025-06-19 22:00:00
2025-06-19,S9,Ireland,17.29,77.51,8.6,25.5,1.92,250,2.15,No,53.1424,-7.6921,22:15:00,2025-06-19 22:15:00
2025-06-19,S3,Ireland,73.14,73.63,19.13,25.4,1.71,250,4.78,No,53.1424,-7.6921,22:30:00,2025-06-19 22:30:00
2025-06-19,S6,Norway,61.32,31.47,11.36,34.5,1.34,50,0.57,No,60.472,8.4689,22:45:00,2025-06-19 22:45:00
2025-06-19,S1,Norway,85.58,52.49,17.52,31.7,1.91,50,0.88,No,60.472,8.4689,23:00:00,2025-06-19 23:00:00
2025-06-19,S13,Norway,23.45,31.53,7.08,32.0,1.81,50,0.35,No,60.472,8.4689,23:15:00,2025-06-19 23:15:00
2025-06-19,S15,Germany,62.79,86.29,17.6,38.9,1.49,350,6.16,No,51.1657,10.4515,23:30:00,2025-06-19 23:30:00
2025-06-19,S15,Germany,62.79,86.29,17.6,38.9,1.49,350,6.16,No,51.1657,10.4515,23:45:00,2025-06-19 23:45:00
2025-06-20,S3,Ireland,63.9,35.55,19.07,30.1,1.23,250,4.77,No,53.1424,-7.6921,00:00:00,2025-06-20 00:00:00
2025-06-20,S1,Norway,60.81,20.56,14.46,34.8,1.54,50,0.72,No,60.472,8.4689,00:15:00,2025-06-20 00:15:00
2025-06-20,S2,Ireland,13.17,42.57,10.11,32.6,1.42,250,2.53,No,53.1424,-7.6921,00:30:00,2025-06-20 00:30:00
2025-06-20,S10,Germany,25.88,20.31,6.13,26.3,1.96,350,2.15,No,51.1657,10.4515,00:45:00,2025-06-20 00:45:00
2025-06-20,S2,Ireland,13.17,42.57,10.11,32.6,1.42,250,2.53,No,53.1424,-7.6921,01:00:00,2025-06-20 01:00:00
2025-06-20,S2,Ireland,13.17,42.57,10.11,32.6,1.42,250,2.53,No,53.1424,-7.6921,01:15:00,2025-06-20 01:15:00
2025-06-20,S13,Norway,60.33,93.28,8.08,37.6,1.5,50,0.4,No,60.472,8.4689,01:30:00,2025-06-20 01:30:00
2025-06-20,S12,Norway,89.65,45.45,9.28,37.9,1.36,50,0.46,No,60.472,8.4689,01:45:00,2025-06-20 01:45:00
2025-06-20,S4,Ireland,77.82,37.69,21.06,35.1,1.52,250,5.26,No,53.1424,-7.6921,02:00:00,2025-06-20 02:00:00
2025-06-20,S13,Norway,60.33,93.28,8.08,37.6,1.5,50,0.4,No,60.472,8.4689,02:15:00,2025-06-20 02:15:00
2025-06-20,S15,Germany,50.97,25.16,19.07,39.4,1.54,350,6.67,No,51.1657,10.4515,02:30:00,2025-06-20 02:30:00
2025-06-20,S7,Germany,38.13,30.96,17.37,30.5,1.97,350,6.08,No,51.1657,10.4515,02:45:00,2025-06-20 02:45:00
2025-06-20,S10,Germany,25.88,20.31,6.13,26.3,1.96,350,2.15,No,51.1657,10.4515,03:00:00,2025-06-20 03:00:00
2025-06-20,S2,Ireland,13.17,42.57,10.11,32.6,1.42,250,2.53,No,53.1424,-7.6921,03:15:00,2025-06-20 03:15:00
2025-06-20,S11,Norway,80.31,54.3,13.25,39.6,1.2,50,0.66,No,60.472,8.4689,03:30:00,2025-06-20 03:30:00
2025-06-20,S13,Norway,60.33,93.28,8.08,37.6,1.5,50,0.4,No,60.472,8.4689,03:45:00,2025-06-20 03:45:00
2025-06-20,S3,Ireland,63.9,35.55,19.07,30.1,1.23,250,4.77,No,53.1424,-7.6921,04:00:00,2025-06-20 04:00:00
2025-06-20,S6,Norway,17.43,52.21,23.71,38.9,1.49,50,1.19,No,60.472,8.4689,04:15:00,2025-06-20 04:15:00
2025-06-20,S5,Germany,74.8,70.41,9.91,30.7,1.25,350,3.47,No,51.1657,10.4515,04:30:00,2025-06-20 04:30:00
2025-06-20,S5,Germany,74.8,70.41,9.91,30.7,1.25,350,3.47,No,51.1657,10.4515,04:45:00,2025-06-20 04:45:00
2025-06-20,S8,Germany,25.72,60.96,17.24,33.3,1.45,350,6.03,No,51.1657,10.4515,05:00:00,2025-06-20 05:00:00
2025-06-20,S15,Germany,50.97,25.16,19.07,39.4,1.54,350,6.67,No,51.1657,10.4515,05:15:00,2025-06-20 05:15:00
2025-06-20,S3,Ireland,63.9,35.55,19.07,30.1,1.23,250,4.77,No,53.1424,-7.6921,05:30:00,2025-06-20 05:30:00
2025-06-20,S15,Germany,50.97,25.16,19.07,39.4,1.54,350,6.67,No,51.1657,10.4515,05:45:00,2025-06-20 05:45:00
2025-06-20,S1,Norway,60.81,20.56,14.46,34.8,1.54,50,0.72,No,60.472,8.4689,06:00:00,2025-06-20 06:00:00
2025-06-20,S13,Norway,60.33,93.28,8.08,37.6,1.5,50,0.4,No,60.472,8.4689,06:15:00,2025-06-20 06:15:00
2025-06-20,S15,Germany,50.97,25.16,19.07,39.4,1.54,350,6.67,No,51.1657,10.4515,06:30:00,2025-06-20 06:30:00
2025-06-20,S6,Norway,17.43,52.21,23.71,38.9,1.49,50,1.19,No,60.472,8.4689,06:45:00,2025-06-20 06:45:00
2025-06-20,S4,Ireland,77.82,37.69,21.06,35.1,1.52,250,5.26,No,53.1424,-7.6921,07:00:00,2025-06-20 07:00:00
2025-06-20,S5,Germany,74.8,70.41,9.91,30.7,1.25,350,3.47,No,51.1657,10.4515,07:15:00,2025-06-20 07:15:00
2025-06-20,S3,Ireland,63.9,35.55,19.07,30.1,1.23,250,4.77,No,53.1424,-7.6921,07:30:00,2025-06-20 07:30:00
2025-06-20,S8,Germany,25.72,60.96,17.24,33.3,1.45,350,6.03,No,51.1657,10.4515,07:45:00,2025-06-20 07:45:00
2025-06-20,S10,Germany,25.88,20.31,6.13,26.3,1.96,350,2.15,No,51.1657,10.4515,08:00:00,2025-06-20 08:00:00
2025-06-20,S9,Ireland,29.26,74.53,20.05,26.0,1.91,250,5.01,No,53.1424,-7.6921,08:15:00,2025-06-20 08:15:00
2025-06-20,S6,Norway,17.43,52.21,23.71,38.9,1.49,50,1.19,No,60.472,8.4689,08:30:00,2025-06-20 08:30:00
2025-06-20,S1,Norway,60.81,20.56,14.46,34.8,1.54,50,0.72,No,60.472,8.4689,08:45:00,2025-06-20 08:45:00
2025-06-20,S7,Germany,38.13,30.96,17.37,30.5,1.97,350,6.08,No,51.1657,10.4515,09:00:00,2025-06-20 09:00:00
2025-06-20,S10,Germany,25.88,20.31,6.13,26.3,1.96,350,2.15,No,51.1657,10.4515,09:15:00,2025-06-20 09:15:00
2025-06-20,S4,Ireland,77.82,37.69,21.06,35.1,1.52,250,5.26,No,53.1424,-7.6921,09:30:00,2025-06-20 09:30:00
2025-06-20,S14,Ireland,32.87,20.47,11.69,26.5,1.62,250,2.92,No,53.1424,-7.6921,09:45:00,2025-06-20 09:45:00
2025-06-20,S5,Germany,74.8,70.41,9.91,30.7,1.25,350,3.47,No,51.1657,10.4515,10:00:00,2025-06-20 10:00:00
2025-06-20,S15,Germany,50.97,25.16,19.07,39.4,1.54,350,6.67,No,51.1657,10.4515,10:15:00,2025-06-20 10:15:00
2025-06-20,S12,Norway,89.65,45.45,9.28,37.9,1.36,50,0.46,No,60.472,8.4689,10:30:00,2025-06-20 10:30:00
2025-06-20,S13,Norway,60.33,93.28,8.08,37.6,1.5,50,0.4,No,60.472,8.4689,10:45:00,2025-06-20 10:45:00
2025-06-20,S5,Germany,74.8,70.41,9.91,30.7,1.25,350,3.47,No,51.1657,10.4515,11:00:00,2025-06-20 11:00:00
2025-06-20,S4,Ireland,77.82,37.69,21.06,35.1,1.52,250,5.26,No,53.1424,-7.6921,11:15:00,2025-06-20 11:15:00
2025-06-20,S4,Ireland,77.82,37.69,21.06,35.1,1.52,250,5.26,No,53.1424,-7.6921,11:30:00,2025-06-20 11:30:00
2025-06-20,S4,Ireland,77.82,37.69,21.06,35.1,1.52,250,5.26,No,53.1424,-7.6921,11:45:00,2025-06-20 11:45:00
2025-06-20,S3,Ireland,63.9,35.55,19.07,30.1,1.23,250,4.77,No,53.1424,-7.6921,12:00:00,2025-06-20 12:00:00
2025-06-20,S5,Germany,74.8,70.41,9.91,30.7,1.25,350,3.47,No,51.1657,10.4515,12:15:00,2025-06-20 12:15:00
2025-06-20,S12,Norway,89.65,45.45,9.28,37.9,1.36,50,0.46,No,60.472,8.4689,12:30:00,2025-06-20 12:30:00
2025-06-20,S12,Norway,89.65,45.45,9.28,37.9,1.36,50,0.46,No,60.472,8.4689,12:45:00,2025-06-20 12:45:00
2025-06-20,S14,Ireland,32.87,20.47,11.69,26.5,1.62,250,2.92,No,53.1424,-7.6921,13:00:00,2025-06-20 13:00:00
2025-06-20,S7,Germany,38.13,30.96,17.37,30.5,1.97,350,6.08,No,51.1657,10.4515,13:15:00,2025-06-20 13:15:00
2025-06-20,S1,Norway,60.81,20.56,14.46,34.8,1.54,50,0.72,No,60.472,8.4689,13:30:00,2025-06-20 13:30:00
2025-06-20,S1,Norway,60.81,20.56,14.46,34.8,1.54,50,0.72,No,60.472,8.4689,13:45:00,2025-06-20 13:45:00
2025-06-20,S8,Germany,25.72,60.96,17.24,33.3,1.45,350,6.03,No,51.1657,10.4515,14:00:00,2025-06-20 14:00:00
2025-06-20,S3,Ireland,63.9,35.55,19.07,30.1,1.23,250,4.77,No,53.1424,-7.6921,14:15:00,2025-06-20 14:15:00
2025-06-20,S8,Germany,25.72,60.96,17.24,33.3,1.45,350,6.03,No,51.1657,10.4515,14:30:00,2025-06-20 14:30:00
2025-06-20,S7,Germany,38.13,30.96,17.37,30.5,1.97,350,6.08,No,51.1657,10.4515,14:45:00,2025-06-20 14:45:00
2025-06-20,S14,Ireland,32.87,20.47,11.69,26.5,1.62,250,2.92,No,53.1424,-7.6921,15:00:00,2025-06-20 15:00:00
2025-06-20,S13,Norway,60.33,93.28,8.08,37.6,1.5,50,0.4,No,60.472,8.4689,15:15:00,2025-06-20 15:15:00
2025-06-20,S2,Ireland,13.17,42.57,10.11,32.6,1.42,250,2.53,No,53.1424,-7.6921,15:30:00,2025-06-20 15:30:00
2025-06-20,S14,Ireland,32.87,20.47,11.69,26.5,1.62,250,2.92,No,53.1424,-7.6921,15:45:00,2025-06-20 15:45:00
2025-06-20,S15,Germany,50.97,25.16,19.07,39.4,1.54,350,6.67,No,51.1657,10.4515,16:00:00,2025-06-20 16:00:00
2025-06-20,S4,Ireland,77.82,37.69,21.06,35.1,1.52,250,5.26,No,53.1424,-7.6921,16:15:00,2025-06-20 16:15:00
2025-06-20,S2,Ireland,13.17,42.57,10.11,32.6,1.42,250,2.53,No,53.1424,-7.6921,16:30:00,2025-06-20 16:30:00
2025-06-20,S4,Ireland,77.82,37.69,21.06,35.1,1.52,250,5.26,No,53.1424,-7.6921,16:45:00,2025-06-20 16:45:00
2025-06-20,S14,Ireland,32.87,20.47,11.69,26.5,1.62,250,2.92,No,53.1424,-7.6921,17:00:00,2025-06-20 17:00:00
2025-06-20,S2,Ireland,13.17,42.57,10.11,32.6,1.42,250,2.53,No,53.1424,-7.6921,17:15:00,2025-06-20 17:15:00
2025-06-20,S12,Norway,89.65,45.45,9.28,37.9,1.36,50,0.46,No,60.472,8.4689,17:30:00,2025-06-20 17:30:00
2025-06-20,S4,Ireland,77.82,37.69,21.06,35.1,1.52,250,5.26,No,53.1424,-7.6921,17:45:00,2025-06-20 17:45:00
2025-06-20,S10,Germany,25.88,20.31,6.13,26.3,1.96,350,2.15,No,51.1657,10.4515,18:00:00,2025-06-20 18:00:00
2025-06-20,S14,Ireland,32.87,20.47,11.69,26.5,1.62,250,2.92,No,53.1424,-7.6921,18:15:00,2025-06-20 18:15:00
2025-06-20,S11,Norway,80.31,54.3,13.25,39.6,1.2,50,0.66,No,60.472,8.4689,18:30:00,2025-06-20 18:30:00
2025-06-20,S8,Germany,25.72,60.96,17.24,33.3,1.45,350,6.03,No,51.1657,10.4515,18:45:00,2025-06-20 18:45:00
2025-06-20,S3,Ireland,63.9,35.55,19.07,30.1,1.23,250,4.77,No,53.1424,-7.6921,19:00:00,2025-06-20 19:00:00
2025-06-20,S8,Germany,25.72,60.96,17.24,33.3,1.45,350,6.03,No,51.1657,10.4515,19:15:00,2025-06-20 19:15:00
2025-06-20,S3,Ireland,63.9,35.55,19.07,30.1,1.23,250,4.77,No,53.1424,-7.6921,19:30:00,2025-06-20 19:30:00
2025-06-20,S14,Ireland,32.87,20.47,11.69,26.5,1.62,250,2.92,No,53.1424,-7.6921,19:45:00,2025-06-20 19:45:00
2025-06-20,S14,Ireland,32.87,20.47,11.69,26.5,1.62,250,2.92,No,53.1424,-7.6921,20:00:00,2025-06-20 20:00:00
2025-06-20,S1,Norway,60.81,20.56,14.46,34.8,1.54,50,0.72,No,60.472,8.4689,20:15:00,2025-06-20 20:15:00
2025-06-20,S12,Norway,89.65,45.45,9.28,37.9,1.36,50,0.46,No,60.472,8.4689,20:30:00,2025-06-20 20:30:00
2025-06-20,S10,Germany,25.88,20.31,6.13,26.3,1.96,350,2.15,No,51.1657,10.4515,20:45:00,2025-06-20 20:45:00
2025-06-20,S2,Ireland,13.17,42.57,10.11,32.6,1.42,250,2.53,No,53.1424,-7.6921,21:00:00,2025-06-20 21:00:00
2025-06-20,S3,Ireland,63.9,35.55,19.07,30.1,1.23,250,4.77,No,53.1424,-7.6921,21:15:00,2025-06-20 21:15:00
2025-06-20,S6,Norway,17.43,52.21,23.71,38.9,1.49,50,1.19,No,60.472,8.4689,21:30:00,2025-06-20 21:30:00
2025-06-20,S8,Germany,25.72,60.96,17.24,33.3,1.45,350,6.03,No,51.1657,10.4515,21:45:00,2025-06-20 21:45:00
2025-06-20,S5,Germany,74.8,70.41,9.91,30.7,1.25,350,3.47,No,51.1657,10.4515,22:00:00,2025-06-20 22:00:00
2025-06-20,S5,Germany,74.8,70.41,9.91,30.7,1.25,350,3.47,No,51.1657,10.4515,22:15:00,2025-06-20 22:15:00
2025-06-20,S14,Ireland,32.87,20.47,11.69,26.5,1.62,250,2.92,No,53.1424,-7.6921,22:30:00,2025-06-20 22:30:00
2025-06-20,S4,Ireland,77.82,37.69,21.06,35.1,1.52,250,5.26,No,53.1424,-7.6921,22:45:00,2025-06-20 22:45:00
2025-06-20,S7,Germany,38.13,30.96,17.37,30.5,1.97,350,6.08,No,51.1657,10.4515,23:00:00,2025-06-20 23:00:00
2025-06-20,S10,Germany,25.88,20.31,6.13,26.3,1.96,350,2.15,No,51.1657,10.4515,23:15:00,2025-06-20 23:15:00
2025-06-20,S10,Germany,25.88,20.31,6.13,26.3,1.96,350,2.15,No,51.1657,10.4515,23:30:00,2025-06-20 23:30:00
2025-06-20,S15,Germany,50.97,25.16,19.07,39.4,1.54,350,6.67,No,51.1657,10.4515,23:45:00,2025-06-20 23:45:00
2025-06-21,S12,Norway,85.75,56.31,8.59,35.4,1.77,50,0.43,No,60.472,8.4689,00:00:00,2025-06-21 00:00:00
2025-06-21,S5,Germany,84.48,62.19,6.54,35.8,1.87,350,2.29,No,51.1657,10.4515,00:15:00,2025-06-21 00:15:00
2025-06-21,S1,Norway,41.36,83.55,17.13,29.4,1.8,50,0.86,No,60.472,8.4689,00:30:00,2025-06-21 00:30:00
2025-06-21,S3,Ireland,54.0,86.28,5.31,29.2,1.55,250,1.33,No,53.1424,-7.6921,00:45:00,2025-06-21 00:45:00
2025-06-21,S7,Germany,30.98,42.73,20.22,27.2,1.45,350,7.08,No,51.1657,10.4515,01:00:00,2025-06-21 01:00:00
2025-06-21,S15,Germany,68.4,26.06,11.94,26.4,1.56,350,4.18,No,51.1657,10.4515,01:15:00,2025-06-21 01:15:00
2025-06-21,S1,Norway,41.36,83.55,17.13,29.4,1.8,50,0.86,No,60.472,8.4689,01:30:00,2025-06-21 01:30:00
2025-06-21,S1,Norway,41.36,83.55,17.13,29.4,1.8,50,0.86,No,60.472,8.4689,01:45:00,2025-06-21 01:45:00
2025-06-21,S3,Ireland,54.0,86.28,5.31,29.2,1.55,250,1.33,No,53.1424,-7.6921,02:00:00,2025-06-21 02:00:00
2025-06-21,S5,Germany,84.48,62.19,6.54,35.8,1.87,350,2.29,No,51.1657,10.4515,02:15:00,2025-06-21 02:15:00
2025-06-21,S6,Norway,62.31,44.23,17.3,27.6,1.96,50,0.86,No,60.472,8.4689,02:30:00,2025-06-21 02:30:00
2025-06-21,S3,Ireland,54.0,86.28,5.31,29.2,1.55,250,1.33,No,53.1424,-7.6921,02:45:00,2025-06-21 02:45:00
2025-06-21,S11,Norway,48.13,68.7,13.88,25.6,1.88,50,0.69,No,60.472,8.4689,03:00:00,2025-06-21 03:00:00
2025-06-21,S5,Germany,84.48,62.19,6.54,35.8,1.87,350,2.29,No,51.1657,10.4515,03:15:00,2025-06-21 03:15:00
2025-06-21,S15,Germany,68.4,26.06,11.94,26.4,1.56,350,4.18,No,51.1657,10.4515,03:30:00,2025-06-21 03:30:00
2025-06-21,S2,Ireland,22.6,66.22,15.99,38.1,1.86,250,4.0,No,53.1424,-7.6921,03:45:00,2025-06-21 03:45:00
2025-06-21,S13,Norway,71.12,75.44,15.23,27.3,1.41,50,0.76,No,60.472,8.4689,04:00:00,2025-06-21 04:00:00
2025-06-21,S8,Germany,78.85,41.29,13.15,32.4,1.87,350,4.6,No,51.1657,10.4515,04:15:00,2025-06-21 04:15:00
2025-06-21,S12,Norway,85.75,56.31,8.59,35.4,1.77,50,0.43,No,60.472,8.4689,04:30:00,2025-06-21 04:30:00
2025-06-21,S11,Norway,48.13,68.7,13.88,25.6,1.88,50,0.69,No,60.472,8.4689,04:45:00,2025-06-21 04:45:00
2025-06-21,S3,Ireland,54.0,86.28,5.31,29.2,1.55,250,1.33,No,53.1424,-7.6921,05:00:00,2025-06-21 05:00:00
2025-06-21,S10,Germany,44.83,57.06,20.95,38.5,1.34,350,7.33,No,51.1657,10.4515,05:15:00,2025-06-21 05:15:00
2025-06-21,S9,Ireland,86.6,51.59,16.13,32.6,1.52,250,4.03,No,53.1424,-7.6921,05:30:00,2025-06-21 05:30:00
2025-06-21,S1,Norway,41.36,83.55,17.13,29.4,1.8,50,0.86,No,60.472,8.4689,05:45:00,2025-06-21 05:45:00
2025-06-21,S4,Ireland,13.49,47.71,22.22,31.9,1.86,250,5.55,No,53.1424,-7.6921,06:00:00,2025-06-21 06:00:00
2025-06-21,S15,Germany,68.4,26.06,11.94,26.4,1.56,350,4.18,No,51.1657,10.4515,06:15:00,2025-06-21 06:15:00
2025-06-21,S5,Germany,84.48,62.19,6.54,35.8,1.87,350,2.29,No,51.1657,10.4515,06:30:00,2025-06-21 06:30:00
2025-06-21,S6,Norway,62.31,44.23,17.3,27.6,1.96,50,0.86,No,60.472,8.4689,06:45:00,2025-06-21 06:45:00
2025-06-21,S13,Norway,71.12,75.44,15.23,27.3,1.41,50,0.76,No,60.472,8.4689,07:00:00,2025-06-21 07:00:00
2025-06-21,S9,Ireland,86.6,51.59,16.13,32.6,1.52,250,4.03,No,53.1424,-7.6921,07:15:00,2025-06-21 07:15:00
2025-06-21,S8,Germany,78.85,41.29,13.15,32.4,1.87,350,4.6,No,51.1657,10.4515,07:30:00,2025-06-21 07:30:00
2025-06-21,S7,Germany,30.98,42.73,20.22,27.2,1.45,350,7.08,No,51.1657,10.4515,07:45:00,2025-06-21 07:45:00
2025-06-21,S14,Ireland,21.04,58.62,12.39,26.5,1.97,250,3.1,No,53.1424,-7.6921,08:00:00,2025-06-21 08:00:00
2025-06-21,S12,Norway,85.75,56.31,8.59,35.4,1.77,50,0.43,No,60.472,8.4689,08:15:00,2025-06-21 08:15:00
2025-06-21,S12,Norway,85.75,56.31,8.59,35.4,1.77,50,0.43,No,60.472,8.4689,08:30:00,2025-06-21 08:30:00
2025-06-21,S7,Germany,30.98,42.73,20.22,27.2,1.45,350,7.08,No,51.1657,10.4515,08:45:00,2025-06-21 08:45:00
2025-06-21,S3,Ireland,54.0,86.28,5.31,29.2,1.55,250,1.33,No,53.1424,-7.6921,09:00:00,2025-06-21 09:00:00
2025-06-21,S12,Norway,85.75,56.31,8.59,35.4,1.77,50,0.43,No,60.472,8.4689,09:15:00,2025-06-21 09:15:00
2025-06-21,S13,Norway,71.12,75.44,15.23,27.3,1.41,50,0.76,No,60.472,8.4689,09:30:00,2025-06-21 09:30:00
2025-06-21,S11,Norway,48.13,68.7,13.88,25.6,1.88,50,0.69,No,60.472,8.4689,09:45:00,2025-06-21 09:45:00
2025-06-21,S2,Ireland,22.6,66.22,15.99,38.1,1.86,250,4.0,No,53.1424,-7.6921,10:00:00,2025-06-21 10:00:00
2025-06-21,S5,Germany,84.48,62.19,6.54,35.8,1.87,350,2.29,No,51.1657,10.4515,10:15:00,2025-06-21 10:15:00
2025-06-21,S9,Ireland,86.6,51.59,16.13,32.6,1.52,250,4.03,No,53.1424,-7.6921,10:30:00,2025-06-21 10:30:00
2025-06-21,S7,Germany,30.98,42.73,20.22,27.2,1.45,350,7.08,No,51.1657,10.4515,10:45:00,2025-06-21 10:45:00
2025-06-21,S6,Norway,62.31,44.23,17.3,27.6,1.96,50,0.86,No,60.472,8.4689,11:00:00,2025-06-21 11:00:00
2025-06-21,S6,Norway,62.31,44.23,17.3,27.6,1.96,50,0.86,No,60.472,8.4689,11:15:00,2025-06-21 11:15:00
2025-06-21,S9,Ireland,86.6,51.59,16.13,32.6,1.52,250,4.03,No,53.1424,-7.6921,11:30:00,2025-06-21 11:30:00
2025-06-21,S7,Germany,30.98,42.73,20.22,27.2,1.45,350,7.08,No,51.1657,10.4515,11:45:00,2025-06-21 11:45:00
2025-06-21,S13,Norway,71.12,75.44,15.23,27.3,1.41,50,0.76,No,60.472,8.4689,12:00:00,2025-06-21 12:00:00
2025-06-21,S12,Norway,85.75,56.31,8.59,35.4,1.77,50,0.43,No,60.472,8.4689,12:15:00,2025-06-21 12:15:00
2025-06-21,S14,Ireland,21.04,58.62,12.39,26.5,1.97,250,3.1,No,53.1424,-7.6921,12:30:00,2025-06-21 12:30:00
2025-06-21,S2,Ireland,22.6,66.22,15.99,38.1,1.86,250,4.0,No,53.1424,-7.6921,12:45:00,2025-06-21 12:45:00
2025-06-21,S14,Ireland,21.04,58.62,12.39,26.5,1.97,250,3.1,No,53.1424,-7.6921,13:00:00,2025-06-21 13:00:00
2025-06-21,S4,Ireland,13.49,47.71,22.22,31.9,1.86,250,5.55,No,53.1424,-7.6921,13:15:00,2025-06-21 13:15:00
2025-06-21,S5,Germany,84.48,62.19,6.54,35.8,1.87,350,2.29,No,51.1657,10.4515,13:30:00,2025-06-21 13:30:00
2025-06-21,S4,Ireland,13.49,47.71,22.22,31.9,1.86,250,5.55,No,53.1424,-7.6921,13:45:00,2025-06-21 13:45:00
2025-06-21,S15,Germany,68.4,26.06,11.94,26.4,1.56,350,4.18,No,51.1657,10.4515,14:00:00,2025-06-21 14:00:00
2025-06-21,S2,Ireland,22.6,66.22,15.99,38.1,1.86,250,4.0,No,53.1424,-7.6921,14:15:00,2025-06-21 14:15:00
2025-06-21,S12,Norway,85.75,56.31,8.59,35.4,1.77,50,0.43,No,60.472,8.4689,14:30:00,2025-06-21 14:30:00
2025-06-21,S15,Germany,68.4,26.06,11.94,26.4,1.56,350,4.18,No,51.1657,10.4515,14:45:00,2025-06-21 14:45:00
2025-06-21,S6,Norway,62.31,44.23,17.3,27.6,1.96,50,0.86,No,60.472,8.4689,15:00:00,2025-06-21 15:00:00
2025-06-21,S6,Norway,62.31,44.23,17.3,27.6,1.96,50,0.86,No,60.472,8.4689,15:15:00,2025-06-21 15:15:00
2025-06-21,S6,Norway,62.31,44.23,17.3,27.6,1.96,50,0.86,No,60.472,8.4689,15:30:00,2025-06-21 15:30:00
2025-06-21,S8,Germany,78.85,41.29,13.15,32.4,1.87,350,4.6,No,51.1657,10.4515,15:45:00,2025-06-21 15:45:00
2025-06-21,S4,Ireland,13.49,47.71,22.22,31.9,1.86,250,5.55,No,53.1424,-7.6921,16:00:00,2025-06-21 16:00:00
2025-06-21,S2,Ireland,22.6,66.22,15.99,38.1,1.86,250,4.0,No,53.1424,-7.6921,16:15:00,2025-06-21 16:15:00
2025-06-21,S12,Norway,85.75,56.31,8.59,35.4,1.77,50,0.43,No,60.472,8.4689,16:30:00,2025-06-21 16:30:00
2025-06-21,S9,Ireland,86.6,51.59,16.13,32.6,1.52,250,4.03,No,53.1424,-7.6921,16:45:00,2025-06-21 16:45:00
2025-06-21,S15,Germany,68.4,26.06,11.94,26.4,1.56,350,4.18,No,51.1657,10.4515,17:00:00,2025-06-21 17:00:00
2025-06-21,S6,Norway,62.31,44.23,17.3,27.6,1.96,50,0.86,No,60.472,8.4689,17:15:00,2025-06-21 17:15:00
2025-06-21,S8,Germany,78.85,41.29,13.15,32.4,1.87,350,4.6,No,51.1657,10.4515,17:30:00,2025-06-21 17:30:00
2025-06-21,S15,Germany,68.4,26.06,11.94,26.4,1.56,350,4.18,No,51.1657,10.4515,17:45:00,2025-06-21 17:45:00
2025-06-21,S13,Norway,71.12,75.44,15.23,27.3,1.41,50,0.76,No,60.472,8.4689,18:00:00,2025-06-21 18:00:00
2025-06-21,S3,Ireland,54.0,86.28,5.31,29.2,1.55,250,1.33,No,53.1424,-7.6921,18:15:00,2025-06-21 18:15:00
2025-06-21,S15,Germany,68.4,26.06,11.94,26.4,1.56,350,4.18,No,51.1657,10.4515,18:30:00,2025-06-21 18:30:00
2025-06-21,S11,Norway,48.13,68.7,13.88,25.6,1.88,50,0.69,No,60.472,8.4689,18:45:00,2025-06-21 18:45:00
2025-06-21,S6,Norway,62.31,44.23,17.3,27.6,1.96,50,0.86,No,60.472,8.4689,19:00:00,2025-06-21 19:00:00
2025-06-21,S1,Norway,41.36,83.55,17.13,29.4,1.8,50,0.86,No,60.472,8.4689,19:15:00,2025-06-21 19:15:00
2025-06-21,S2,Ireland,22.6,66.22,15.99,38.1,1.86,250,4.0,No,53.1424,-7.6921,19:30:00,2025-06-21 19:30:00
2025-06-21,S8,Germany,78.85,41.29,13.15,32.4,1.87,350,4.6,No,51.1657,10.4515,19:45:00,2025-06-21 19:45:00
2025-06-21,S7,Germany,30.98,42.73,20.22,27.2,1.45,350,7.08,No,51.1657,10.4515,20:00:00,2025-06-21 20:00:00
2025-06-21,S5,Germany,84.48,62.19,6.54,35.8,1.87,350,2.29,No,51.1657,10.4515,20:15:00,2025-06-21 20:15:00
2025-06-21,S4,Ireland,13.49,47.71,22.22,31.9,1.86,250,5.55,No,53.1424,-7.6921,20:30:00,2025-06-21 20:30:00
2025-06-21,S9,Ireland,86.6,51.59,16.13,32.6,1.52,250,4.03,No,53.1424,-7.6921,20:45:00,2025-06-21 20:45:00
2025-06-21,S8,Germany,78.85,41.29,13.15,32.4,1.87,350,4.6,No,51.1657,10.4515,21:00:00,2025-06-21 21:00:00
2025-06-21,S11,Norway,48.13,68.7,13.88,25.6,1.88,50,0.69,No,60.472,8.4689,21:15:00,2025-06-21 21:15:00
2025-06-21,S9,Ireland,86.6,51.59,16.13,32.6,1.52,250,4.03,No,53.1424,-7.6921,21:30:00,2025-06-21 21:30:00
2025-06-21,S12,Norway,85.75,56.31,8.59,35.4,1.77,50,0.43,No,60.472,8.4689,21:45:00,2025-06-21 21:45:00
2025-06-21,S1,Norway,41.36,83.55,17.13,29.4,1.8,50,0.86,No,60.472,8.4689,22:00:00,2025-06-21 22:00:00
2025-06-21,S9,Ireland,86.6,51.59,16.13,32.6,1.52,250,4.03,No,53.1424,-7.6921,22:15:00,2025-06-21 22:15:00
2025-06-21,S7,Germany,30.98,42.73,20.22,27.2,1.45,350,7.08,No,51.1657,10.4515,22:30:00,2025-06-21 22:30:00
2025-06-21,S1,Norway,41.36,83.55,17.13,29.4,1.8,50,0.86,No,60.472,8.4689,22:45:00,2025-06-21 22:45:00
2025-06-21,S8,Germany,78.85,41.29,13.15,32.4,1.87,350,4.6,No,51.1657,10.4515,23:00:00,2025-06-21 23:00:00
2025-06-21,S5,Germany,84.48,62.19,6.54,35.8,1.87,350,2.29,No,51.1657,10.4515,23:15:00,2025-06-21 23:15:00
2025-06-21,S13,Norway,71.12,75.44,15.23,27.3,1.41,50,0.76,No,60.472,8.4689,23:30:00,2025-06-21 23:30:00
2025-06-21,S14,Ireland,21.04,58.62,12.39,26.5,1.97,250,3.1,No,53.1424,-7.6921,23:45:00,2025-06-21 23:45:00
2025-06-22,S12,Norway,50.59,33.09,15.88,39.0,1.72,50,0.79,No,60.472,8.4689,00:00:00,2025-06-22 00:00:00
2025-06-22,S10,Germany,40.81,59.29,12.33,25.4,1.69,350,4.32,No,51.1657,10.4515,00:15:00,2025-06-22 00:15:00
2025-06-22,S3,Ireland,77.36,88.96,10.13,31.6,1.62,250,2.53,No,53.1424,-7.6921,00:30:00,2025-06-22 00:30:00
2025-06-22,S12,Norway,50.59,33.09,15.88,39.0,1.72,50,0.79,No,60.472,8.4689,00:45:00,2025-06-22 00:45:00
2025-06-22,S15,Germany,82.53,79.5,14.12,38.9,1.26,350,4.94,No,51.1657,10.4515,01:00:00,2025-06-22 01:00:00
2025-06-22,S9,Ireland,45.01,45.4,22.29,37.7,1.63,250,5.57,No,53.1424,-7.6921,01:15:00,2025-06-22 01:15:00
2025-06-22,S6,Norway,21.23,21.86,9.1,27.2,1.28,50,0.46,No,60.472,8.4689,01:30:00,2025-06-22 01:30:00
2025-06-22,S14,Ireland,67.91,30.1,14.23,29.0,1.48,250,3.56,No,53.1424,-7.6921,01:45:00,2025-06-22 01:45:00
2025-06-22,S12,Norway,50.59,33.09,15.88,39.0,1.72,50,0.79,No,60.472,8.4689,02:00:00,2025-06-22 02:00:00
2025-06-22,S1,Norway,76.92,80.73,16.82,32.7,1.46,50,0.84,No,60.472,8.4689,02:15:00,2025-06-22 02:15:00
2025-06-22,S15,Germany,82.53,79.5,14.12,38.9,1.26,350,4.94,No,51.1657,10.4515,02:30:00,2025-06-22 02:30:00
2025-06-22,S3,Ireland,77.36,88.96,10.13,31.6,1.62,250,2.53,No,53.1424,-7.6921,02:45:00,2025-06-22 02:45:00
2025-06-22,S9,Ireland,45.01,45.4,22.29,37.7,1.63,250,5.57,No,53.1424,-7.6921,03:00:00,2025-06-22 03:00:00
2025-06-22,S3,Ireland,77.36,88.96,10.13,31.6,1.62,250,2.53,No,53.1424,-7.6921,03:15:00,2025-06-22 03:15:00
2025-06-22,S6,Norway,21.23,21.86,9.1,27.2,1.28,50,0.46,No,60.472,8.4689,03:30:00,2025-06-22 03:30:00
2025-06-22,S2,Ireland,43.41,22.82,16.55,35.1,1.33,250,4.14,No,53.1424,-7.6921,03:45:00,2025-06-22 03:45:00
2025-06-22,S8,Germany,84.96,83.16,24.6,30.6,1.89,350,8.61,No,51.1657,10.4515,04:00:00,2025-06-22 04:00:00
2025-06-22,S1,Norway,76.92,80.73,16.82,32.7,1.46,50,0.84,No,60.472,8.4689,04:15:00,2025-06-22 04:15:00
2025-06-22,S14,Ireland,67.91,30.1,14.23,29.0,1.48,250,3.56,No,53.1424,-7.6921,04:30:00,2025-06-22 04:30:00
2025-06-22,S6,Norway,21.23,21.86,9.1,27.2,1.28,50,0.46,No,60.472,8.4689,04:45:00,2025-06-22 04:45:00
2025-06-22,S12,Norway,50.59,33.09,15.88,39.0,1.72,50,0.79,No,60.472,8.4689,05:00:00,2025-06-22 05:00:00
2025-06-22,S13,Norway,60.67,61.41,23.68,38.3,1.28,50,1.18,No,60.472,8.4689,05:15:00,2025-06-22 05:15:00
2025-06-22,S3,Ireland,77.36,88.96,10.13,31.6,1.62,250,2.53,No,53.1424,-7.6921,05:30:00,2025-06-22 05:30:00
2025-06-22,S9,Ireland,45.01,45.4,22.29,37.7,1.63,250,5.57,No,53.1424,-7.6921,05:45:00,2025-06-22 05:45:00
2025-06-22,S1,Norway,76.92,80.73,16.82,32.7,1.46,50,0.84,No,60.472,8.4689,06:00:00,2025-06-22 06:00:00
2025-06-22,S4,Ireland,41.58,74.33,13.8,39.9,1.31,250,3.45,No,53.1424,-7.6921,06:15:00,2025-06-22 06:15:00
2025-06-22,S5,Germany,85.11,92.27,6.48,27.8,1.62,350,2.27,No,51.1657,10.4515,06:30:00,2025-06-22 06:30:00
2025-06-22,S10,Germany,40.81,59.29,12.33,25.4,1.69,350,4.32,No,51.1657,10.4515,06:45:00,2025-06-22 06:45:00
2025-06-22,S10,Germany,40.81,59.29,12.33,25.4,1.69,350,4.32,No,51.1657,10.4515,07:00:00,2025-06-22 07:00:00
2025-06-22,S13,Norway,60.67,61.41,23.68,38.3,1.28,50,1.18,No,60.472,8.4689,07:15:00,2025-06-22 07:15:00
2025-06-22,S2,Ireland,43.41,22.82,16.55,35.1,1.33,250,4.14,No,53.1424,-7.6921,07:30:00,2025-06-22 07:30:00
2025-06-22,S12,Norway,50.59,33.09,15.88,39.0,1.72,50,0.79,No,60.472,8.4689,07:45:00,2025-06-22 07:45:00
2025-06-22,S15,Germany,82.53,79.5,14.12,38.9,1.26,350,4.94,No,51.1657,10.4515,08:00:00,2025-06-22 08:00:00
2025-06-22,S15,Germany,82.53,79.5,14.12,38.9,1.26,350,4.94,No,51.1657,10.4515,08:15:00,2025-06-22 08:15:00
2025-06-22,S13,Norway,60.67,61.41,23.68,38.3,1.28,50,1.18,No,60.472,8.4689,08:30:00,2025-06-22 08:30:00
2025-06-22,S15,Germany,82.53,79.5,14.12,38.9,1.26,350,4.94,No,51.1657,10.4515,08:45:00,2025-06-22 08:45:00
2025-06-22,S2,Ireland,43.41,22.82,16.55,35.1,1.33,250,4.14,No,53.1424,-7.6921,09:00:00,2025-06-22 09:00:00
2025-06-22,S3,Ireland,77.36,88.96,10.13,31.6,1.62,250,2.53,No,53.1424,-7.6921,09:15:00,2025-06-22 09:15:00
2025-06-22,S1,Norway,76.92,80.73,16.82,32.7,1.46,50,0.84,No,60.472,8.4689,09:30:00,2025-06-22 09:30:00
2025-06-22,S12,Norway,50.59,33.09,15.88,39.0,1.72,50,0.79,No,60.472,8.4689,09:45:00,2025-06-22 09:45:00
2025-06-22,S7,Germany,34.1,53.43,12.94,36.5,1.26,350,4.53,No,51.1657,10.4515,10:00:00,2025-06-22 10:00:00
2025-06-22,S11,Norway,81.69,91.84,19.93,29.5,1.35,50,1.0,No,60.472,8.4689,10:15:00,2025-06-22 10:15:00
2025-06-22,S12,Norway,50.59,33.09,15.88,39.0,1.72,50,0.79,No,60.472,8.4689,10:30:00,2025-06-22 10:30:00
2025-06-22,S10,Germany,40.81,59.29,12.33,25.4,1.69,350,4.32,No,51.1657,10.4515,10:45:00,2025-06-22 10:45:00
2025-06-22,S15,Germany,82.53,79.5,14.12,38.9,1.26,350,4.94,No,51.1657,10.4515,11:00:00,2025-06-22 11:00:00
2025-06-22,S7,Germany,34.1,53.43,12.94,36.5,1.26,350,4.53,No,51.1657,10.4515,11:15:00,2025-06-22 11:15:00
2025-06-22,S15,Germany,82.53,79.5,14.12,38.9,1.26,350,4.94,No,51.1657,10.4515,11:30:00,2025-06-22 11:30:00
2025-06-22,S15,Germany,82.53,79.5,14.12,38.9,1.26,350,4.94,No,51.1657,10.4515,11:45:00,2025-06-22 11:45:00
2025-06-22,S7,Germany,34.1,53.43,12.94,36.5,1.26,350,4.53,No,51.1657,10.4515,12:00:00,2025-06-22 12:00:00
2025-06-22,S7,Germany,34.1,53.43,12.94,36.5,1.26,350,4.53,No,51.1657,10.4515,12:15:00,2025-06-22 12:15:00
2025-06-22,S10,Germany,40.81,59.29,12.33,25.4,1.69,350,4.32,No,51.1657,10.4515,12:30:00,2025-06-22 12:30:00
2025-06-22,S10,Germany,40.81,59.29,12.33,25.4,1.69,350,4.32,No,51.1657,10.4515,12:45:00,2025-06-22 12:45:00
2025-06-22,S14,Ireland,67.91,30.1,14.23,29.0,1.48,250,3.56,No,53.1424,-7.6921,13:00:00,2025-06-22 13:00:00
2025-06-22,S12,Norway,50.59,33.09,15.88,39.0,1.72,50,0.79,No,60.472,8.4689,13:15:00,2025-06-22 13:15:00
2025-06-22,S2,Ireland,43.41,22.82,16.55,35.1,1.33,250,4.14,No,53.1424,-7.6921,13:30:00,2025-06-22 13:30:00
2025-06-22,S9,Ireland,45.01,45.4,22.29,37.7,1.63,250,5.57,No,53.1424,-7.6921,13:45:00,2025-06-22 13:45:00
2025-06-22,S9,Ireland,45.01,45.4,22.29,37.7,1.63,250,5.57,No,53.1424,-7.6921,14:00:00,2025-06-22 14:00:00
2025-06-22,S6,Norway,21.23,21.86,9.1,27.2,1.28,50,0.46,No,60.472,8.4689,14:15:00,2025-06-22 14:15:00
2025-06-22,S4,Ireland,41.58,74.33,13.8,39.9,1.31,250,3.45,No,53.1424,-7.6921,14:30:00,2025-06-22 14:30:00
2025-06-22,S14,Ireland,67.91,30.1,14.23,29.0,1.48,250,3.56,No,53.1424,-7.6921,14:45:00,2025-06-22 14:45:00
2025-06-22,S4,Ireland,41.58,74.33,13.8,39.9,1.31,250,3.45,No,53.1424,-7.6921,15:00:00,2025-06-22 15:00:00
2025-06-22,S6,Norway,21.23,21.86,9.1,27.2,1.28,50,0.46,No,60.472,8.4689,15:15:00,2025-06-22 15:15:00
2025-06-22,S11,Norway,81.69,91.84,19.93,29.5,1.35,50,1.0,No,60.472,8.4689,15:30:00,2025-06-22 15:30:00
2025-06-22,S8,Germany,84.96,83.16,24.6,30.6,1.89,350,8.61,No,51.1657,10.4515,15:45:00,2025-06-22 15:45:00
2025-06-22,S3,Ireland,77.36,88.96,10.13,31.6,1.62,250,2.53,No,53.1424,-7.6921,16:00:00,2025-06-22 16:00:00
2025-06-22,S6,Norway,21.23,21.86,9.1,27.2,1.28,50,0.46,No,60.472,8.4689,16:15:00,2025-06-22 16:15:00
2025-06-22,S11,Norway,81.69,91.84,19.93,29.5,1.35,50,1.0,No,60.472,8.4689,16:30:00,2025-06-22 16:30:00
2025-06-22,S5,Germany,85.11,92.27,6.48,27.8,1.62,350,2.27,No,51.1657,10.4515,16:45:00,2025-06-22 16:45:00
2025-06-22,S12,Norway,50.59,33.09,15.88,39.0,1.72,50,0.79,No,60.472,8.4689,17:00:00,2025-06-22 17:00:00
2025-06-22,S5,Germany,85.11,92.27,6.48,27.8,1.62,350,2.27,No,51.1657,10.4515,17:15:00,2025-06-22 17:15:00
2025-06-22,S1,Norway,76.92,80.73,16.82,32.7,1.46,50,0.84,No,60.472,8.4689,17:30:00,2025-06-22 17:30:00
2025-06-22,S14,Ireland,67.91,30.1,14.23,29.0,1.48,250,3.56,No,53.1424,-7.6921,17:45:00,2025-06-22 17:45:00
2025-06-22,S14,Ireland,67.91,30.1,14.23,29.0,1.48,250,3.56,No,53.1424,-7.6921,18:00:00,2025-06-22 18:00:00
2025-06-22,S11,Norway,81.69,91.84,19.93,29.5,1.35,50,1.0,No,60.472,8.4689,18:15:00,2025-06-22 18:15:00
2025-06-22,S4,Ireland,41.58,74.33,13.8,39.9,1.31,250,3.45,No,53.1424,-7.6921,18:30:00,2025-06-22 18:30:00
2025-06-22,S11,Norway,81.69,91.84,19.93,29.5,1.35,50,1.0,No,60.472,8.4689,18:45:00,2025-06-22 18:45:00
2025-06-22,S6,Norway,21.23,21.86,9.1,27.2,1.28,50,0.46,No,60.472,8.4689,19:00:00,2025-06-22 19:00:00
2025-06-22,S15,Germany,82.53,79.5,14.12,38.9,1.26,350,4.94,No,51.1657,10.4515,19:15:00,2025-06-22 19:15:00
2025-06-22,S1,Norway,76.92,80.73,16.82,32.7,1.46,50,0.84,No,60.472,8.4689,19:30:00,2025-06-22 19:30:00
2025-06-22,S13,Norway,60.67,61.41,23.68,38.3,1.28,50,1.18,No,60.472,8.4689,19:45:00,2025-06-22 19:45:00
2025-06-22,S3,Ireland,77.36,88.96,10.13,31.6,1.62,250,2.53,No,53.1424,-7.6921,20:00:00,2025-06-22 20:00:00
2025-06-22,S7,Germany,34.1,53.43,12.94,36.5,1.26,350,4.53,No,51.1657,10.4515,20:15:00,2025-06-22 20:15:00
2025-06-22,S13,Norway,60.67,61.41,23.68,38.3,1.28,50,1.18,No,60.472,8.4689,20:30:00,2025-06-22 20:30:00
2025-06-22,S6,Norway,21.23,21.86,9.1,27.2,1.28,50,0.46,No,60.472,8.4689,20:45:00,2025-06-22 20:45:00
2025-06-22,S7,Germany,34.1,53.43,12.94,36.5,1.26,350,4.53,No,51.1657,10.4515,21:00:00,2025-06-22 21:00:00
2025-06-22,S9,Ireland,45.01,45.4,22.29,37.7,1.63,250,5.57,No,53.1424,-7.6921,21:15:00,2025-06-22 21:15:00
2025-06-22,S10,Germany,40.81,59.29,12.33,25.4,1.69,350,4.32,No,51.1657,10.4515,21:30:00,2025-06-22 21:30:00
2025-06-22,S10,Germany,40.81,59.29,12.33,25.4,1.69,350,4.32,No,51.1657,10.4515,21:45:00,2025-06-22 21:45:00
2025-06-22,S8,Germany,84.96,83.16,24.6,30.6,1.89,350,8.61,No,51.1657,10.4515,22:00:00,2025-06-22 22:00:00
2025-06-22,S15,Germany,82.53,79.5,14.12,38.9,1.26,350,4.94,No,51.1657,10.4515,22:15:00,2025-06-22 22:15:00
2025-06-22,S3,Ireland,77.36,88.96,10.13,31.6,1.62,250,2.53,No,53.1424,-7.6921,22:30:00,2025-06-22 22:30:00
2025-06-22,S8,Germany,84.96,83.16,24.6,30.6,1.89,350,8.61,No,51.1657,10.4515,22:45:00,2025-06-22 22:45:00
2025-06-22,S1,Norway,76.92,80.73,16.82,32.7,1.46,50,0.84,No,60.472,8.4689,23:00:00,2025-06-22 23:00:00
2025-06-22,S7,Germany,34.1,53.43,12.94,36.5,1.26,350,4.53,No,51.1657,10.4515,23:15:00,2025-06-22 23:15:00
2025-06-22,S1,Norway,76.92,80.73,16.82,32.7,1.46,50,0.84,No,60.472,8.4689,23:30:00,2025-06-22 23:30:00
2025-06-22,S1,Norway,76.92,80.73,16.82,32.7,1.46,50,0.84,No,60.472,8.4689,23:45:00,2025-06-22 23:45:00
2025-06-23,S5,Germany,36.32,58.54,19.71,34.1,1.3,350,6.9,No,51.1657,10.4515,00:00:00,2025-06-23 00:00:00
2025-06-23,S2,Ireland,77.91,51.22,17.5,33.7,1.21,250,4.38,No,53.1424,-7.6921,00:15:00,2025-06-23 00:15:00
2025-06-23,S13,Norway,63.11,23.13,6.12,35.3,1.51,50,0.31,No,60.472,8.4689,00:30:00,2025-06-23 00:30:00
2025-06-23,S12,Norway,80.77,49.35,13.52,33.1,1.72,50,0.68,No,60.472,8.4689,00:45:00,2025-06-23 00:45:00
2025-06-23,S12,Norway,80.77,49.35,13.52,33.1,1.72,50,0.68,No,60.472,8.4689,01:00:00,2025-06-23 01:00:00
2025-06-23,S6,Norway,54.43,94.06,18.84,25.6,1.78,50,0.94,No,60.472,8.4689,01:15:00,2025-06-23 01:15:00
2025-06-23,S8,Germany,64.09,22.68,13.03,37.7,1.49,350,4.56,No,51.1657,10.4515,01:30:00,2025-06-23 01:30:00
2025-06-23,S13,Norway,63.11,23.13,6.12,35.3,1.51,50,0.31,No,60.472,8.4689,01:45:00,2025-06-23 01:45:00
2025-06-23,S1,Norway,79.68,48.2,7.29,36.2,1.68,50,0.36,No,60.472,8.4689,02:00:00,2025-06-23 02:00:00
2025-06-23,S13,Norway,63.11,23.13,6.12,35.3,1.51,50,0.31,No,60.472,8.4689,02:15:00,2025-06-23 02:15:00
2025-06-23,S10,Germany,66.7,28.57,9.32,34.2,1.88,350,3.26,No,51.1657,10.4515,02:30:00,2025-06-23 02:30:00
2025-06-23,S11,Norway,23.53,27.8,19.27,35.6,1.47,50,0.96,No,60.472,8.4689,02:45:00,2025-06-23 02:45:00
2025-06-23,S13,Norway,63.11,23.13,6.12,35.3,1.51,50,0.31,No,60.472,8.4689,03:00:00,2025-06-23 03:00:00
2025-06-23,S12,Norway,80.77,49.35,13.52,33.1,1.72,50,0.68,No,60.472,8.4689,03:15:00,2025-06-23 03:15:00
2025-06-23,S7,Germany,64.43,32.08,24.93,33.9,1.38,350,8.73,No,51.1657,10.4515,03:30:00,2025-06-23 03:30:00
2025-06-23,S4,Ireland,85.23,68.89,12.12,32.4,1.58,250,3.03,No,53.1424,-7.6921,03:45:00,2025-06-23 03:45:00
2025-06-23,S14,Ireland,35.84,33.88,5.98,26.9,1.9,250,1.5,No,53.1424,-7.6921,04:00:00,2025-06-23 04:00:00
2025-06-23,S13,Norway,63.11,23.13,6.12,35.3,1.51,50,0.31,No,60.472,8.4689,04:15:00,2025-06-23 04:15:00
2025-06-23,S7,Germany,64.43,32.08,24.93,33.9,1.38,350,8.73,No,51.1657,10.4515,04:30:00,2025-06-23 04:30:00
2025-06-23,S8,Germany,64.09,22.68,13.03,37.7,1.49,350,4.56,No,51.1657,10.4515,04:45:00,2025-06-23 04:45:00
2025-06-23,S4,Ireland,85.23,68.89,12.12,32.4,1.58,250,3.03,No,53.1424,-7.6921,05:00:00,2025-06-23 05:00:00
2025-06-23,S1,Norway,79.68,48.2,7.29,36.2,1.68,50,0.36,No,60.472,8.4689,05:15:00,2025-06-23 05:15:00
2025-06-23,S11,Norway,23.53,27.8,19.27,35.6,1.47,50,0.96,No,60.472,8.4689,05:30:00,2025-06-23 05:30:00
2025-06-23,S11,Norway,23.53,27.8,19.27,35.6,1.47,50,0.96,No,60.472,8.4689,05:45:00,2025-06-23 05:45:00
2025-06-23,S12,Norway,80.77,49.35,13.52,33.1,1.72,50,0.68,No,60.472,8.4689,06:00:00,2025-06-23 06:00:00
2025-06-23,S14,Ireland,35.84,33.88,5.98,26.9,1.9,250,1.5,No,53.1424,-7.6921,06:15:00,2025-06-23 06:15:00
2025-06-23,S11,Norway,23.53,27.8,19.27,35.6,1.47,50,0.96,No,60.472,8.4689,06:30:00,2025-06-23 06:30:00
2025-06-23,S15,Germany,81.58,90.38,17.8,29.6,1.92,350,6.23,No,51.1657,10.4515,06:45:00,2025-06-23 06:45:00
2025-06-23,S8,Germany,64.09,22.68,13.03,37.7,1.49,350,4.56,No,51.1657,10.4515,07:00:00,2025-06-23 07:00:00
2025-06-23,S5,Germany,36.32,58.54,19.71,34.1,1.3,350,6.9,No,51.1657,10.4515,07:15:00,2025-06-23 07:15:00
2025-06-23,S11,Norway,23.53,27.8,19.27,35.6,1.47,50,0.96,No,60.472,8.4689,07:30:00,2025-06-23 07:30:00
2025-06-23,S7,Germany,64.43,32.08,24.93,33.9,1.38,350,8.73,No,51.1657,10.4515,07:45:00,2025-06-23 07:45:00
2025-06-23,S12,Norway,80.77,49.35,13.52,33.1,1.72,50,0.68,No,60.472,8.4689,08:00:00,2025-06-23 08:00:00
2025-06-23,S9,Ireland,69.99,60.93,10.33,37.0,1.67,250,2.58,No,53.1424,-7.6921,08:15:00,2025-06-23 08:15:00
2025-06-23,S6,Norway,54.43,94.06,18.84,25.6,1.78,50,0.94,No,60.472,8.4689,08:30:00,2025-06-23 08:30:00
2025-06-23,S11,Norway,23.53,27.8,19.27,35.6,1.47,50,0.96,No,60.472,8.4689,08:45:00,2025-06-23 08:45:00
2025-06-23,S11,Norway,23.53,27.8,19.27,35.6,1.47,50,0.96,No,60.472,8.4689,09:00:00,2025-06-23 09:00:00
2025-06-23,S4,Ireland,85.23,68.89,12.12,32.4,1.58,250,3.03,No,53.1424,-7.6921,09:15:00,2025-06-23 09:15:00
2025-06-23,S4,Ireland,85.23,68.89,12.12,32.4,1.58,250,3.03,No,53.1424,-7.6921,09:30:00,2025-06-23 09:30:00
2025-06-23,S9,Ireland,69.99,60.93,10.33,37.0,1.67,250,2.58,No,53.1424,-7.6921,09:45:00,2025-06-23 09:45:00
2025-06-23,S14,Ireland,35.84,33.88,5.98,26.9,1.9,250,1.5,No,53.1424,-7.6921,10:00:00,2025-06-23 10:00:00
2025-06-23,S2,Ireland,77.91,51.22,17.5,33.7,1.21,250,4.38,No,53.1424,-7.6921,10:15:00,2025-06-23 10:15:00
2025-06-23,S3,Ireland,26.68,48.76,19.91,35.5,1.21,250,4.98,No,53.1424,-7.6921,10:30:00,2025-06-23 10:30:00
2025-06-23,S14,Ireland,35.84,33.88,5.98,26.9,1.9,250,1.5,No,53.1424,-7.6921,10:45:00,2025-06-23 10:45:00
2025-06-23,S9,Ireland,69.99,60.93,10.33,37.0,1.67,250,2.58,No,53.1424,-7.6921,11:00:00,2025-06-23 11:00:00
2025-06-23,S6,Norway,54.43,94.06,18.84,25.6,1.78,50,0.94,No,60.472,8.4689,11:15:00,2025-06-23 11:15:00
2025-06-23,S2,Ireland,77.91,51.22,17.5,33.7,1.21,250,4.38,No,53.1424,-7.6921,11:30:00,2025-06-23 11:30:00
2025-06-23,S9,Ireland,69.99,60.93,10.33,37.0,1.67,250,2.58,No,53.1424,-7.6921,11:45:00,2025-06-23 11:45:00
2025-06-23,S8,Germany,64.09,22.68,13.03,37.7,1.49,350,4.56,No,51.1657,10.4515,12:00:00,2025-06-23 12:00:00
2025-06-23,S11,Norway,23.53,27.8,19.27,35.6,1.47,50,0.96,No,60.472,8.4689,12:15:00,2025-06-23 12:15:00
2025-06-23,S9,Ireland,69.99,60.93,10.33,37.0,1.67,250,2.58,No,53.1424,-7.6921,12:30:00,2025-06-23 12:30:00
2025-06-23,S4,Ireland,85.23,68.89,12.12,32.4,1.58,250,3.03,No,53.1424,-7.6921,12:45:00,2025-06-23 12:45:00
2025-06-23,S11,Norway,23.53,27.8,19.27,35.6,1.47,50,0.96,No,60.472,8.4689,13:00:00,2025-06-23 13:00:00
2025-06-23,S3,Ireland,26.68,48.76,19.91,35.5,1.21,250,4.98,No,53.1424,-7.6921,13:15:00,2025-06-23 13:15:00
2025-06-23,S13,Norway,63.11,23.13,6.12,35.3,1.51,50,0.31,No,60.472,8.4689,13:30:00,2025-06-23 13:30:00
2025-06-23,S5,Germany,36.32,58.54,19.71,34.1,1.3,350,6.9,No,51.1657,10.4515,13:45:00,2025-06-23 13:45:00
2025-06-23,S14,Ireland,35.84,33.88,5.98,26.9,1.9,250,1.5,No,53.1424,-7.6921,14:00:00,2025-06-23 14:00:00
2025-06-23,S5,Germany,36.32,58.54,19.71,34.1,1.3,350,6.9,No,51.1657,10.4515,14:15:00,2025-06-23 14:15:00
2025-06-23,S15,Germany,81.58,90.38,17.8,29.6,1.92,350,6.23,No,51.1657,10.4515,14:30:00,2025-06-23 14:30:00
2025-06-23,S4,Ireland,85.23,68.89,12.12,32.4,1.58,250,3.03,No,53.1424,-7.6921,14:45:00,2025-06-23 14:45:00
2025-06-23,S12,Norway,80.77,49.35,13.52,33.1,1.72,50,0.68,No,60.472,8.4689,15:00:00,2025-06-23 15:00:00
2025-06-23,S14,Ireland,35.84,33.88,5.98,26.9,1.9,250,1.5,No,53.1424,-7.6921,15:15:00,2025-06-23 15:15:00
2025-06-23,S8,Germany,64.09,22.68,13.03,37.7,1.49,350,4.56,No,51.1657,10.4515,15:30:00,2025-06-23 15:30:00
2025-06-23,S7,Germany,64.43,32.08,24.93,33.9,1.38,350,8.73,No,51.1657,10.4515,15:45:00,2025-06-23 15:45:00
2025-06-23,S3,Ireland,26.68,48.76,19.91,35.5,1.21,250,4.98,No,53.1424,-7.6921,16:00:00,2025-06-23 16:00:00
2025-06-23,S14,Ireland,35.84,33.88,5.98,26.9,1.9,250,1.5,No,53.1424,-7.6921,16:15:00,2025-06-23 16:15:00
2025-06-23,S14,Ireland,35.84,33.88,5.98,26.9,1.9,250,1.5,No,53.1424,-7.6921,16:30:00,2025-06-23 16:30:00
2025-06-23,S13,Norway,63.11,23.13,6.12,35.3,1.51,50,0.31,No,60.472,8.4689,16:45:00,2025-06-23 16:45:00
2025-06-23,S9,Ireland,69.99,60.93,10.33,37.0,1.67,250,2.58,No,53.1424,-7.6921,17:00:00,2025-06-23 17:00:00
2025-06-23,S13,Norway,63.11,23.13,6.12,35.3,1.51,50,0.31,No,60.472,8.4689,17:15:00,2025-06-23 17:15:00
2025-06-23,S11,Norway,23.53,27.8,19.27,35.6,1.47,50,0.96,No,60.472,8.4689,17:30:00,2025-06-23 17:30:00
2025-06-23,S3,Ireland,26.68,48.76,19.91,35.5,1.21,250,4.98,No,53.1424,-7.6921,17:45:00,2025-06-23 17:45:00
2025-06-23,S10,Germany,66.7,28.57,9.32,34.2,1.88,350,3.26,No,51.1657,10.4515,18:00:00,2025-06-23 18:00:00
2025-06-23,S8,Germany,64.09,22.68,13.03,37.7,1.49,350,4.56,No,51.1657,10.4515,18:15:00,2025-06-23 18:15:00
2025-06-23,S12,Norway,80.77,49.35,13.52,33.1,1.72,50,0.68,No,60.472,8.4689,18:30:00,2025-06-23 18:30:00
2025-06-23,S15,Germany,81.58,90.38,17.8,29.6,1.92,350,6.23,No,51.1657,10.4515,18:45:00,2025-06-23 18:45:00
2025-06-23,S7,Germany,64.43,32.08,24.93,33.9,1.38,350,8.73,No,51.1657,10.4515,19:00:00,2025-06-23 19:00:00
2025-06-23,S3,Ireland,26.68,48.76,19.91,35.5,1.21,250,4.98,No,53.1424,-7.6921,19:15:00,2025-06-23 19:15:00
2025-06-23,S2,Ireland,77.91,51.22,17.5,33.7,1.21,250,4.38,No,53.1424,-7.6921,19:30:00,2025-06-23 19:30:00
2025-06-23,S9,Ireland,69.99,60.93,10.33,37.0,1.67,250,2.58,No,53.1424,-7.6921,19:45:00,2025-06-23 19:45:00
2025-06-23,S6,Norway,54.43,94.06,18.84,25.6,1.78,50,0.94,No,60.472,8.4689,20:00:00,2025-06-23 20:00:00
2025-06-23,S1,Norway,79.68,48.2,7.29,36.2,1.68,50,0.36,No,60.472,8.4689,20:15:00,2025-06-23 20:15:00
2025-06-23,S15,Germany,81.58,90.38,17.8,29.6,1.92,350,6.23,No,51.1657,10.4515,20:30:00,2025-06-23 20:30:00
2025-06-23,S1,Norway,79.68,48.2,7.29,36.2,1.68,50,0.36,No,60.472,8.4689,20:45:00,2025-06-23 20:45:00
2025-06-23,S4,Ireland,85.23,68.89,12.12,32.4,1.58,250,3.03,No,53.1424,-7.6921,21:00:00,2025-06-23 21:00:00
2025-06-23,S14,Ireland,35.84,33.88,5.98,26.9,1.9,250,1.5,No,53.1424,-7.6921,21:15:00,2025-06-23 21:15:00
2025-06-23,S14,Ireland,35.84,33.88,5.98,26.9,1.9,250,1.5,No,53.1424,-7.6921,21:30:00,2025-06-23 21:30:00
2025-06-23,S7,Germany,64.43,32.08,24.93,33.9,1.38,350,8.73,No,51.1657,10.4515,21:45:00,2025-06-23 21:45:00
2025-06-23,S8,Germany,64.09,22.68,13.03,37.7,1.49,350,4.56,No,51.1657,10.4515,22:00:00,2025-06-23 22:00:00
2025-06-23,S13,Norway,63.11,23.13,6.12,35.3,1.51,50,0.31,No,60.472,8.4689,22:15:00,2025-06-23 22:15:00
2025-06-23,S1,Norway,79.68,48.2,7.29,36.2,1.68,50,0.36,No,60.472,8.4689,22:30:00,2025-06-23 22:30:00
2025-06-23,S9,Ireland,69.99,60.93,10.33,37.0,1.67,250,2.58,No,53.1424,-7.6921,22:45:00,2025-06-23 22:45:00
2025-06-23,S11,Norway,23.53,27.8,19.27,35.6,1.47,50,0.96,No,60.472,8.4689,23:00:00,2025-06-23 23:00:00
2025-06-23,S1,Norway,79.68,48.2,7.29,36.2,1.68,50,0.36,No,60.472,8.4689,23:15:00,2025-06-23 23:15:00
2025-06-23,S11,Norway,23.53,27.8,19.27,35.6,1.47,50,0.96,No,60.472,8.4689,23:30:00,2025-06-23 23:30:00
2025-06-23,S2,Ireland,77.91,51.22,17.5,33.7,1.21,250,4.38,No,53.1424,-7.6921,23:45:00,2025-06-23 23:45:00
2025-06-24,S4,Ireland,78.23,67.98,11.01,26.6,1.67,250,2.75,No,53.1424,-7.6921,00:00:00,2025-06-24 00:00:00
2025-06-24,S3,Ireland,36.64,33.49,23.89,35.1,1.27,250,5.97,No,53.1424,-7.6921,00:15:00,2025-06-24 00:15:00
2025-06-24,S9,Ireland,57.32,50.0,9.89,25.6,1.4,250,2.47,No,53.1424,-7.6921,00:30:00,2025-06-24 00:30:00
2025-06-24,S11,Norway,20.01,33.69,12.86,39.0,1.3,50,0.64,No,60.472,8.4689,00:45:00,2025-06-24 00:45:00
2025-06-24,S8,Germany,60.32,87.75,20.41,32.6,1.52,350,7.14,No,51.1657,10.4515,01:00:00,2025-06-24 01:00:00
2025-06-24,S7,Germany,73.03,63.09,7.33,35.3,1.57,350,2.57,No,51.1657,10.4515,01:15:00,2025-06-24 01:15:00
2025-06-24,S11,Norway,20.01,33.69,12.86,39.0,1.3,50,0.64,No,60.472,8.4689,01:30:00,2025-06-24 01:30:00
2025-06-24,S7,Germany,73.03,63.09,7.33,35.3,1.57,350,2.57,No,51.1657,10.4515,01:45:00,2025-06-24 01:45:00
2025-06-24,S9,Ireland,57.32,50.0,9.89,25.6,1.4,250,2.47,No,53.1424,-7.6921,02:00:00,2025-06-24 02:00:00
2025-06-24,S2,Ireland,41.23,22.02,7.57,37.6,1.67,250,1.89,No,53.1424,-7.6921,02:15:00,2025-06-24 02:15:00
2025-06-24,S6,Norway,65.9,76.71,12.25,31.3,1.77,50,0.61,No,60.472,8.4689,02:30:00,2025-06-24 02:30:00
2025-06-24,S14,Ireland,21.73,40.58,23.35,34.0,1.34,250,5.84,No,53.1424,-7.6921,02:45:00,2025-06-24 02:45:00
2025-06-24,S14,Ireland,21.73,40.58,23.35,34.0,1.34,250,5.84,No,53.1424,-7.6921,03:00:00,2025-06-24 03:00:00
2025-06-24,S5,Germany,82.22,78.58,9.99,32.5,1.74,350,3.5,No,51.1657,10.4515,03:15:00,2025-06-24 03:15:00
2025-06-24,S5,Germany,82.22,78.58,9.99,32.5,1.74,350,3.5,No,51.1657,10.4515,03:30:00,2025-06-24 03:30:00
2025-06-24,S5,Germany,82.22,78.58,9.99,32.5,1.74,350,3.5,No,51.1657,10.4515,03:45:00,2025-06-24 03:45:00
2025-06-24,S8,Germany,60.32,87.75,20.41,32.6,1.52,350,7.14,No,51.1657,10.4515,04:00:00,2025-06-24 04:00:00
2025-06-24,S12,Norway,34.48,89.83,14.38,27.0,1.55,50,0.72,No,60.472,8.4689,04:15:00,2025-06-24 04:15:00
2025-06-24,S11,Norway,20.01,33.69,12.86,39.0,1.3,50,0.64,No,60.472,8.4689,04:30:00,2025-06-24 04:30:00
2025-06-24,S3,Ireland,36.64,33.49,23.89,35.1,1.27,250,5.97,No,53.1424,-7.6921,04:45:00,2025-06-24 04:45:00
2025-06-24,S8,Germany,60.32,87.75,20.41,32.6,1.52,350,7.14,No,51.1657,10.4515,05:00:00,2025-06-24 05:00:00
2025-06-24,S11,Norway,20.01,33.69,12.86,39.0,1.3,50,0.64,No,60.472,8.4689,05:15:00,2025-06-24 05:15:00
2025-06-24,S5,Germany,82.22,78.58,9.99,32.5,1.74,350,3.5,No,51.1657,10.4515,05:30:00,2025-06-24 05:30:00
2025-06-24,S15,Germany,89.02,78.0,10.58,36.1,1.4,350,3.7,No,51.1657,10.4515,05:45:00,2025-06-24 05:45:00
2025-06-24,S2,Ireland,41.23,22.02,7.57,37.6,1.67,250,1.89,No,53.1424,-7.6921,06:00:00,2025-06-24 06:00:00
2025-06-24,S8,Germany,60.32,87.75,20.41,32.6,1.52,350,7.14,No,51.1657,10.4515,06:15:00,2025-06-24 06:15:00
2025-06-24,S7,Germany,73.03,63.09,7.33,35.3,1.57,350,2.57,No,51.1657,10.4515,06:30:00,2025-06-24 06:30:00
2025-06-24,S15,Germany,89.02,78.0,10.58,36.1,1.4,350,3.7,No,51.1657,10.4515,06:45:00,2025-06-24 06:45:00
2025-06-24,S13,Norway,42.24,70.44,21.83,25.4,1.57,50,1.09,No,60.472,8.4689,07:00:00,2025-06-24 07:00:00
2025-06-24,S12,Norway,34.48,89.83,14.38,27.0,1.55,50,0.72,No,60.472,8.4689,07:15:00,2025-06-24 07:15:00
2025-06-24,S13,Norway,42.24,70.44,21.83,25.4,1.57,50,1.09,No,60.472,8.4689,07:30:00,2025-06-24 07:30:00
2025-06-24,S10,Germany,64.52,37.98,7.39,39.1,1.81,350,2.59,No,51.1657,10.4515,07:45:00,2025-06-24 07:45:00
2025-06-24,S7,Germany,73.03,63.09,7.33,35.3,1.57,350,2.57,No,51.1657,10.4515,08:00:00,2025-06-24 08:00:00
2025-06-24,S7,Germany,73.03,63.09,7.33,35.3,1.57,350,2.57,No,51.1657,10.4515,08:15:00,2025-06-24 08:15:00
2025-06-24,S6,Norway,65.9,76.71,12.25,31.3,1.77,50,0.61,No,60.472,8.4689,08:30:00,2025-06-24 08:30:00
2025-06-24,S8,Germany,60.32,87.75,20.41,32.6,1.52,350,7.14,No,51.1657,10.4515,08:45:00,2025-06-24 08:45:00
2025-06-24,S15,Germany,89.02,78.0,10.58,36.1,1.4,350,3.7,No,51.1657,10.4515,09:00:00,2025-06-24 09:00:00
2025-06-24,S8,Germany,60.32,87.75,20.41,32.6,1.52,350,7.14,No,51.1657,10.4515,09:15:00,2025-06-24 09:15:00
2025-06-24,S6,Norway,65.9,76.71,12.25,31.3,1.77,50,0.61,No,60.472,8.4689,09:30:00,2025-06-24 09:30:00
2025-06-24,S10,Germany,64.52,37.98,7.39,39.1,1.81,350,2.59,No,51.1657,10.4515,09:45:00,2025-06-24 09:45:00
2025-06-24,S5,Germany,82.22,78.58,9.99,32.5,1.74,350,3.5,No,51.1657,10.4515,10:00:00,2025-06-24 10:00:00
2025-06-24,S1,Norway,69.29,75.08,16.79,28.0,1.23,50,0.84,No,60.472,8.4689,10:15:00,2025-06-24 10:15:00
2025-06-24,S15,Germany,89.02,78.0,10.58,36.1,1.4,350,3.7,No,51.1657,10.4515,10:30:00,2025-06-24 10:30:00
2025-06-24,S9,Ireland,57.32,50.0,9.89,25.6,1.4,250,2.47,No,53.1424,-7.6921,10:45:00,2025-06-24 10:45:00
2025-06-24,S2,Ireland,41.23,22.02,7.57,37.6,1.67,250,1.89,No,53.1424,-7.6921,11:00:00,2025-06-24 11:00:00
2025-06-24,S8,Germany,60.32,87.75,20.41,32.6,1.52,350,7.14,No,51.1657,10.4515,11:15:00,2025-06-24 11:15:00
2025-06-24,S15,Germany,89.02,78.0,10.58,36.1,1.4,350,3.7,No,51.1657,10.4515,11:30:00,2025-06-24 11:30:00
2025-06-24,S4,Ireland,78.23,67.98,11.01,26.6,1.67,250,2.75,No,53.1424,-7.6921,11:45:00,2025-06-24 11:45:00
2025-06-24,S5,Germany,82.22,78.58,9.99,32.5,1.74,350,3.5,No,51.1657,10.4515,12:00:00,2025-06-24 12:00:00
2025-06-24,S14,Ireland,21.73,40.58,23.35,34.0,1.34,250,5.84,No,53.1424,-7.6921,12:15:00,2025-06-24 12:15:00
2025-06-24,S5,Germany,82.22,78.58,9.99,32.5,1.74,350,3.5,No,51.1657,10.4515,12:30:00,2025-06-24 12:30:00
2025-06-24,S2,Ireland,41.23,22.02,7.57,37.6,1.67,250,1.89,No,53.1424,-7.6921,12:45:00,2025-06-24 12:45:00
2025-06-24,S4,Ireland,78.23,67.98,11.01,26.6,1.67,250,2.75,No,53.1424,-7.6921,13:00:00,2025-06-24 13:00:00
2025-06-24,S11,Norway,20.01,33.69,12.86,39.0,1.3,50,0.64,No,60.472,8.4689,13:15:00,2025-06-24 13:15:00
2025-06-24,S10,Germany,64.52,37.98,7.39,39.1,1.81,350,2.59,No,51.1657,10.4515,13:30:00,2025-06-24 13:30:00
2025-06-24,S12,Norway,34.48,89.83,14.38,27.0,1.55,50,0.72,No,60.472,8.4689,13:45:00,2025-06-24 13:45:00
2025-06-24,S10,Germany,64.52,37.98,7.39,39.1,1.81,350,2.59,No,51.1657,10.4515,14:00:00,2025-06-24 14:00:00
2025-06-24,S15,Germany,89.02,78.0,10.58,36.1,1.4,350,3.7,No,51.1657,10.4515,14:15:00,2025-06-24 14:15:00
2025-06-24,S9,Ireland,57.32,50.0,9.89,25.6,1.4,250,2.47,No,53.1424,-7.6921,14:30:00,2025-06-24 14:30:00
2025-06-24,S13,Norway,42.24,70.44,21.83,25.4,1.57,50,1.09,No,60.472,8.4689,14:45:00,2025-06-24 14:45:00
2025-06-24,S10,Germany,64.52,37.98,7.39,39.1,1.81,350,2.59,No,51.1657,10.4515,15:00:00,2025-06-24 15:00:00
2025-06-24,S9,Ireland,57.32,50.0,9.89,25.6,1.4,250,2.47,No,53.1424,-7.6921,15:15:00,2025-06-24 15:15:00
2025-06-24,S1,Norway,69.29,75.08,16.79,28.0,1.23,50,0.84,No,60.472,8.4689,15:30:00,2025-06-24 15:30:00
2025-06-24,S8,Germany,60.32,87.75,20.41,32.6,1.52,350,7.14,No,51.1657,10.4515,15:45:00,2025-06-24 15:45:00
2025-06-24,S7,Germany,73.03,63.09,7.33,35.3,1.57,350,2.57,No,51.1657,10.4515,16:00:00,2025-06-24 16:00:00
2025-06-24,S5,Germany,82.22,78.58,9.99,32.5,1.74,350,3.5,No,51.1657,10.4515,16:15:00,2025-06-24 16:15:00
2025-06-24,S8,Germany,60.32,87.75,20.41,32.6,1.52,350,7.14,No,51.1657,10.4515,16:30:00,2025-06-24 16:30:00
2025-06-24,S14,Ireland,21.73,40.58,23.35,34.0,1.34,250,5.84,No,53.1424,-7.6921,16:45:00,2025-06-24 16:45:00
2025-06-24,S11,Norway,20.01,33.69,12.86,39.0,1.3,50,0.64,No,60.472,8.4689,17:00:00,2025-06-24 17:00:00
2025-06-24,S4,Ireland,78.23,67.98,11.01,26.6,1.67,250,2.75,No,53.1424,-7.6921,17:15:00,2025-06-24 17:15:00
2025-06-24,S6,Norway,65.9,76.71,12.25,31.3,1.77,50,0.61,No,60.472,8.4689,17:30:00,2025-06-24 17:30:00
2025-06-24,S11,Norway,20.01,33.69,12.86,39.0,1.3,50,0.64,No,60.472,8.4689,17:45:00,2025-06-24 17:45:00
2025-06-24,S14,Ireland,21.73,40.58,23.35,34.0,1.34,250,5.84,No,53.1424,-7.6921,18:00:00,2025-06-24 18:00:00
2025-06-24,S2,Ireland,41.23,22.02,7.57,37.6,1.67,250,1.89,No,53.1424,-7.6921,18:15:00,2025-06-24 18:15:00
2025-06-24,S7,Germany,73.03,63.09,7.33,35.3,1.57,350,2.57,No,51.1657,10.4515,18:30:00,2025-06-24 18:30:00
2025-06-24,S11,Norway,20.01,33.69,12.86,39.0,1.3,50,0.64,No,60.472,8.4689,18:45:00,2025-06-24 18:45:00
2025-06-24,S11,Norway,20.01,33.69,12.86,39.0,1.3,50,0.64,No,60.472,8.4689,19:00:00,2025-06-24 19:00:00
2025-06-24,S11,Norway,20.01,33.69,12.86,39.0,1.3,50,0.64,No,60.472,8.4689,19:15:00,2025-06-24 19:15:00
2025-06-24,S15,Germany,89.02,78.0,10.58,36.1,1.4,350,3.7,No,51.1657,10.4515,19:30:00,2025-06-24 19:30:00
2025-06-24,S8,Germany,60.32,87.75,20.41,32.6,1.52,350,7.14,No,51.1657,10.4515,19:45:00,2025-06-24 19:45:00
2025-06-24,S15,Germany,89.02,78.0,10.58,36.1,1.4,350,3.7,No,51.1657,10.4515,20:00:00,2025-06-24 20:00:00
2025-06-24,S15,Germany,89.02,78.0,10.58,36.1,1.4,350,3.7,No,51.1657,10.4515,20:15:00,2025-06-24 20:15:00
2025-06-24,S6,Norway,65.9,76.71,12.25,31.3,1.77,50,0.61,No,60.472,8.4689,20:30:00,2025-06-24 20:30:00
2025-06-24,S5,Germany,82.22,78.58,9.99,32.5,1.74,350,3.5,No,51.1657,10.4515,20:45:00,2025-06-24 20:45:00
2025-06-24,S15,Germany,89.02,78.0,10.58,36.1,1.4,350,3.7,No,51.1657,10.4515,21:00:00,2025-06-24 21:00:00
2025-06-24,S15,Germany,89.02,78.0,10.58,36.1,1.4,350,3.7,No,51.1657,10.4515,21:15:00,2025-06-24 21:15:00
2025-06-24,S4,Ireland,78.23,67.98,11.01,26.6,1.67,250,2.75,No,53.1424,-7.6921,21:30:00,2025-06-24 21:30:00
2025-06-24,S8,Germany,60.32,87.75,20.41,32.6,1.52,350,7.14,No,51.1657,10.4515,21:45:00,2025-06-24 21:45:00
2025-06-24,S6,Norway,65.9,76.71,12.25,31.3,1.77,50,0.61,No,60.472,8.4689,22:00:00,2025-06-24 22:00:00
2025-06-24,S15,Germany,89.02,78.0,10.58,36.1,1.4,350,3.7,No,51.1657,10.4515,22:15:00,2025-06-24 22:15:00
2025-06-24,S8,Germany,60.32,87.75,20.41,32.6,1.52,350,7.14,No,51.1657,10.4515,22:30:00,2025-06-24 22:30:00
2025-06-24,S13,Norway,42.24,70.44,21.83,25.4,1.57,50,1.09,No,60.472,8.4689,22:45:00,2025-06-24 22:45:00
2025-06-24,S12,Norway,34.48,89.83,14.38,27.0,1.55,50,0.72,No,60.472,8.4689,23:00:00,2025-06-24 23:00:00
2025-06-24,S7,Germany,73.03,63.09,7.33,35.3,1.57,350,2.57,No,51.1657,10.4515,23:15:00,2025-06-24 23:15:00
2025-06-24,S7,Germany,73.03,63.09,7.33,35.3,1.57,350,2.57,No,51.1657,10.4515,23:30:00,2025-06-24 23:30:00
2025-06-24,S14,Ireland,21.73,40.58,23.35,34.0,1.34,250,5.84,No,53.1424,-7.6921,23:45:00,2025-06-24 23:45:00
2025-06-25,S1,Norway,33.14,79.84,8.89,29.0,1.27,50,0.44,No,60.472,8.4689,00:00:00,2025-06-25 00:00:00
2025-06-25,S1,Norway,33.14,79.84,8.89,29.0,1.27,50,0.44,No,60.472,8.4689,00:15:00,2025-06-25 00:15:00
2025-06-25,S1,Norway,33.14,79.84,8.89,29.0,1.27,50,0.44,No,60.472,8.4689,00:30:00,2025-06-25 00:30:00
2025-06-25,S6,Norway,65.11,83.19,15.95,36.7,1.34,50,0.8,No,60.472,8.4689,00:45:00,2025-06-25 00:45:00
2025-06-25,S13,Norway,43.52,42.29,5.95,34.7,1.48,50,0.3,No,60.472,8.4689,01:00:00,2025-06-25 01:00:00
2025-06-25,S6,Norway,65.11,83.19,15.95,36.7,1.34,50,0.8,No,60.472,8.4689,01:15:00,2025-06-25 01:15:00
2025-06-25,S14,Ireland,24.23,23.07,18.87,28.0,1.76,250,4.72,No,53.1424,-7.6921,01:30:00,2025-06-25 01:30:00
2025-06-25,S13,Norway,43.52,42.29,5.95,34.7,1.48,50,0.3,No,60.472,8.4689,01:45:00,2025-06-25 01:45:00
2025-06-25,S14,Ireland,24.23,23.07,18.87,28.0,1.76,250,4.72,No,53.1424,-7.6921,02:00:00,2025-06-25 02:00:00
2025-06-25,S14,Ireland,24.23,23.07,18.87,28.0,1.76,250,4.72,No,53.1424,-7.6921,02:15:00,2025-06-25 02:15:00
2025-06-25,S3,Ireland,47.76,83.12,7.05,30.5,1.29,250,1.76,No,53.1424,-7.6921,02:30:00,2025-06-25 02:30:00
2025-06-25,S4,Ireland,82.57,72.69,10.9,27.8,1.6,250,2.73,No,53.1424,-7.6921,02:45:00,2025-06-25 02:45:00
2025-06-25,S15,Germany,50.02,51.1,12.47,33.7,1.88,350,4.36,No,51.1657,10.4515,03:00:00,2025-06-25 03:00:00
2025-06-25,S8,Germany,85.78,75.25,17.99,35.9,1.42,350,6.3,No,51.1657,10.4515,03:15:00,2025-06-25 03:15:00
2025-06-25,S1,Norway,33.14,79.84,8.89,29.0,1.27,50,0.44,No,60.472,8.4689,03:30:00,2025-06-25 03:30:00
2025-06-25,S4,Ireland,82.57,72.69,10.9,27.8,1.6,250,2.73,No,53.1424,-7.6921,03:45:00,2025-06-25 03:45:00
2025-06-25,S14,Ireland,24.23,23.07,18.87,28.0,1.76,250,4.72,No,53.1424,-7.6921,04:00:00,2025-06-25 04:00:00
2025-06-25,S12,Norway,50.39,92.65,7.12,34.2,1.84,50,0.36,No,60.472,8.4689,04:15:00,2025-06-25 04:15:00
2025-06-25,S7,Germany,30.38,93.15,10.19,38.8,1.51,350,3.57,No,51.1657,10.4515,04:30:00,2025-06-25 04:30:00
2025-06-25,S12,Norway,50.39,92.65,7.12,34.2,1.84,50,0.36,No,60.472,8.4689,04:45:00,2025-06-25 04:45:00
2025-06-25,S1,Norway,33.14,79.84,8.89,29.0,1.27,50,0.44,No,60.472,8.4689,05:00:00,2025-06-25 05:00:00
2025-06-25,S9,Ireland,37.45,69.33,12.42,34.1,1.79,250,3.1,No,53.1424,-7.6921,05:15:00,2025-06-25 05:15:00
2025-06-25,S7,Germany,30.38,93.15,10.19,38.8,1.51,350,3.57,No,51.1657,10.4515,05:30:00,2025-06-25 05:30:00
2025-06-25,S10,Germany,29.75,89.4,12.88,29.6,1.32,350,4.51,No,51.1657,10.4515,05:45:00,2025-06-25 05:45:00
2025-06-25,S14,Ireland,24.23,23.07,18.87,28.0,1.76,250,4.72,No,53.1424,-7.6921,06:00:00,2025-06-25 06:00:00
2025-06-25,S10,Germany,29.75,89.4,12.88,29.6,1.32,350,4.51,No,51.1657,10.4515,06:15:00,2025-06-25 06:15:00
2025-06-25,S8,Germany,85.78,75.25,17.99,35.9,1.42,350,6.3,No,51.1657,10.4515,06:30:00,2025-06-25 06:30:00
2025-06-25,S10,Germany,29.75,89.4,12.88,29.6,1.32,350,4.51,No,51.1657,10.4515,06:45:00,2025-06-25 06:45:00
2025-06-25,S12,Norway,50.39,92.65,7.12,34.2,1.84,50,0.36,No,60.472,8.4689,07:00:00,2025-06-25 07:00:00
2025-06-25,S14,Ireland,24.23,23.07,18.87,28.0,1.76,250,4.72,No,53.1424,-7.6921,07:15:00,2025-06-25 07:15:00
2025-06-25,S7,Germany,30.38,93.15,10.19,38.8,1.51,350,3.57,No,51.1657,10.4515,07:30:00,2025-06-25 07:30:00
2025-06-25,S4,Ireland,82.57,72.69,10.9,27.8,1.6,250,2.73,No,53.1424,-7.6921,07:45:00,2025-06-25 07:45:00
2025-06-25,S12,Norway,50.39,92.65,7.12,34.2,1.84,50,0.36,No,60.472,8.4689,08:00:00,2025-06-25 08:00:00
2025-06-25,S1,Norway,33.14,79.84,8.89,29.0,1.27,50,0.44,No,60.472,8.4689,08:15:00,2025-06-25 08:15:00
2025-06-25,S13,Norway,43.52,42.29,5.95,34.7,1.48,50,0.3,No,60.472,8.4689,08:30:00,2025-06-25 08:30:00
2025-06-25,S7,Germany,30.38,93.15,10.19,38.8,1.51,350,3.57,No,51.1657,10.4515,08:45:00,2025-06-25 08:45:00
2025-06-25,S6,Norway,65.11,83.19,15.95,36.7,1.34,50,0.8,No,60.472,8.4689,09:00:00,2025-06-25 09:00:00
2025-06-25,S15,Germany,50.02,51.1,12.47,33.7,1.88,350,4.36,No,51.1657,10.4515,09:15:00,2025-06-25 09:15:00
2025-06-25,S6,Norway,65.11,83.19,15.95,36.7,1.34,50,0.8,No,60.472,8.4689,09:30:00,2025-06-25 09:30:00
2025-06-25,S8,Germany,85.78,75.25,17.99,35.9,1.42,350,6.3,No,51.1657,10.4515,09:45:00,2025-06-25 09:45:00
2025-06-25,S6,Norway,65.11,83.19,15.95,36.7,1.34,50,0.8,No,60.472,8.4689,10:00:00,2025-06-25 10:00:00
2025-06-25,S1,Norway,33.14,79.84,8.89,29.0,1.27,50,0.44,No,60.472,8.4689,10:15:00,2025-06-25 10:15:00
2025-06-25,S2,Ireland,63.34,33.87,5.78,30.2,1.66,250,1.45,No,53.1424,-7.6921,10:30:00,2025-06-25 10:30:00
2025-06-25,S2,Ireland,63.34,33.87,5.78,30.2,1.66,250,1.45,No,53.1424,-7.6921,10:45:00,2025-06-25 10:45:00
2025-06-25,S7,Germany,30.38,93.15,10.19,38.8,1.51,350,3.57,No,51.1657,10.4515,11:00:00,2025-06-25 11:00:00
2025-06-25,S10,Germany,29.75,89.4,12.88,29.6,1.32,350,4.51,No,51.1657,10.4515,11:15:00,2025-06-25 11:15:00
2025-06-25,S4,Ireland,82.57,72.69,10.9,27.8,1.6,250,2.73,No,53.1424,-7.6921,11:30:00,2025-06-25 11:30:00
2025-06-25,S9,Ireland,37.45,69.33,12.42,34.1,1.79,250,3.1,No,53.1424,-7.6921,11:45:00,2025-06-25 11:45:00
2025-06-25,S11,Norway,34.08,30.94,10.66,36.2,1.66,50,0.53,No,60.472,8.4689,12:00:00,2025-06-25 12:00:00
2025-06-25,S13,Norway,43.52,42.29,5.95,34.7,1.48,50,0.3,No,60.472,8.4689,12:15:00,2025-06-25 12:15:00
2025-06-25,S1,Norway,33.14,79.84,8.89,29.0,1.27,50,0.44,No,60.472,8.4689,12:30:00,2025-06-25 12:30:00
2025-06-25,S13,Norway,43.52,42.29,5.95,34.7,1.48,50,0.3,No,60.472,8.4689,12:45:00,2025-06-25 12:45:00
2025-06-25,S9,Ireland,37.45,69.33,12.42,34.1,1.79,250,3.1,No,53.1424,-7.6921,13:00:00,2025-06-25 13:00:00
2025-06-25,S8,Germany,85.78,75.25,17.99,35.9,1.42,350,6.3,No,51.1657,10.4515,13:15:00,2025-06-25 13:15:00
2025-06-25,S14,Ireland,24.23,23.07,18.87,28.0,1.76,250,4.72,No,53.1424,-7.6921,13:30:00,2025-06-25 13:30:00
2025-06-25,S13,Norway,43.52,42.29,5.95,34.7,1.48,50,0.3,No,60.472,8.4689,13:45:00,2025-06-25 13:45:00
2025-06-25,S10,Germany,29.75,89.4,12.88,29.6,1.32,350,4.51,No,51.1657,10.4515,14:00:00,2025-06-25 14:00:00
2025-06-25,S10,Germany,29.75,89.4,12.88,29.6,1.32,350,4.51,No,51.1657,10.4515,14:15:00,2025-06-25 14:15:00
2025-06-25,S7,Germany,30.38,93.15,10.19,38.8,1.51,350,3.57,No,51.1657,10.4515,14:30:00,2025-06-25 14:30:00
2025-06-25,S12,Norway,50.39,92.65,7.12,34.2,1.84,50,0.36,No,60.472,8.4689,14:45:00,2025-06-25 14:45:00
2025-06-25,S13,Norway,43.52,42.29,5.95,34.7,1.48,50,0.3,No,60.472,8.4689,15:00:00,2025-06-25 15:00:00
2025-06-25,S11,Norway,34.08,30.94,10.66,36.2,1.66,50,0.53,No,60.472,8.4689,15:15:00,2025-06-25 15:15:00
2025-06-25,S8,Germany,85.78,75.25,17.99,35.9,1.42,350,6.3,No,51.1657,10.4515,15:30:00,2025-06-25 15:30:00
2025-06-25,S12,Norway,50.39,92.65,7.12,34.2,1.84,50,0.36,No,60.472,8.4689,15:45:00,2025-06-25 15:45:00
2025-06-25,S12,Norway,50.39,92.65,7.12,34.2,1.84,50,0.36,No,60.472,8.4689,16:00:00,2025-06-25 16:00:00
2025-06-25,S1,Norway,33.14,79.84,8.89,29.0,1.27,50,0.44,No,60.472,8.4689,16:15:00,2025-06-25 16:15:00
2025-06-25,S8,Germany,85.78,75.25,17.99,35.9,1.42,350,6.3,No,51.1657,10.4515,16:30:00,2025-06-25 16:30:00
2025-06-25,S5,Germany,25.26,46.68,23.03,36.8,1.41,350,8.06,No,51.1657,10.4515,16:45:00,2025-06-25 16:45:00
2025-06-25,S6,Norway,65.11,83.19,15.95,36.7,1.34,50,0.8,No,60.472,8.4689,17:00:00,2025-06-25 17:00:00
2025-06-25,S10,Germany,29.75,89.4,12.88,29.6,1.32,350,4.51,No,51.1657,10.4515,17:15:00,2025-06-25 17:15:00
2025-06-25,S2,Ireland,63.34,33.87,5.78,30.2,1.66,250,1.45,No,53.1424,-7.6921,17:30:00,2025-06-25 17:30:00
2025-06-25,S6,Norway,65.11,83.19,15.95,36.7,1.34,50,0.8,No,60.472,8.4689,17:45:00,2025-06-25 17:45:00
2025-06-25,S12,Norway,50.39,92.65,7.12,34.2,1.84,50,0.36,No,60.472,8.4689,18:00:00,2025-06-25 18:00:00
2025-06-25,S14,Ireland,24.23,23.07,18.87,28.0,1.76,250,4.72,No,53.1424,-7.6921,18:15:00,2025-06-25 18:15:00
2025-06-25,S5,Germany,25.26,46.68,23.03,36.8,1.41,350,8.06,No,51.1657,10.4515,18:30:00,2025-06-25 18:30:00
2025-06-25,S14,Ireland,24.23,23.07,18.87,28.0,1.76,250,4.72,No,53.1424,-7.6921,18:45:00,2025-06-25 18:45:00
2025-06-25,S2,Ireland,63.34,33.87,5.78,30.2,1.66,250,1.45,No,53.1424,-7.6921,19:00:00,2025-06-25 19:00:00
2025-06-25,S12,Norway,50.39,92.65,7.12,34.2,1.84,50,0.36,No,60.472,8.4689,19:15:00,2025-06-25 19:15:00
2025-06-25,S7,Germany,30.38,93.15,10.19,38.8,1.51,350,3.57,No,51.1657,10.4515,19:30:00,2025-06-25 19:30:00
2025-06-25,S5,Germany,25.26,46.68,23.03,36.8,1.41,350,8.06,No,51.1657,10.4515,19:45:00,2025-06-25 19:45:00
2025-06-25,S11,Norway,34.08,30.94,10.66,36.2,1.66,50,0.53,No,60.472,8.4689,20:00:00,2025-06-25 20:00:00
2025-06-25,S10,Germany,29.75,89.4,12.88,29.6,1.32,350,4.51,No,51.1657,10.4515,20:15:00,2025-06-25 20:15:00
2025-06-25,S10,Germany,29.75,89.4,12.88,29.6,1.32,350,4.51,No,51.1657,10.4515,20:30:00,2025-06-25 20:30:00
2025-06-25,S3,Ireland,47.76,83.12,7.05,30.5,1.29,250,1.76,No,53.1424,-7.6921,20:45:00,2025-06-25 20:45:00
2025-06-25,S15,Germany,50.02,51.1,12.47,33.7,1.88,350,4.36,No,51.1657,10.4515,21:00:00,2025-06-25 21:00:00
2025-06-25,S13,Norway,43.52,42.29,5.95,34.7,1.48,50,0.3,No,60.472,8.4689,21:15:00,2025-06-25 21:15:00
2025-06-25,S9,Ireland,37.45,69.33,12.42,34.1,1.79,250,3.1,No,53.1424,-7.6921,21:30:00,2025-06-25 21:30:00
2025-06-25,S11,Norway,34.08,30.94,10.66,36.2,1.66,50,0.53,No,60.472,8.4689,21:45:00,2025-06-25 21:45:00
2025-06-25,S10,Germany,29.75,89.4,12.88,29.6,1.32,350,4.51,No,51.1657,10.4515,22:00:00,2025-06-25 22:00:00
2025-06-25,S7,Germany,30.38,93.15,10.19,38.8,1.51,350,3.57,No,51.1657,10.4515,22:15:00,2025-06-25 22:15:00
2025-06-25,S14,Ireland,24.23,23.07,18.87,28.0,1.76,250,4.72,No,53.1424,-7.6921,22:30:00,2025-06-25 22:30:00
2025-06-25,S12,Norway,50.39,92.65,7.12,34.2,1.84,50,0.36,No,60.472,8.4689,22:45:00,2025-06-25 22:45:00
2025-06-25,S13,Norway,43.52,42.29,5.95,34.7,1.48,50,0.3,No,60.472,8.4689,23:00:00,2025-06-25 23:00:00
2025-06-25,S6,Norway,65.11,83.19,15.95,36.7,1.34,50,0.8,No,60.472,8.4689,23:15:00,2025-06-25 23:15:00
2025-06-25,S8,Germany,85.78,75.25,17.99,35.9,1.42,350,6.3,No,51.1657,10.4515,23:30:00,2025-06-25 23:30:00
2025-06-25,S14,Ireland,24.23,23.07,18.87,28.0,1.76,250,4.72,No,53.1424,-7.6921,23:45:00,2025-06-25 23:45:00
2025-06-26,S3,Ireland,50.34,93.73,23.73,34.6,1.81,250,5.93,No,53.1424,-7.6921,00:00:00,2025-06-26 00:00:00
2025-06-26,S11,Norway,64.72,65.71,8.88,29.5,2.0,50,0.44,No,60.472,8.4689,00:15:00,2025-06-26 00:15:00
2025-06-26,S8,Germany,41.14,37.76,12.65,28.5,1.61,350,4.43,No,51.1657,10.4515,00:30:00,2025-06-26 00:30:00
2025-06-26,S12,Norway,75.34,47.39,24.2,32.4,1.87,50,1.21,No,60.472,8.4689,00:45:00,2025-06-26 00:45:00
2025-06-26,S2,Ireland,53.73,40.46,11.62,34.8,1.4,250,2.9,No,53.1424,-7.6921,01:00:00,2025-06-26 01:00:00
2025-06-26,S3,Ireland,50.34,93.73,23.73,34.6,1.81,250,5.93,No,53.1424,-7.6921,01:15:00,2025-06-26 01:15:00
2025-06-26,S10,Germany,68.46,44.18,23.41,37.3,1.57,350,8.19,No,51.1657,10.4515,01:30:00,2025-06-26 01:30:00
2025-06-26,S15,Germany,24.57,42.15,13.88,37.8,1.27,350,4.86,No,51.1657,10.4515,01:45:00,2025-06-26 01:45:00
2025-06-26,S4,Ireland,21.65,49.5,23.64,27.7,1.37,250,5.91,No,53.1424,-7.6921,02:00:00,2025-06-26 02:00:00
2025-06-26,S5,Germany,79.2,76.24,7.0,29.4,1.78,350,2.45,No,51.1657,10.4515,02:15:00,2025-06-26 02:15:00
2025-06-26,S15,Germany,24.57,42.15,13.88,37.8,1.27,350,4.86,No,51.1657,10.4515,02:30:00,2025-06-26 02:30:00
2025-06-26,S13,Norway,67.72,23.7,24.7,31.6,1.62,50,1.24,No,60.472,8.4689,02:45:00,2025-06-26 02:45:00
2025-06-26,S14,Ireland,69.19,81.95,22.4,27.6,1.87,250,5.6,No,53.1424,-7.6921,03:00:00,2025-06-26 03:00:00
2025-06-26,S7,Germany,45.3,86.85,5.84,34.6,1.88,350,2.04,No,51.1657,10.4515,03:15:00,2025-06-26 03:15:00
2025-06-26,S1,Norway,85.83,22.79,22.51,35.6,1.61,50,1.13,No,60.472,8.4689,03:30:00,2025-06-26 03:30:00
2025-06-26,S10,Germany,68.46,44.18,23.41,37.3,1.57,350,8.19,No,51.1657,10.4515,03:45:00,2025-06-26 03:45:00
2025-06-26,S13,Norway,67.72,23.7,24.7,31.6,1.62,50,1.24,No,60.472,8.4689,04:00:00,2025-06-26 04:00:00
2025-06-26,S2,Ireland,53.73,40.46,11.62,34.8,1.4,250,2.9,No,53.1424,-7.6921,04:15:00,2025-06-26 04:15:00
2025-06-26,S14,Ireland,69.19,81.95,22.4,27.6,1.87,250,5.6,No,53.1424,-7.6921,04:30:00,2025-06-26 04:30:00
2025-06-26,S7,Germany,45.3,86.85,5.84,34.6,1.88,350,2.04,No,51.1657,10.4515,04:45:00,2025-06-26 04:45:00
2025-06-26,S3,Ireland,50.34,93.73,23.73,34.6,1.81,250,5.93,No,53.1424,-7.6921,05:00:00,2025-06-26 05:00:00
2025-06-26,S3,Ireland,50.34,93.73,23.73,34.6,1.81,250,5.93,No,53.1424,-7.6921,05:15:00,2025-06-26 05:15:00
2025-06-26,S6,Norway,49.12,56.68,18.73,36.0,1.36,50,0.94,No,60.472,8.4689,05:30:00,2025-06-26 05:30:00
2025-06-26,S9,Ireland,53.24,77.06,19.22,33.8,1.57,250,4.8,No,53.1424,-7.6921,05:45:00,2025-06-26 05:45:00
2025-06-26,S9,Ireland,53.24,77.06,19.22,33.8,1.57,250,4.8,No,53.1424,-7.6921,06:00:00,2025-06-26 06:00:00
2025-06-26,S6,Norway,49.12,56.68,18.73,36.0,1.36,50,0.94,No,60.472,8.4689,06:15:00,2025-06-26 06:15:00
2025-06-26,S9,Ireland,53.24,77.06,19.22,33.8,1.57,250,4.8,No,53.1424,-7.6921,06:30:00,2025-06-26 06:30:00
2025-06-26,S13,Norway,67.72,23.7,24.7,31.6,1.62,50,1.24,No,60.472,8.4689,06:45:00,2025-06-26 06:45:00
2025-06-26,S8,Germany,41.14,37.76,12.65,28.5,1.61,350,4.43,No,51.1657,10.4515,07:00:00,2025-06-26 07:00:00
2025-06-26,S15,Germany,24.57,42.15,13.88,37.8,1.27,350,4.86,No,51.1657,10.4515,07:15:00,2025-06-26 07:15:00
2025-06-26,S15,Germany,24.57,42.15,13.88,37.8,1.27,350,4.86,No,51.1657,10.4515,07:30:00,2025-06-26 07:30:00
2025-06-26,S8,Germany,41.14,37.76,12.65,28.5,1.61,350,4.43,No,51.1657,10.4515,07:45:00,2025-06-26 07:45:00
2025-06-26,S3,Ireland,50.34,93.73,23.73,34.6,1.81,250,5.93,No,53.1424,-7.6921,08:00:00,2025-06-26 08:00:00
2025-06-26,S5,Germany,79.2,76.24,7.0,29.4,1.78,350,2.45,No,51.1657,10.4515,08:15:00,2025-06-26 08:15:00
2025-06-26,S14,Ireland,69.19,81.95,22.4,27.6,1.87,250,5.6,No,53.1424,-7.6921,08:30:00,2025-06-26 08:30:00
2025-06-26,S15,Germany,24.57,42.15,13.88,37.8,1.27,350,4.86,No,51.1657,10.4515,08:45:00,2025-06-26 08:45:00
2025-06-26,S1,Norway,85.83,22.79,22.51,35.6,1.61,50,1.13,No,60.472,8.4689,09:00:00,2025-06-26 09:00:00
2025-06-26,S15,Germany,24.57,42.15,13.88,37.8,1.27,350,4.86,No,51.1657,10.4515,09:15:00,2025-06-26 09:15:00
2025-06-26,S14,Ireland,69.19,81.95,22.4,27.6,1.87,250,5.6,No,53.1424,-7.6921,09:30:00,2025-06-26 09:30:00
2025-06-26,S4,Ireland,21.65,49.5,23.64,27.7,1.37,250,5.91,No,53.1424,-7.6921,09:45:00,2025-06-26 09:45:00
2025-06-26,S10,Germany,68.46,44.18,23.41,37.3,1.57,350,8.19,No,51.1657,10.4515,10:00:00,2025-06-26 10:00:00
2025-06-26,S13,Norway,67.72,23.7,24.7,31.6,1.62,50,1.24,No,60.472,8.4689,10:15:00,2025-06-26 10:15:00
2025-06-26,S5,Germany,79.2,76.24,7.0,29.4,1.78,350,2.45,No,51.1657,10.4515,10:30:00,2025-06-26 10:30:00
2025-06-26,S4,Ireland,21.65,49.5,23.64,27.7,1.37,250,5.91,No,53.1424,-7.6921,10:45:00,2025-06-26 10:45:00
2025-06-26,S8,Germany,41.14,37.76,12.65,28.5,1.61,350,4.43,No,51.1657,10.4515,11:00:00,2025-06-26 11:00:00
2025-06-26,S6,Norway,49.12,56.68,18.73,36.0,1.36,50,0.94,No,60.472,8.4689,11:15:00,2025-06-26 11:15:00
2025-06-26,S12,Norway,75.34,47.39,24.2,32.4,1.87,50,1.21,No,60.472,8.4689,11:30:00,2025-06-26 11:30:00
2025-06-26,S10,Germany,68.46,44.18,23.41,37.3,1.57,350,8.19,No,51.1657,10.4515,11:45:00,2025-06-26 11:45:00
2025-06-26,S9,Ireland,53.24,77.06,19.22,33.8,1.57,250,4.8,No,53.1424,-7.6921,12:00:00,2025-06-26 12:00:00
2025-06-26,S12,Norway,75.34,47.39,24.2,32.4,1.87,50,1.21,No,60.472,8.4689,12:15:00,2025-06-26 12:15:00
2025-06-26,S8,Germany,41.14,37.76,12.65,28.5,1.61,350,4.43,No,51.1657,10.4515,12:30:00,2025-06-26 12:30:00
2025-06-26,S15,Germany,24.57,42.15,13.88,37.8,1.27,350,4.86,No,51.1657,10.4515,12:45:00,2025-06-26 12:45:00
2025-06-26,S10,Germany,68.46,44.18,23.41,37.3,1.57,350,8.19,No,51.1657,10.4515,13:00:00,2025-06-26 13:00:00
2025-06-26,S5,Germany,79.2,76.24,7.0,29.4,1.78,350,2.45,No,51.1657,10.4515,13:15:00,2025-06-26 13:15:00
2025-06-26,S1,Norway,85.83,22.79,22.51,35.6,1.61,50,1.13,No,60.472,8.4689,13:30:00,2025-06-26 13:30:00
2025-06-26,S11,Norway,64.72,65.71,8.88,29.5,2.0,50,0.44,No,60.472,8.4689,13:45:00,2025-06-26 13:45:00
2025-06-26,S1,Norway,85.83,22.79,22.51,35.6,1.61,50,1.13,No,60.472,8.4689,14:00:00,2025-06-26 14:00:00
2025-06-26,S2,Ireland,53.73,40.46,11.62,34.8,1.4,250,2.9,No,53.1424,-7.6921,14:15:00,2025-06-26 14:15:00
2025-06-26,S7,Germany,45.3,86.85,5.84,34.6,1.88,350,2.04,No,51.1657,10.4515,14:30:00,2025-06-26 14:30:00
2025-06-26,S1,Norway,85.83,22.79,22.51,35.6,1.61,50,1.13,No,60.472,8.4689,14:45:00,2025-06-26 14:45:00
2025-06-26,S14,Ireland,69.19,81.95,22.4,27.6,1.87,250,5.6,No,53.1424,-7.6921,15:00:00,2025-06-26 15:00:00
2025-06-26,S9,Ireland,53.24,77.06,19.22,33.8,1.57,250,4.8,No,53.1424,-7.6921,15:15:00,2025-06-26 15:15:00
2025-06-26,S5,Germany,79.2,76.24,7.0,29.4,1.78,350,2.45,No,51.1657,10.4515,15:30:00,2025-06-26 15:30:00
2025-06-26,S13,Norway,67.72,23.7,24.7,31.6,1.62,50,1.24,No,60.472,8.4689,15:45:00,2025-06-26 15:45:00
2025-06-26,S7,Germany,45.3,86.85,5.84,34.6,1.88,350,2.04,No,51.1657,10.4515,16:00:00,2025-06-26 16:00:00
2025-06-26,S7,Germany,45.3,86.85,5.84,34.6,1.88,350,2.04,No,51.1657,10.4515,16:15:00,2025-06-26 16:15:00
2025-06-26,S13,Norway,67.72,23.7,24.7,31.6,1.62,50,1.24,No,60.472,8.4689,16:30:00,2025-06-26 16:30:00
2025-06-26,S14,Ireland,69.19,81.95,22.4,27.6,1.87,250,5.6,No,53.1424,-7.6921,16:45:00,2025-06-26 16:45:00
2025-06-26,S13,Norway,67.72,23.7,24.7,31.6,1.62,50,1.24,No,60.472,8.4689,17:00:00,2025-06-26 17:00:00
2025-06-26,S15,Germany,24.57,42.15,13.88,37.8,1.27,350,4.86,No,51.1657,10.4515,17:15:00,2025-06-26 17:15:00
2025-06-26,S12,Norway,75.34,47.39,24.2,32.4,1.87,50,1.21,No,60.472,8.4689,17:30:00,2025-06-26 17:30:00
2025-06-26,S14,Ireland,69.19,81.95,22.4,27.6,1.87,250,5.6,No,53.1424,-7.6921,17:45:00,2025-06-26 17:45:00
2025-06-26,S6,Norway,49.12,56.68,18.73,36.0,1.36,50,0.94,No,60.472,8.4689,18:00:00,2025-06-26 18:00:00
2025-06-26,S10,Germany,68.46,44.18,23.41,37.3,1.57,350,8.19,No,51.1657,10.4515,18:15:00,2025-06-26 18:15:00
2025-06-26,S8,Germany,41.14,37.76,12.65,28.5,1.61,350,4.43,No,51.1657,10.4515,18:30:00,2025-06-26 18:30:00
2025-06-26,S10,Germany,68.46,44.18,23.41,37.3,1.57,350,8.19,No,51.1657,10.4515,18:45:00,2025-06-26 18:45:00
2025-06-26,S7,Germany,45.3,86.85,5.84,34.6,1.88,350,2.04,No,51.1657,10.4515,19:00:00,2025-06-26 19:00:00
2025-06-26,S1,Norway,85.83,22.79,22.51,35.6,1.61,50,1.13,No,60.472,8.4689,19:15:00,2025-06-26 19:15:00
2025-06-26,S7,Germany,45.3,86.85,5.84,34.6,1.88,350,2.04,No,51.1657,10.4515,19:30:00,2025-06-26 19:30:00
2025-06-26,S10,Germany,68.46,44.18,23.41,37.3,1.57,350,8.19,No,51.1657,10.4515,19:45:00,2025-06-26 19:45:00
2025-06-26,S3,Ireland,50.34,93.73,23.73,34.6,1.81,250,5.93,No,53.1424,-7.6921,20:00:00,2025-06-26 20:00:00
2025-06-26,S10,Germany,68.46,44.18,23.41,37.3,1.57,350,8.19,No,51.1657,10.4515,20:15:00,2025-06-26 20:15:00
2025-06-26,S5,Germany,79.2,76.24,7.0,29.4,1.78,350,2.45,No,51.1657,10.4515,20:30:00,2025-06-26 20:30:00
2025-06-26,S11,Norway,64.72,65.71,8.88,29.5,2.0,50,0.44,No,60.472,8.4689,20:45:00,2025-06-26 20:45:00
2025-06-26,S4,Ireland,21.65,49.5,23.64,27.7,1.37,250,5.91,No,53.1424,-7.6921,21:00:00,2025-06-26 21:00:00
2025-06-26,S14,Ireland,69.19,81.95,22.4,27.6,1.87,250,5.6,No,53.1424,-7.6921,21:15:00,2025-06-26 21:15:00
2025-06-26,S11,Norway,64.72,65.71,8.88,29.5,2.0,50,0.44,No,60.472,8.4689,21:30:00,2025-06-26 21:30:00
2025-06-26,S2,Ireland,53.73,40.46,11.62,34.8,1.4,250,2.9,No,53.1424,-7.6921,21:45:00,2025-06-26 21:45:00
2025-06-26,S9,Ireland,53.24,77.06,19.22,33.8,1.57,250,4.8,No,53.1424,-7.6921,22:00:00,2025-06-26 22:00:00
2025-06-26,S3,Ireland,50.34,93.73,23.73,34.6,1.81,250,5.93,No,53.1424,-7.6921,22:15:00,2025-06-26 22:15:00
2025-06-26,S7,Germany,45.3,86.85,5.84,34.6,1.88,350,2.04,No,51.1657,10.4515,22:30:00,2025-06-26 22:30:00
2025-06-26,S1,Norway,85.83,22.79,22.51,35.6,1.61,50,1.13,No,60.472,8.4689,22:45:00,2025-06-26 22:45:00
2025-06-26,S12,Norway,75.34,47.39,24.2,32.4,1.87,50,1.21,No,60.472,8.4689,23:00:00,2025-06-26 23:00:00
2025-06-26,S14,Ireland,69.19,81.95,22.4,27.6,1.87,250,5.6,No,53.1424,-7.6921,23:15:00,2025-06-26 23:15:00
2025-06-26,S7,Germany,45.3,86.85,5.84,34.6,1.88,350,2.04,No,51.1657,10.4515,23:30:00,2025-06-26 23:30:00
2025-06-26,S8,Germany,41.14,37.76,12.65,28.5,1.61,350,4.43,No,51.1657,10.4515,23:45:00,2025-06-26 23:45:00
2025-06-27,S10,Germany,41.21,55.68,24.96,25.4,1.82,350,8.74,No,51.1657,10.4515,00:00:00,2025-06-27 00:00:00
2025-06-27,S12,Norway,26.92,67.1,16.48,36.0,1.34,50,0.82,No,60.472,8.4689,00:15:00,2025-06-27 00:15:00
2025-06-27,S10,Germany,41.21,55.68,24.96,25.4,1.82,350,8.74,No,51.1657,10.4515,00:30:00,2025-06-27 00:30:00
2025-06-27,S15,Germany,17.27,76.2,16.57,30.2,1.92,350,5.8,No,51.1657,10.4515,00:45:00,2025-06-27 00:45:00
2025-06-27,S13,Norway,30.92,27.99,15.67,27.5,1.85,50,0.78,No,60.472,8.4689,01:00:00,2025-06-27 01:00:00
2025-06-27,S7,Germany,53.67,43.54,19.87,28.8,1.79,350,6.95,No,51.1657,10.4515,01:15:00,2025-06-27 01:15:00
2025-06-27,S9,Ireland,35.37,43.52,9.11,35.2,2.0,250,2.28,No,53.1424,-7.6921,01:30:00,2025-06-27 01:30:00
2025-06-27,S11,Norway,59.06,60.55,13.46,28.9,1.94,50,0.67,No,60.472,8.4689,01:45:00,2025-06-27 01:45:00
2025-06-27,S2,Ireland,27.26,77.65,5.13,31.4,1.5,250,1.28,No,53.1424,-7.6921,02:00:00,2025-06-27 02:00:00
2025-06-27,S7,Germany,53.67,43.54,19.87,28.8,1.79,350,6.95,No,51.1657,10.4515,02:15:00,2025-06-27 02:15:00
2025-06-27,S15,Germany,17.27,76.2,16.57,30.2,1.92,350,5.8,No,51.1657,10.4515,02:30:00,2025-06-27 02:30:00
2025-06-27,S11,Norway,59.06,60.55,13.46,28.9,1.94,50,0.67,No,60.472,8.4689,02:45:00,2025-06-27 02:45:00
2025-06-27,S1,Norway,11.77,40.13,7.14,34.4,1.51,50,0.36,No,60.472,8.4689,03:00:00,2025-06-27 03:00:00
2025-06-27,S7,Germany,53.67,43.54,19.87,28.8,1.79,350,6.95,No,51.1657,10.4515,03:15:00,2025-06-27 03:15:00
2025-06-27,S2,Ireland,27.26,77.65,5.13,31.4,1.5,250,1.28,No,53.1424,-7.6921,03:30:00,2025-06-27 03:30:00
2025-06-27,S15,Germany,17.27,76.2,16.57,30.2,1.92,350,5.8,No,51.1657,10.4515,03:45:00,2025-06-27 03:45:00
2025-06-27,S1,Norway,11.77,40.13,7.14,34.4,1.51,50,0.36,No,60.472,8.4689,04:00:00,2025-06-27 04:00:00
2025-06-27,S7,Germany,53.67,43.54,19.87,28.8,1.79,350,6.95,No,51.1657,10.4515,04:15:00,2025-06-27 04:15:00
2025-06-27,S11,Norway,59.06,60.55,13.46,28.9,1.94,50,0.67,No,60.472,8.4689,04:30:00,2025-06-27 04:30:00
2025-06-27,S13,Norway,30.92,27.99,15.67,27.5,1.85,50,0.78,No,60.472,8.4689,04:45:00,2025-06-27 04:45:00
2025-06-27,S10,Germany,41.21,55.68,24.96,25.4,1.82,350,8.74,No,51.1657,10.4515,05:00:00,2025-06-27 05:00:00
2025-06-27,S9,Ireland,35.37,43.52,9.11,35.2,2.0,250,2.28,No,53.1424,-7.6921,05:15:00,2025-06-27 05:15:00
2025-06-27,S15,Germany,17.27,76.2,16.57,30.2,1.92,350,5.8,No,51.1657,10.4515,05:30:00,2025-06-27 05:30:00
2025-06-27,S10,Germany,41.21,55.68,24.96,25.4,1.82,350,8.74,No,51.1657,10.4515,05:45:00,2025-06-27 05:45:00
2025-06-27,S15,Germany,17.27,76.2,16.57,30.2,1.92,350,5.8,No,51.1657,10.4515,06:00:00,2025-06-27 06:00:00
2025-06-27,S15,Germany,17.27,76.2,16.57,30.2,1.92,350,5.8,No,51.1657,10.4515,06:15:00,2025-06-27 06:15:00
2025-06-27,S13,Norway,30.92,27.99,15.67,27.5,1.85,50,0.78,No,60.472,8.4689,06:30:00,2025-06-27 06:30:00
2025-06-27,S1,Norway,11.77,40.13,7.14,34.4,1.51,50,0.36,No,60.472,8.4689,06:45:00,2025-06-27 06:45:00
2025-06-27,S11,Norway,59.06,60.55,13.46,28.9,1.94,50,0.67,No,60.472,8.4689,07:00:00,2025-06-27 07:00:00
2025-06-27,S13,Norway,30.92,27.99,15.67,27.5,1.85,50,0.78,No,60.472,8.4689,07:15:00,2025-06-27 07:15:00
2025-06-27,S13,Norway,30.92,27.99,15.67,27.5,1.85,50,0.78,No,60.472,8.4689,07:30:00,2025-06-27 07:30:00
2025-06-27,S13,Norway,30.92,27.99,15.67,27.5,1.85,50,0.78,No,60.472,8.4689,07:45:00,2025-06-27 07:45:00
2025-06-27,S9,Ireland,35.37,43.52,9.11,35.2,2.0,250,2.28,No,53.1424,-7.6921,08:00:00,2025-06-27 08:00:00
2025-06-27,S3,Ireland,40.49,66.83,22.53,29.5,1.33,250,5.63,No,53.1424,-7.6921,08:15:00,2025-06-27 08:15:00
2025-06-27,S9,Ireland,35.37,43.52,9.11,35.2,2.0,250,2.28,No,53.1424,-7.6921,08:30:00,2025-06-27 08:30:00
2025-06-27,S9,Ireland,35.37,43.52,9.11,35.2,2.0,250,2.28,No,53.1424,-7.6921,08:45:00,2025-06-27 08:45:00
2025-06-27,S1,Norway,11.77,40.13,7.14,34.4,1.51,50,0.36,No,60.472,8.4689,09:00:00,2025-06-27 09:00:00
2025-06-27,S6,Norway,50.45,84.87,16.42,36.4,1.24,50,0.82,No,60.472,8.4689,09:15:00,2025-06-27 09:15:00
2025-06-27,S9,Ireland,35.37,43.52,9.11,35.2,2.0,250,2.28,No,53.1424,-7.6921,09:30:00,2025-06-27 09:30:00
2025-06-27,S12,Norway,26.92,67.1,16.48,36.0,1.34,50,0.82,No,60.472,8.4689,09:45:00,2025-06-27 09:45:00
2025-06-27,S1,Norway,11.77,40.13,7.14,34.4,1.51,50,0.36,No,60.472,8.4689,10:00:00,2025-06-27 10:00:00
2025-06-27,S11,Norway,59.06,60.55,13.46,28.9,1.94,50,0.67,No,60.472,8.4689,10:15:00,2025-06-27 10:15:00
2025-06-27,S5,Germany,13.78,22.13,11.43,27.9,1.87,350,4.0,No,51.1657,10.4515,10:30:00,2025-06-27 10:30:00
2025-06-27,S7,Germany,53.67,43.54,19.87,28.8,1.79,350,6.95,No,51.1657,10.4515,10:45:00,2025-06-27 10:45:00
2025-06-27,S3,Ireland,40.49,66.83,22.53,29.5,1.33,250,5.63,No,53.1424,-7.6921,11:00:00,2025-06-27 11:00:00
2025-06-27,S8,Germany,67.46,93.49,15.22,27.4,1.65,350,5.33,No,51.1657,10.4515,11:15:00,2025-06-27 11:15:00
2025-06-27,S13,Norway,30.92,27.99,15.67,27.5,1.85,50,0.78,No,60.472,8.4689,11:30:00,2025-06-27 11:30:00
2025-06-27,S15,Germany,17.27,76.2,16.57,30.2,1.92,350,5.8,No,51.1657,10.4515,11:45:00,2025-06-27 11:45:00
2025-06-27,S13,Norway,30.92,27.99,15.67,27.5,1.85,50,0.78,No,60.472,8.4689,12:00:00,2025-06-27 12:00:00
2025-06-27,S4,Ireland,26.03,77.43,8.86,33.9,1.48,250,2.21,No,53.1424,-7.6921,12:15:00,2025-06-27 12:15:00
2025-06-27,S8,Germany,67.46,93.49,15.22,27.4,1.65,350,5.33,No,51.1657,10.4515,12:30:00,2025-06-27 12:30:00
2025-06-27,S15,Germany,17.27,76.2,16.57,30.2,1.92,350,5.8,No,51.1657,10.4515,12:45:00,2025-06-27 12:45:00
2025-06-27,S4,Ireland,26.03,77.43,8.86,33.9,1.48,250,2.21,No,53.1424,-7.6921,13:00:00,2025-06-27 13:00:00
2025-06-27,S10,Germany,41.21,55.68,24.96,25.4,1.82,350,8.74,No,51.1657,10.4515,13:15:00,2025-06-27 13:15:00
2025-06-27,S12,Norway,26.92,67.1,16.48,36.0,1.34,50,0.82,No,60.472,8.4689,13:30:00,2025-06-27 13:30:00
2025-06-27,S10,Germany,41.21,55.68,24.96,25.4,1.82,350,8.74,No,51.1657,10.4515,13:45:00,2025-06-27 13:45:00
2025-06-27,S2,Ireland,27.26,77.65,5.13,31.4,1.5,250,1.28,No,53.1424,-7.6921,14:00:00,2025-06-27 14:00:00
2025-06-27,S12,Norway,26.92,67.1,16.48,36.0,1.34,50,0.82,No,60.472,8.4689,14:15:00,2025-06-27 14:15:00
2025-06-27,S2,Ireland,27.26,77.65,5.13,31.4,1.5,250,1.28,No,53.1424,-7.6921,14:30:00,2025-06-27 14:30:00
2025-06-27,S14,Ireland,33.25,64.89,15.46,34.7,1.44,250,3.87,No,53.1424,-7.6921,14:45:00,2025-06-27 14:45:00
2025-06-27,S14,Ireland,33.25,64.89,15.46,34.7,1.44,250,3.87,No,53.1424,-7.6921,15:00:00,2025-06-27 15:00:00
2025-06-27,S13,Norway,30.92,27.99,15.67,27.5,1.85,50,0.78,No,60.472,8.4689,15:15:00,2025-06-27 15:15:00
2025-06-27,S12,Norway,26.92,67.1,16.48,36.0,1.34,50,0.82,No,60.472,8.4689,15:30:00,2025-06-27 15:30:00
2025-06-27,S8,Germany,67.46,93.49,15.22,27.4,1.65,350,5.33,No,51.1657,10.4515,15:45:00,2025-06-27 15:45:00
2025-06-27,S15,Germany,17.27,76.2,16.57,30.2,1.92,350,5.8,No,51.1657,10.4515,16:00:00,2025-06-27 16:00:00
2025-06-27,S15,Germany,17.27,76.2,16.57,30.2,1.92,350,5.8,No,51.1657,10.4515,16:15:00,2025-06-27 16:15:00
2025-06-27,S13,Norway,30.92,27.99,15.67,27.5,1.85,50,0.78,No,60.472,8.4689,16:30:00,2025-06-27 16:30:00
2025-06-27,S10,Germany,41.21,55.68,24.96,25.4,1.82,350,8.74,No,51.1657,10.4515,16:45:00,2025-06-27 16:45:00
2025-06-27,S7,Germany,53.67,43.54,19.87,28.8,1.79,350,6.95,No,51.1657,10.4515,17:00:00,2025-06-27 17:00:00
2025-06-27,S8,Germany,67.46,93.49,15.22,27.4,1.65,350,5.33,No,51.1657,10.4515,17:15:00,2025-06-27 17:15:00
2025-06-27,S3,Ireland,40.49,66.83,22.53,29.5,1.33,250,5.63,No,53.1424,-7.6921,17:30:00,2025-06-27 17:30:00
2025-06-27,S7,Germany,53.67,43.54,19.87,28.8,1.79,350,6.95,No,51.1657,10.4515,17:45:00,2025-06-27 17:45:00
2025-06-27,S14,Ireland,33.25,64.89,15.46,34.7,1.44,250,3.87,No,53.1424,-7.6921,18:00:00,2025-06-27 18:00:00
2025-06-27,S8,Germany,67.46,93.49,15.22,27.4,1.65,350,5.33,No,51.1657,10.4515,18:15:00,2025-06-27 18:15:00
2025-06-27,S8,Germany,67.46,93.49,15.22,27.4,1.65,350,5.33,No,51.1657,10.4515,18:30:00,2025-06-27 18:30:00
2025-06-27,S13,Norway,30.92,27.99,15.67,27.5,1.85,50,0.78,No,60.472,8.4689,18:45:00,2025-06-27 18:45:00
2025-06-27,S1,Norway,11.77,40.13,7.14,34.4,1.51,50,0.36,No,60.472,8.4689,19:00:00,2025-06-27 19:00:00
2025-06-27,S13,Norway,30.92,27.99,15.67,27.5,1.85,50,0.78,No,60.472,8.4689,19:15:00,2025-06-27 19:15:00
2025-06-27,S8,Germany,67.46,93.49,15.22,27.4,1.65,350,5.33,No,51.1657,10.4515,19:30:00,2025-06-27 19:30:00
2025-06-27,S14,Ireland,33.25,64.89,15.46,34.7,1.44,250,3.87,No,53.1424,-7.6921,19:45:00,2025-06-27 19:45:00
2025-06-27,S12,Norway,26.92,67.1,16.48,36.0,1.34,50,0.82,No,60.472,8.4689,20:00:00,2025-06-27 20:00:00
2025-06-27,S4,Ireland,26.03,77.43,8.86,33.9,1.48,250,2.21,No,53.1424,-7.6921,20:15:00,2025-06-27 20:15:00
2025-06-27,S12,Norway,26.92,67.1,16.48,36.0,1.34,50,0.82,No,60.472,8.4689,20:30:00,2025-06-27 20:30:00
2025-06-27,S9,Ireland,35.37,43.52,9.11,35.2,2.0,250,2.28,No,53.1424,-7.6921,20:45:00,2025-06-27 20:45:00
2025-06-27,S12,Norway,26.92,67.1,16.48,36.0,1.34,50,0.82,No,60.472,8.4689,21:00:00,2025-06-27 21:00:00
2025-06-27,S2,Ireland,27.26,77.65,5.13,31.4,1.5,250,1.28,No,53.1424,-7.6921,21:15:00,2025-06-27 21:15:00
2025-06-27,S4,Ireland,26.03,77.43,8.86,33.9,1.48,250,2.21,No,53.1424,-7.6921,21:30:00,2025-06-27 21:30:00
2025-06-27,S8,Germany,67.46,93.49,15.22,27.4,1.65,350,5.33,No,51.1657,10.4515,21:45:00,2025-06-27 21:45:00
2025-06-27,S9,Ireland,35.37,43.52,9.11,35.2,2.0,250,2.28,No,53.1424,-7.6921,22:00:00,2025-06-27 22:00:00
2025-06-27,S10,Germany,41.21,55.68,24.96,25.4,1.82,350,8.74,No,51.1657,10.4515,22:15:00,2025-06-27 22:15:00
2025-06-27,S12,Norway,26.92,67.1,16.48,36.0,1.34,50,0.82,No,60.472,8.4689,22:30:00,2025-06-27 22:30:00
2025-06-27,S1,Norway,11.77,40.13,7.14,34.4,1.51,50,0.36,No,60.472,8.4689,22:45:00,2025-06-27 22:45:00
2025-06-27,S4,Ireland,26.03,77.43,8.86,33.9,1.48,250,2.21,No,53.1424,-7.6921,23:00:00,2025-06-27 23:00:00
2025-06-27,S6,Norway,50.45,84.87,16.42,36.4,1.24,50,0.82,No,60.472,8.4689,23:15:00,2025-06-27 23:15:00
2025-06-27,S1,Norway,11.77,40.13,7.14,34.4,1.51,50,0.36,No,60.472,8.4689,23:30:00,2025-06-27 23:30:00
2025-06-27,S14,Ireland,33.25,64.89,15.46,34.7,1.44,250,3.87,No,53.1424,-7.6921,23:45:00,2025-06-27 23:45:00
2025-06-28,S6,Norway,66.5,59.59,17.65,32.8,1.58,50,0.88,No,60.472,8.4689,00:00:00,2025-06-28 00:00:00
2025-06-28,S3,Ireland,49.27,90.48,10.18,34.6,1.49,250,2.54,No,53.1424,-7.6921,00:15:00,2025-06-28 00:15:00
2025-06-28,S7,Germany,79.93,35.16,13.23,32.8,1.87,350,4.63,No,51.1657,10.4515,00:30:00,2025-06-28 00:30:00
2025-06-28,S1,Norway,16.06,71.36,10.79,37.7,1.89,50,0.54,No,60.472,8.4689,00:45:00,2025-06-28 00:45:00
2025-06-28,S3,Ireland,49.27,90.48,10.18,34.6,1.49,250,2.54,No,53.1424,-7.6921,01:00:00,2025-06-28 01:00:00
2025-06-28,S15,Germany,66.24,61.82,8.46,36.0,1.98,350,2.96,No,51.1657,10.4515,01:15:00,2025-06-28 01:15:00
2025-06-28,S1,Norway,16.06,71.36,10.79,37.7,1.89,50,0.54,No,60.472,8.4689,01:30:00,2025-06-28 01:30:00
2025-06-28,S15,Germany,66.24,61.82,8.46,36.0,1.98,350,2.96,No,51.1657,10.4515,01:45:00,2025-06-28 01:45:00
2025-06-28,S8,Germany,28.14,75.29,6.2,28.8,1.64,350,2.17,No,51.1657,10.4515,02:00:00,2025-06-28 02:00:00
2025-06-28,S9,Ireland,52.89,39.82,15.92,27.5,1.99,250,3.98,No,53.1424,-7.6921,02:15:00,2025-06-28 02:15:00
2025-06-28,S13,Norway,36.58,69.7,21.54,37.2,1.59,50,1.08,No,60.472,8.4689,02:30:00,2025-06-28 02:30:00
2025-06-28,S5,Germany,80.37,86.89,5.21,30.8,1.49,350,1.82,No,51.1657,10.4515,02:45:00,2025-06-28 02:45:00
2025-06-28,S8,Germany,28.14,75.29,6.2,28.8,1.64,350,2.17,No,51.1657,10.4515,03:00:00,2025-06-28 03:00:00
2025-06-28,S2,Ireland,88.93,68.55,15.34,25.1,1.77,250,3.83,No,53.1424,-7.6921,03:15:00,2025-06-28 03:15:00
2025-06-28,S8,Germany,28.14,75.29,6.2,28.8,1.64,350,2.17,No,51.1657,10.4515,03:30:00,2025-06-28 03:30:00
2025-06-28,S14,Ireland,75.94,92.29,21.67,26.4,1.58,250,5.42,No,53.1424,-7.6921,03:45:00,2025-06-28 03:45:00
2025-06-28,S6,Norway,66.5,59.59,17.65,32.8,1.58,50,0.88,No,60.472,8.4689,04:00:00,2025-06-28 04:00:00
2025-06-28,S1,Norway,16.06,71.36,10.79,37.7,1.89,50,0.54,No,60.472,8.4689,04:15:00,2025-06-28 04:15:00
2025-06-28,S3,Ireland,49.27,90.48,10.18,34.6,1.49,250,2.54,No,53.1424,-7.6921,04:30:00,2025-06-28 04:30:00
2025-06-28,S14,Ireland,75.94,92.29,21.67,26.4,1.58,250,5.42,No,53.1424,-7.6921,04:45:00,2025-06-28 04:45:00
2025-06-28,S5,Germany,80.37,86.89,5.21,30.8,1.49,350,1.82,No,51.1657,10.4515,05:00:00,2025-06-28 05:00:00
2025-06-28,S5,Germany,80.37,86.89,5.21,30.8,1.49,350,1.82,No,51.1657,10.4515,05:15:00,2025-06-28 05:15:00
2025-06-28,S4,Ireland,74.42,51.61,6.7,32.2,1.98,250,1.68,No,53.1424,-7.6921,05:30:00,2025-06-28 05:30:00
2025-06-28,S6,Norway,66.5,59.59,17.65,32.8,1.58,50,0.88,No,60.472,8.4689,05:45:00,2025-06-28 05:45:00
2025-06-28,S2,Ireland,88.93,68.55,15.34,25.1,1.77,250,3.83,No,53.1424,-7.6921,06:00:00,2025-06-28 06:00:00
2025-06-28,S7,Germany,79.93,35.16,13.23,32.8,1.87,350,4.63,No,51.1657,10.4515,06:15:00,2025-06-28 06:15:00
2025-06-28,S11,Norway,61.15,72.16,8.66,25.4,1.25,50,0.43,No,60.472,8.4689,06:30:00,2025-06-28 06:30:00
2025-06-28,S1,Norway,16.06,71.36,10.79,37.7,1.89,50,0.54,No,60.472,8.4689,06:45:00,2025-06-28 06:45:00
2025-06-28,S6,Norway,66.5,59.59,17.65,32.8,1.58,50,0.88,No,60.472,8.4689,07:00:00,2025-06-28 07:00:00
2025-06-28,S10,Germany,67.49,25.65,14.6,33.9,1.68,350,5.11,No,51.1657,10.4515,07:15:00,2025-06-28 07:15:00
2025-06-28,S6,Norway,66.5,59.59,17.65,32.8,1.58,50,0.88,No,60.472,8.4689,07:30:00,2025-06-28 07:30:00
2025-06-28,S6,Norway,66.5,59.59,17.65,32.8,1.58,50,0.88,No,60.472,8.4689,07:45:00,2025-06-28 07:45:00
2025-06-28,S5,Germany,80.37,86.89,5.21,30.8,1.49,350,1.82,No,51.1657,10.4515,08:00:00,2025-06-28 08:00:00
2025-06-28,S6,Norway,66.5,59.59,17.65,32.8,1.58,50,0.88,No,60.472,8.4689,08:15:00,2025-06-28 08:15:00
2025-06-28,S14,Ireland,75.94,92.29,21.67,26.4,1.58,250,5.42,No,53.1424,-7.6921,08:30:00,2025-06-28 08:30:00
2025-06-28,S8,Germany,28.14,75.29,6.2,28.8,1.64,350,2.17,No,51.1657,10.4515,08:45:00,2025-06-28 08:45:00
2025-06-28,S1,Norway,16.06,71.36,10.79,37.7,1.89,50,0.54,No,60.472,8.4689,09:00:00,2025-06-28 09:00:00
2025-06-28,S14,Ireland,75.94,92.29,21.67,26.4,1.58,250,5.42,No,53.1424,-7.6921,09:15:00,2025-06-28 09:15:00
2025-06-28,S2,Ireland,88.93,68.55,15.34,25.1,1.77,250,3.83,No,53.1424,-7.6921,09:30:00,2025-06-28 09:30:00
2025-06-28,S6,Norway,66.5,59.59,17.65,32.8,1.58,50,0.88,No,60.472,8.4689,09:45:00,2025-06-28 09:45:00
2025-06-28,S3,Ireland,49.27,90.48,10.18,34.6,1.49,250,2.54,No,53.1424,-7.6921,10:00:00,2025-06-28 10:00:00
2025-06-28,S2,Ireland,88.93,68.55,15.34,25.1,1.77,250,3.83,No,53.1424,-7.6921,10:15:00,2025-06-28 10:15:00
2025-06-28,S14,Ireland,75.94,92.29,21.67,26.4,1.58,250,5.42,No,53.1424,-7.6921,10:30:00,2025-06-28 10:30:00
2025-06-28,S3,Ireland,49.27,90.48,10.18,34.6,1.49,250,2.54,No,53.1424,-7.6921,10:45:00,2025-06-28 10:45:00
2025-06-28,S12,Norway,80.23,40.58,9.53,37.6,1.91,50,0.48,No,60.472,8.4689,11:00:00,2025-06-28 11:00:00
2025-06-28,S15,Germany,66.24,61.82,8.46,36.0,1.98,350,2.96,No,51.1657,10.4515,11:15:00,2025-06-28 11:15:00
2025-06-28,S6,Norway,66.5,59.59,17.65,32.8,1.58,50,0.88,No,60.472,8.4689,11:30:00,2025-06-28 11:30:00
2025-06-28,S4,Ireland,74.42,51.61,6.7,32.2,1.98,250,1.68,No,53.1424,-7.6921,11:45:00,2025-06-28 11:45:00
2025-06-28,S3,Ireland,49.27,90.48,10.18,34.6,1.49,250,2.54,No,53.1424,-7.6921,12:00:00,2025-06-28 12:00:00
2025-06-28,S6,Norway,66.5,59.59,17.65,32.8,1.58,50,0.88,No,60.472,8.4689,12:15:00,2025-06-28 12:15:00
2025-06-28,S7,Germany,79.93,35.16,13.23,32.8,1.87,350,4.63,No,51.1657,10.4515,12:30:00,2025-06-28 12:30:00
2025-06-28,S15,Germany,66.24,61.82,8.46,36.0,1.98,350,2.96,No,51.1657,10.4515,12:45:00,2025-06-28 12:45:00
2025-06-28,S1,Norway,16.06,71.36,10.79,37.7,1.89,50,0.54,No,60.472,8.4689,13:00:00,2025-06-28 13:00:00
2025-06-28,S13,Norway,36.58,69.7,21.54,37.2,1.59,50,1.08,No,60.472,8.4689,13:15:00,2025-06-28 13:15:00
2025-06-28,S15,Germany,66.24,61.82,8.46,36.0,1.98,350,2.96,No,51.1657,10.4515,13:30:00,2025-06-28 13:30:00
2025-06-28,S11,Norway,61.15,72.16,8.66,25.4,1.25,50,0.43,No,60.472,8.4689,13:45:00,2025-06-28 13:45:00
2025-06-28,S11,Norway,61.15,72.16,8.66,25.4,1.25,50,0.43,No,60.472,8.4689,14:00:00,2025-06-28 14:00:00
2025-06-28,S1,Norway,16.06,71.36,10.79,37.7,1.89,50,0.54,No,60.472,8.4689,14:15:00,2025-06-28 14:15:00
2025-06-28,S12,Norway,80.23,40.58,9.53,37.6,1.91,50,0.48,No,60.472,8.4689,14:30:00,2025-06-28 14:30:00
2025-06-28,S12,Norway,80.23,40.58,9.53,37.6,1.91,50,0.48,No,60.472,8.4689,14:45:00,2025-06-28 14:45:00
2025-06-28,S3,Ireland,49.27,90.48,10.18,34.6,1.49,250,2.54,No,53.1424,-7.6921,15:00:00,2025-06-28 15:00:00
2025-06-28,S10,Germany,67.49,25.65,14.6,33.9,1.68,350,5.11,No,51.1657,10.4515,15:15:00,2025-06-28 15:15:00
2025-06-28,S1,Norway,16.06,71.36,10.79,37.7,1.89,50,0.54,No,60.472,8.4689,15:30:00,2025-06-28 15:30:00
2025-06-28,S13,Norway,36.58,69.7,21.54,37.2,1.59,50,1.08,No,60.472,8.4689,15:45:00,2025-06-28 15:45:00
2025-06-28,S6,Norway,66.5,59.59,17.65,32.8,1.58,50,0.88,No,60.472,8.4689,16:00:00,2025-06-28 16:00:00
2025-06-28,S3,Ireland,49.27,90.48,10.18,34.6,1.49,250,2.54,No,53.1424,-7.6921,16:15:00,2025-06-28 16:15:00
2025-06-28,S3,Ireland,49.27,90.48,10.18,34.6,1.49,250,2.54,No,53.1424,-7.6921,16:30:00,2025-06-28 16:30:00
2025-06-28,S3,Ireland,49.27,90.48,10.18,34.6,1.49,250,2.54,No,53.1424,-7.6921,16:45:00,2025-06-28 16:45:00
2025-06-28,S1,Norway,16.06,71.36,10.79,37.7,1.89,50,0.54,No,60.472,8.4689,17:00:00,2025-06-28 17:00:00
2025-06-28,S11,Norway,61.15,72.16,8.66,25.4,1.25,50,0.43,No,60.472,8.4689,17:15:00,2025-06-28 17:15:00
2025-06-28,S3,Ireland,49.27,90.48,10.18,34.6,1.49,250,2.54,No,53.1424,-7.6921,17:30:00,2025-06-28 17:30:00
2025-06-28,S12,Norway,80.23,40.58,9.53,37.6,1.91,50,0.48,No,60.472,8.4689,17:45:00,2025-06-28 17:45:00
2025-06-28,S10,Germany,67.49,25.65,14.6,33.9,1.68,350,5.11,No,51.1657,10.4515,18:00:00,2025-06-28 18:00:00
2025-06-28,S5,Germany,80.37,86.89,5.21,30.8,1.49,350,1.82,No,51.1657,10.4515,18:15:00,2025-06-28 18:15:00
2025-06-28,S2,Ireland,88.93,68.55,15.34,25.1,1.77,250,3.83,No,53.1424,-7.6921,18:30:00,2025-06-28 18:30:00
2025-06-28,S10,Germany,67.49,25.65,14.6,33.9,1.68,350,5.11,No,51.1657,10.4515,18:45:00,2025-06-28 18:45:00
2025-06-28,S14,Ireland,75.94,92.29,21.67,26.4,1.58,250,5.42,No,53.1424,-7.6921,19:00:00,2025-06-28 19:00:00
2025-06-28,S7,Germany,79.93,35.16,13.23,32.8,1.87,350,4.63,No,51.1657,10.4515,19:15:00,2025-06-28 19:15:00
2025-06-28,S6,Norway,66.5,59.59,17.65,32.8,1.58,50,0.88,No,60.472,8.4689,19:30:00,2025-06-28 19:30:00
2025-06-28,S6,Norway,66.5,59.59,17.65,32.8,1.58,50,0.88,No,60.472,8.4689,19:45:00,2025-06-28 19:45:00
2025-06-28,S5,Germany,80.37,86.89,5.21,30.8,1.49,350,1.82,No,51.1657,10.4515,20:00:00,2025-06-28 20:00:00
2025-06-28,S14,Ireland,75.94,92.29,21.67,26.4,1.58,250,5.42,No,53.1424,-7.6921,20:15:00,2025-06-28 20:15:00
2025-06-28,S9,Ireland,52.89,39.82,15.92,27.5,1.99,250,3.98,No,53.1424,-7.6921,20:30:00,2025-06-28 20:30:00
2025-06-28,S10,Germany,67.49,25.65,14.6,33.9,1.68,350,5.11,No,51.1657,10.4515,20:45:00,2025-06-28 20:45:00
2025-06-28,S6,Norway,66.5,59.59,17.65,32.8,1.58,50,0.88,No,60.472,8.4689,21:00:00,2025-06-28 21:00:00
2025-06-28,S11,Norway,61.15,72.16,8.66,25.4,1.25,50,0.43,No,60.472,8.4689,21:15:00,2025-06-28 21:15:00
2025-06-28,S3,Ireland,49.27,90.48,10.18,34.6,1.49,250,2.54,No,53.1424,-7.6921,21:30:00,2025-06-28 21:30:00
2025-06-28,S2,Ireland,88.93,68.55,15.34,25.1,1.77,250,3.83,No,53.1424,-7.6921,21:45:00,2025-06-28 21:45:00
2025-06-28,S8,Germany,28.14,75.29,6.2,28.8,1.64,350,2.17,No,51.1657,10.4515,22:00:00,2025-06-28 22:00:00
2025-06-28,S3,Ireland,49.27,90.48,10.18,34.6,1.49,250,2.54,No,53.1424,-7.6921,22:15:00,2025-06-28 22:15:00
2025-06-28,S10,Germany,67.49,25.65,14.6,33.9,1.68,350,5.11,No,51.1657,10.4515,22:30:00,2025-06-28 22:30:00
2025-06-28,S14,Ireland,75.94,92.29,21.67,26.4,1.58,250,5.42,No,53.1424,-7.6921,22:45:00,2025-06-28 22:45:00
2025-06-28,S7,Germany,79.93,35.16,13.23,32.8,1.87,350,4.63,No,51.1657,10.4515,23:00:00,2025-06-28 23:00:00
2025-06-28,S13,Norway,36.58,69.7,21.54,37.2,1.59,50,1.08,No,60.472,8.4689,23:15:00,2025-06-28 23:15:00
2025-06-28,S9,Ireland,52.89,39.82,15.92,27.5,1.99,250,3.98,No,53.1424,-7.6921,23:30:00,2025-06-28 23:30:00
2025-06-28,S9,Ireland,52.89,39.82,15.92,27.5,1.99,250,3.98,No,53.1424,-7.6921,23:45:00,2025-06-28 23:45:00
2025-06-29,S15,Germany,57.49,33.84,5.92,32.1,1.58,350,2.07,No,51.1657,10.4515,00:00:00,2025-06-29 00:00:00
2025-06-29,S9,Ireland,71.77,62.11,18.44,31.8,1.79,250,4.61,No,53.1424,-7.6921,00:15:00,2025-06-29 00:15:00
2025-06-29,S12,Norway,28.78,36.27,21.52,35.2,1.99,50,1.08,No,60.472,8.4689,00:30:00,2025-06-29 00:30:00
2025-06-29,S12,Norway,28.78,36.27,21.52,35.2,1.99,50,1.08,No,60.472,8.4689,00:45:00,2025-06-29 00:45:00
2025-06-29,S6,Norway,36.76,65.43,7.08,27.1,1.37,50,0.35,No,60.472,8.4689,01:00:00,2025-06-29 01:00:00
2025-06-29,S7,Germany,29.3,91.1,24.42,27.3,1.36,350,8.55,No,51.1657,10.4515,01:15:00,2025-06-29 01:15:00
2025-06-29,S4,Ireland,51.47,89.54,11.79,35.8,1.69,250,2.95,No,53.1424,-7.6921,01:30:00,2025-06-29 01:30:00
2025-06-29,S15,Germany,57.49,33.84,5.92,32.1,1.58,350,2.07,No,51.1657,10.4515,01:45:00,2025-06-29 01:45:00
2025-06-29,S9,Ireland,71.77,62.11,18.44,31.8,1.79,250,4.61,No,53.1424,-7.6921,02:00:00,2025-06-29 02:00:00
2025-06-29,S3,Ireland,68.8,75.27,21.17,26.2,1.72,250,5.29,No,53.1424,-7.6921,02:15:00,2025-06-29 02:15:00
2025-06-29,S13,Norway,72.01,43.52,17.95,36.3,1.5,50,0.9,No,60.472,8.4689,02:30:00,2025-06-29 02:30:00
2025-06-29,S12,Norway,28.78,36.27,21.52,35.2,1.99,50,1.08,No,60.472,8.4689,02:45:00,2025-06-29 02:45:00
2025-06-29,S11,Norway,80.17,77.44,14.16,36.7,1.81,50,0.71,No,60.472,8.4689,03:00:00,2025-06-29 03:00:00
2025-06-29,S7,Germany,29.3,91.1,24.42,27.3,1.36,350,8.55,No,51.1657,10.4515,03:15:00,2025-06-29 03:15:00
2025-06-29,S8,Germany,16.16,57.28,14.74,30.6,1.61,350,5.16,No,51.1657,10.4515,03:30:00,2025-06-29 03:30:00
2025-06-29,S10,Germany,41.27,29.81,23.99,34.6,1.32,350,8.4,No,51.1657,10.4515,03:45:00,2025-06-29 03:45:00
2025-06-29,S15,Germany,57.49,33.84,5.92,32.1,1.58,350,2.07,No,51.1657,10.4515,04:00:00,2025-06-29 04:00:00
2025-06-29,S10,Germany,41.27,29.81,23.99,34.6,1.32,350,8.4,No,51.1657,10.4515,04:15:00,2025-06-29 04:15:00
2025-06-29,S8,Germany,16.16,57.28,14.74,30.6,1.61,350,5.16,No,51.1657,10.4515,04:30:00,2025-06-29 04:30:00
2025-06-29,S7,Germany,29.3,91.1,24.42,27.3,1.36,350,8.55,No,51.1657,10.4515,04:45:00,2025-06-29 04:45:00
2025-06-29,S6,Norway,36.76,65.43,7.08,27.1,1.37,50,0.35,No,60.472,8.4689,05:00:00,2025-06-29 05:00:00
2025-06-29,S15,Germany,57.49,33.84,5.92,32.1,1.58,350,2.07,No,51.1657,10.4515,05:15:00,2025-06-29 05:15:00
2025-06-29,S5,Germany,40.11,35.4,22.72,37.8,1.41,350,7.95,No,51.1657,10.4515,05:30:00,2025-06-29 05:30:00
2025-06-29,S14,Ireland,36.12,59.37,9.27,27.4,1.92,250,2.32,No,53.1424,-7.6921,05:45:00,2025-06-29 05:45:00
2025-06-29,S14,Ireland,36.12,59.37,9.27,27.4,1.92,250,2.32,No,53.1424,-7.6921,06:00:00,2025-06-29 06:00:00
2025-06-29,S7,Germany,29.3,91.1,24.42,27.3,1.36,350,8.55,No,51.1657,10.4515,06:15:00,2025-06-29 06:15:00
2025-06-29,S1,Norway,52.79,45.49,13.69,34.9,1.34,50,0.68,No,60.472,8.4689,06:30:00,2025-06-29 06:30:00
2025-06-29,S5,Germany,40.11,35.4,22.72,37.8,1.41,350,7.95,No,51.1657,10.4515,06:45:00,2025-06-29 06:45:00
2025-06-29,S14,Ireland,36.12,59.37,9.27,27.4,1.92,250,2.32,No,53.1424,-7.6921,07:00:00,2025-06-29 07:00:00
2025-06-29,S4,Ireland,51.47,89.54,11.79,35.8,1.69,250,2.95,No,53.1424,-7.6921,07:15:00,2025-06-29 07:15:00
2025-06-29,S10,Germany,41.27,29.81,23.99,34.6,1.32,350,8.4,No,51.1657,10.4515,07:30:00,2025-06-29 07:30:00
2025-06-29,S12,Norway,28.78,36.27,21.52,35.2,1.99,50,1.08,No,60.472,8.4689,07:45:00,2025-06-29 07:45:00
2025-06-29,S13,Norway,72.01,43.52,17.95,36.3,1.5,50,0.9,No,60.472,8.4689,08:00:00,2025-06-29 08:00:00
2025-06-29,S12,Norway,28.78,36.27,21.52,35.2,1.99,50,1.08,No,60.472,8.4689,08:15:00,2025-06-29 08:15:00
2025-06-29,S9,Ireland,71.77,62.11,18.44,31.8,1.79,250,4.61,No,53.1424,-7.6921,08:30:00,2025-06-29 08:30:00
2025-06-29,S14,Ireland,36.12,59.37,9.27,27.4,1.92,250,2.32,No,53.1424,-7.6921,08:45:00,2025-06-29 08:45:00
2025-06-29,S10,Germany,41.27,29.81,23.99,34.6,1.32,350,8.4,No,51.1657,10.4515,09:00:00,2025-06-29 09:00:00
2025-06-29,S14,Ireland,36.12,59.37,9.27,27.4,1.92,250,2.32,No,53.1424,-7.6921,09:15:00,2025-06-29 09:15:00
2025-06-29,S9,Ireland,71.77,62.11,18.44,31.8,1.79,250,4.61,No,53.1424,-7.6921,09:30:00,2025-06-29 09:30:00
2025-06-29,S8,Germany,16.16,57.28,14.74,30.6,1.61,350,5.16,No,51.1657,10.4515,09:45:00,2025-06-29 09:45:00
2025-06-29,S8,Germany,16.16,57.28,14.74,30.6,1.61,350,5.16,No,51.1657,10.4515,10:00:00,2025-06-29 10:00:00
2025-06-29,S4,Ireland,51.47,89.54,11.79,35.8,1.69,250,2.95,No,53.1424,-7.6921,10:15:00,2025-06-29 10:15:00
2025-06-29,S11,Norway,80.17,77.44,14.16,36.7,1.81,50,0.71,No,60.472,8.4689,10:30:00,2025-06-29 10:30:00
2025-06-29,S4,Ireland,51.47,89.54,11.79,35.8,1.69,250,2.95,No,53.1424,-7.6921,10:45:00,2025-06-29 10:45:00
2025-06-29,S11,Norway,80.17,77.44,14.16,36.7,1.81,50,0.71,No,60.472,8.4689,11:00:00,2025-06-29 11:00:00
2025-06-29,S4,Ireland,51.47,89.54,11.79,35.8,1.69,250,2.95,No,53.1424,-7.6921,11:15:00,2025-06-29 11:15:00
2025-06-29,S1,Norway,52.79,45.49,13.69,34.9,1.34,50,0.68,No,60.472,8.4689,11:30:00,2025-06-29 11:30:00
2025-06-29,S14,Ireland,36.12,59.37,9.27,27.4,1.92,250,2.32,No,53.1424,-7.6921,11:45:00,2025-06-29 11:45:00
2025-06-29,S9,Ireland,71.77,62.11,18.44,31.8,1.79,250,4.61,No,53.1424,-7.6921,12:00:00,2025-06-29 12:00:00
2025-06-29,S14,Ireland,36.12,59.37,9.27,27.4,1.92,250,2.32,No,53.1424,-7.6921,12:15:00,2025-06-29 12:15:00
2025-06-29,S14,Ireland,36.12,59.37,9.27,27.4,1.92,250,2.32,No,53.1424,-7.6921,12:30:00,2025-06-29 12:30:00
2025-06-29,S7,Germany,29.3,91.1,24.42,27.3,1.36,350,8.55,No,51.1657,10.4515,12:45:00,2025-06-29 12:45:00
2025-06-29,S10,Germany,41.27,29.81,23.99,34.6,1.32,350,8.4,No,51.1657,10.4515,13:00:00,2025-06-29 13:00:00
2025-06-29,S9,Ireland,71.77,62.11,18.44,31.8,1.79,250,4.61,No,53.1424,-7.6921,13:15:00,2025-06-29 13:15:00
2025-06-29,S5,Germany,40.11,35.4,22.72,37.8,1.41,350,7.95,No,51.1657,10.4515,13:30:00,2025-06-29 13:30:00
2025-06-29,S14,Ireland,36.12,59.37,9.27,27.4,1.92,250,2.32,No,53.1424,-7.6921,13:45:00,2025-06-29 13:45:00
2025-06-29,S4,Ireland,51.47,89.54,11.79,35.8,1.69,250,2.95,No,53.1424,-7.6921,14:00:00,2025-06-29 14:00:00
2025-06-29,S15,Germany,57.49,33.84,5.92,32.1,1.58,350,2.07,No,51.1657,10.4515,14:15:00,2025-06-29 14:15:00
2025-06-29,S4,Ireland,51.47,89.54,11.79,35.8,1.69,250,2.95,No,53.1424,-7.6921,14:30:00,2025-06-29 14:30:00
2025-06-29,S14,Ireland,36.12,59.37,9.27,27.4,1.92,250,2.32,No,53.1424,-7.6921,14:45:00,2025-06-29 14:45:00
2025-06-29,S15,Germany,57.49,33.84,5.92,32.1,1.58,350,2.07,No,51.1657,10.4515,15:00:00,2025-06-29 15:00:00
2025-06-29,S8,Germany,16.16,57.28,14.74,30.6,1.61,350,5.16,No,51.1657,10.4515,15:15:00,2025-06-29 15:15:00
2025-06-29,S14,Ireland,36.12,59.37,9.27,27.4,1.92,250,2.32,No,53.1424,-7.6921,15:30:00,2025-06-29 15:30:00
2025-06-29,S13,Norway,72.01,43.52,17.95,36.3,1.5,50,0.9,No,60.472,8.4689,15:45:00,2025-06-29 15:45:00
2025-06-29,S5,Germany,40.11,35.4,22.72,37.8,1.41,350,7.95,No,51.1657,10.4515,16:00:00,2025-06-29 16:00:00
2025-06-29,S6,Norway,36.76,65.43,7.08,27.1,1.37,50,0.35,No,60.472,8.4689,16:15:00,2025-06-29 16:15:00
2025-06-29,S12,Norway,28.78,36.27,21.52,35.2,1.99,50,1.08,No,60.472,8.4689,16:30:00,2025-06-29 16:30:00
2025-06-29,S14,Ireland,36.12,59.37,9.27,27.4,1.92,250,2.32,No,53.1424,-7.6921,16:45:00,2025-06-29 16:45:00
2025-06-29,S8,Germany,16.16,57.28,14.74,30.6,1.61,350,5.16,No,51.1657,10.4515,17:00:00,2025-06-29 17:00:00
2025-06-29,S10,Germany,41.27,29.81,23.99,34.6,1.32,350,8.4,No,51.1657,10.4515,17:15:00,2025-06-29 17:15:00
2025-06-29,S4,Ireland,51.47,89.54,11.79,35.8,1.69,250,2.95,No,53.1424,-7.6921,17:30:00,2025-06-29 17:30:00
2025-06-29,S4,Ireland,51.47,89.54,11.79,35.8,1.69,250,2.95,No,53.1424,-7.6921,17:45:00,2025-06-29 17:45:00
2025-06-29,S5,Germany,40.11,35.4,22.72,37.8,1.41,350,7.95,No,51.1657,10.4515,18:00:00,2025-06-29 18:00:00
2025-06-29,S2,Ireland,71.81,67.92,7.06,33.7,1.57,250,1.76,No,53.1424,-7.6921,18:15:00,2025-06-29 18:15:00
2025-06-29,S13,Norway,72.01,43.52,17.95,36.3,1.5,50,0.9,No,60.472,8.4689,18:30:00,2025-06-29 18:30:00
2025-06-29,S15,Germany,57.49,33.84,5.92,32.1,1.58,350,2.07,No,51.1657,10.4515,18:45:00,2025-06-29 18:45:00
2025-06-29,S6,Norway,36.76,65.43,7.08,27.1,1.37,50,0.35,No,60.472,8.4689,19:00:00,2025-06-29 19:00:00
2025-06-29,S15,Germany,57.49,33.84,5.92,32.1,1.58,350,2.07,No,51.1657,10.4515,19:15:00,2025-06-29 19:15:00
2025-06-29,S2,Ireland,71.81,67.92,7.06,33.7,1.57,250,1.76,No,53.1424,-7.6921,19:30:00,2025-06-29 19:30:00
2025-06-29,S10,Germany,41.27,29.81,23.99,34.6,1.32,350,8.4,No,51.1657,10.4515,19:45:00,2025-06-29 19:45:00
2025-06-29,S4,Ireland,51.47,89.54,11.79,35.8,1.69,250,2.95,No,53.1424,-7.6921,20:00:00,2025-06-29 20:00:00
2025-06-29,S4,Ireland,51.47,89.54,11.79,35.8,1.69,250,2.95,No,53.1424,-7.6921,20:15:00,2025-06-29 20:15:00
2025-06-29,S13,Norway,72.01,43.52,17.95,36.3,1.5,50,0.9,No,60.472,8.4689,20:30:00,2025-06-29 20:30:00
2025-06-29,S14,Ireland,36.12,59.37,9.27,27.4,1.92,250,2.32,No,53.1424,-7.6921,20:45:00,2025-06-29 20:45:00
2025-06-29,S7,Germany,29.3,91.1,24.42,27.3,1.36,350,8.55,No,51.1657,10.4515,21:00:00,2025-06-29 21:00:00
2025-06-29,S9,Ireland,71.77,62.11,18.44,31.8,1.79,250,4.61,No,53.1424,-7.6921,21:15:00,2025-06-29 21:15:00
2025-06-29,S7,Germany,29.3,91.1,24.42,27.3,1.36,350,8.55,No,51.1657,10.4515,21:30:00,2025-06-29 21:30:00
2025-06-29,S13,Norway,72.01,43.52,17.95,36.3,1.5,50,0.9,No,60.472,8.4689,21:45:00,2025-06-29 21:45:00
2025-06-29,S6,Norway,36.76,65.43,7.08,27.1,1.37,50,0.35,No,60.472,8.4689,22:00:00,2025-06-29 22:00:00
2025-06-29,S6,Norway,36.76,65.43,7.08,27.1,1.37,50,0.35,No,60.472,8.4689,22:15:00,2025-06-29 22:15:00
2025-06-29,S1,Norway,52.79,45.49,13.69,34.9,1.34,50,0.68,No,60.472,8.4689,22:30:00,2025-06-29 22:30:00
2025-06-29,S7,Germany,29.3,91.1,24.42,27.3,1.36,350,8.55,No,51.1657,10.4515,22:45:00,2025-06-29 22:45:00
2025-06-29,S8,Germany,16.16,57.28,14.74,30.6,1.61,350,5.16,No,51.1657,10.4515,23:00:00,2025-06-29 23:00:00
2025-06-29,S10,Germany,41.27,29.81,23.99,34.6,1.32,350,8.4,No,51.1657,10.4515,23:15:00,2025-06-29 23:15:00
2025-06-29,S12,Norway,28.78,36.27,21.52,35.2,1.99,50,1.08,No,60.472,8.4689,23:30:00,2025-06-29 23:30:00
2025-06-29,S8,Germany,16.16,57.28,14.74,30.6,1.61,350,5.16,No,51.1657,10.4515,23:45:00,2025-06-29 23:45:00
2025-06-30,S2,Ireland,80.32,84.53,15.39,27.0,1.89,250,3.85,No,53.1424,-7.6921,00:00:00,2025-06-30 00:00:00
2025-06-30,S7,Germany,64.93,70.35,23.85,30.3,1.65,350,8.35,No,51.1657,10.4515,00:15:00,2025-06-30 00:15:00
2025-06-30,S11,Norway,30.82,32.62,10.72,34.8,1.22,50,0.54,No,60.472,8.4689,00:30:00,2025-06-30 00:30:00
2025-06-30,S6,Norway,29.64,94.87,21.2,30.4,1.76,50,1.06,No,60.472,8.4689,00:45:00,2025-06-30 00:45:00
2025-06-30,S9,Ireland,73.96,29.84,13.4,37.7,1.22,250,3.35,No,53.1424,-7.6921,01:00:00,2025-06-30 01:00:00
2025-06-30,S6,Norway,29.64,94.87,21.2,30.4,1.76,50,1.06,No,60.472,8.4689,01:15:00,2025-06-30 01:15:00
2025-06-30,S13,Norway,22.82,68.81,20.11,34.8,1.62,50,1.01,No,60.472,8.4689,01:30:00,2025-06-30 01:30:00
2025-06-30,S8,Germany,12.31,94.83,21.36,25.4,1.22,350,7.48,No,51.1657,10.4515,01:45:00,2025-06-30 01:45:00
2025-06-30,S10,Germany,54.07,51.14,17.93,37.3,1.41,350,6.28,No,51.1657,10.4515,02:00:00,2025-06-30 02:00:00
2025-06-30,S14,Ireland,86.83,52.85,6.99,35.1,1.95,250,1.75,No,53.1424,-7.6921,02:15:00,2025-06-30 02:15:00
2025-06-30,S13,Norway,22.82,68.81,20.11,34.8,1.62,50,1.01,No,60.472,8.4689,02:30:00,2025-06-30 02:30:00
2025-06-30,S4,Ireland,41.64,71.95,19.09,36.1,1.71,250,4.77,No,53.1424,-7.6921,02:45:00,2025-06-30 02:45:00
2025-06-30,S14,Ireland,86.83,52.85,6.99,35.1,1.95,250,1.75,No,53.1424,-7.6921,03:00:00,2025-06-30 03:00:00
2025-06-30,S3,Ireland,61.6,56.6,12.04,29.7,1.5,250,3.01,No,53.1424,-7.6921,03:15:00,2025-06-30 03:15:00
2025-06-30,S6,Norway,29.64,94.87,21.2,30.4,1.76,50,1.06,No,60.472,8.4689,03:30:00,2025-06-30 03:30:00
2025-06-30,S5,Germany,70.21,59.87,9.22,30.9,1.96,350,3.23,No,51.1657,10.4515,03:45:00,2025-06-30 03:45:00
2025-06-30,S2,Ireland,80.32,84.53,15.39,27.0,1.89,250,3.85,No,53.1424,-7.6921,04:00:00,2025-06-30 04:00:00
2025-06-30,S4,Ireland,41.64,71.95,19.09,36.1,1.71,250,4.77,No,53.1424,-7.6921,04:15:00,2025-06-30 04:15:00
2025-06-30,S12,Norway,77.61,26.56,7.21,29.0,1.69,50,0.36,No,60.472,8.4689,04:30:00,2025-06-30 04:30:00
2025-06-30,S12,Norway,77.61,26.56,7.21,29.0,1.69,50,0.36,No,60.472,8.4689,04:45:00,2025-06-30 04:45:00
2025-06-30,S15,Germany,83.52,52.92,22.5,30.0,1.78,350,7.88,No,51.1657,10.4515,05:00:00,2025-06-30 05:00:00
2025-06-30,S11,Norway,30.82,32.62,10.72,34.8,1.22,50,0.54,No,60.472,8.4689,05:15:00,2025-06-30 05:15:00
2025-06-30,S1,Norway,35.89,64.83,19.17,29.6,1.95,50,0.96,No,60.472,8.4689,05:30:00,2025-06-30 05:30:00
2025-06-30,S7,Germany,64.93,70.35,23.85,30.3,1.65,350,8.35,No,51.1657,10.4515,05:45:00,2025-06-30 05:45:00
2025-06-30,S7,Germany,64.93,70.35,23.85,30.3,1.65,350,8.35,No,51.1657,10.4515,06:00:00,2025-06-30 06:00:00
2025-06-30,S10,Germany,54.07,51.14,17.93,37.3,1.41,350,6.28,No,51.1657,10.4515,06:15:00,2025-06-30 06:15:00
2025-06-30,S15,Germany,83.52,52.92,22.5,30.0,1.78,350,7.88,No,51.1657,10.4515,06:30:00,2025-06-30 06:30:00
2025-06-30,S14,Ireland,86.83,52.85,6.99,35.1,1.95,250,1.75,No,53.1424,-7.6921,06:45:00,2025-06-30 06:45:00
2025-06-30,S12,Norway,77.61,26.56,7.21,29.0,1.69,50,0.36,No,60.472,8.4689,07:00:00,2025-06-30 07:00:00
2025-06-30,S5,Germany,70.21,59.87,9.22,30.9,1.96,350,3.23,No,51.1657,10.4515,07:15:00,2025-06-30 07:15:00
2025-06-30,S3,Ireland,61.6,56.6,12.04,29.7,1.5,250,3.01,No,53.1424,-7.6921,07:30:00,2025-06-30 07:30:00
2025-06-30,S9,Ireland,73.96,29.84,13.4,37.7,1.22,250,3.35,No,53.1424,-7.6921,07:45:00,2025-06-30 07:45:00
2025-06-30,S9,Ireland,73.96,29.84,13.4,37.7,1.22,250,3.35,No,53.1424,-7.6921,08:00:00,2025-06-30 08:00:00
2025-06-30,S3,Ireland,61.6,56.6,12.04,29.7,1.5,250,3.01,No,53.1424,-7.6921,08:15:00,2025-06-30 08:15:00
2025-06-30,S14,Ireland,86.83,52.85,6.99,35.1,1.95,250,1.75,No,53.1424,-7.6921,08:30:00,2025-06-30 08:30:00
2025-06-30,S15,Germany,83.52,52.92,22.5,30.0,1.78,350,7.88,No,51.1657,10.4515,08:45:00,2025-06-30 08:45:00
2025-06-30,S5,Germany,70.21,59.87,9.22,30.9,1.96,350,3.23,No,51.1657,10.4515,09:00:00,2025-06-30 09:00:00
2025-06-30,S13,Norway,22.82,68.81,20.11,34.8,1.62,50,1.01,No,60.472,8.4689,09:15:00,2025-06-30 09:15:00
2025-06-30,S8,Germany,12.31,94.83,21.36,25.4,1.22,350,7.48,No,51.1657,10.4515,09:30:00,2025-06-30 09:30:00
2025-06-30,S1,Norway,35.89,64.83,19.17,29.6,1.95,50,0.96,No,60.472,8.4689,09:45:00,2025-06-30 09:45:00
2025-06-30,S2,Ireland,80.32,84.53,15.39,27.0,1.89,250,3.85,No,53.1424,-7.6921,10:00:00,2025-06-30 10:00:00
2025-06-30,S14,Ireland,86.83,52.85,6.99,35.1,1.95,250,1.75,No,53.1424,-7.6921,10:15:00,2025-06-30 10:15:00
2025-06-30,S15,Germany,83.52,52.92,22.5,30.0,1.78,350,7.88,No,51.1657,10.4515,10:30:00,2025-06-30 10:30:00
2025-06-30,S1,Norway,35.89,64.83,19.17,29.6,1.95,50,0.96,No,60.472,8.4689,10:45:00,2025-06-30 10:45:00
2025-06-30,S7,Germany,64.93,70.35,23.85,30.3,1.65,350,8.35,No,51.1657,10.4515,11:00:00,2025-06-30 11:00:00
2025-06-30,S10,Germany,54.07,51.14,17.93,37.3,1.41,350,6.28,No,51.1657,10.4515,11:15:00,2025-06-30 11:15:00
2025-06-30,S10,Germany,54.07,51.14,17.93,37.3,1.41,350,6.28,No,51.1657,10.4515,11:30:00,2025-06-30 11:30:00
2025-06-30,S1,Norway,35.89,64.83,19.17,29.6,1.95,50,0.96,No,60.472,8.4689,11:45:00,2025-06-30 11:45:00
2025-06-30,S12,Norway,77.61,26.56,7.21,29.0,1.69,50,0.36,No,60.472,8.4689,12:00:00,2025-06-30 12:00:00
2025-06-30,S3,Ireland,61.6,56.6,12.04,29.7,1.5,250,3.01,No,53.1424,-7.6921,12:15:00,2025-06-30 12:15:00
2025-06-30,S4,Ireland,41.64,71.95,19.09,36.1,1.71,250,4.77,No,53.1424,-7.6921,12:30:00,2025-06-30 12:30:00
2025-06-30,S12,Norway,77.61,26.56,7.21,29.0,1.69,50,0.36,No,60.472,8.4689,12:45:00,2025-06-30 12:45:00
2025-06-30,S7,Germany,64.93,70.35,23.85,30.3,1.65,350,8.35,No,51.1657,10.4515,13:00:00,2025-06-30 13:00:00
2025-06-30,S15,Germany,83.52,52.92,22.5,30.0,1.78,350,7.88,No,51.1657,10.4515,13:15:00,2025-06-30 13:15:00
2025-06-30,S6,Norway,29.64,94.87,21.2,30.4,1.76,50,1.06,No,60.472,8.4689,13:30:00,2025-06-30 13:30:00
2025-06-30,S12,Norway,77.61,26.56,7.21,29.0,1.69,50,0.36,No,60.472,8.4689,13:45:00,2025-06-30 13:45:00
2025-06-30,S11,Norway,30.82,32.62,10.72,34.8,1.22,50,0.54,No,60.472,8.4689,14:00:00,2025-06-30 14:00:00
2025-06-30,S2,Ireland,80.32,84.53,15.39,27.0,1.89,250,3.85,No,53.1424,-7.6921,14:15:00,2025-06-30 14:15:00
2025-06-30,S13,Norway,22.82,68.81,20.11,34.8,1.62,50,1.01,No,60.472,8.4689,14:30:00,2025-06-30 14:30:00
2025-06-30,S7,Germany,64.93,70.35,23.85,30.3,1.65,350,8.35,No,51.1657,10.4515,14:45:00,2025-06-30 14:45:00
2025-06-30,S12,Norway,77.61,26.56,7.21,29.0,1.69,50,0.36,No,60.472,8.4689,15:00:00,2025-06-30 15:00:00
2025-06-30,S7,Germany,64.93,70.35,23.85,30.3,1.65,350,8.35,No,51.1657,10.4515,15:15:00,2025-06-30 15:15:00
2025-06-30,S6,Norway,29.64,94.87,21.2,30.4,1.76,50,1.06,No,60.472,8.4689,15:30:00,2025-06-30 15:30:00
2025-06-30,S7,Germany,64.93,70.35,23.85,30.3,1.65,350,8.35,No,51.1657,10.4515,15:45:00,2025-06-30 15:45:00
2025-06-30,S4,Ireland,41.64,71.95,19.09,36.1,1.71,250,4.77,No,53.1424,-7.6921,16:00:00,2025-06-30 16:00:00
2025-06-30,S9,Ireland,73.96,29.84,13.4,37.7,1.22,250,3.35,No,53.1424,-7.6921,16:15:00,2025-06-30 16:15:00
2025-06-30,S1,Norway,35.89,64.83,19.17,29.6,1.95,50,0.96,No,60.472,8.4689,16:30:00,2025-06-30 16:30:00
2025-06-30,S12,Norway,77.61,26.56,7.21,29.0,1.69,50,0.36,No,60.472,8.4689,16:45:00,2025-06-30 16:45:00
2025-06-30,S8,Germany,12.31,94.83,21.36,25.4,1.22,350,7.48,No,51.1657,10.4515,17:00:00,2025-06-30 17:00:00
2025-06-30,S15,Germany,83.52,52.92,22.5,30.0,1.78,350,7.88,No,51.1657,10.4515,17:15:00,2025-06-30 17:15:00
2025-06-30,S10,Germany,54.07,51.14,17.93,37.3,1.41,350,6.28,No,51.1657,10.4515,17:30:00,2025-06-30 17:30:00
2025-06-30,S15,Germany,83.52,52.92,22.5,30.0,1.78,350,7.88,No,51.1657,10.4515,17:45:00,2025-06-30 17:45:00
2025-06-30,S7,Germany,64.93,70.35,23.85,30.3,1.65,350,8.35,No,51.1657,10.4515,18:00:00,2025-06-30 18:00:00
2025-06-30,S1,Norway,35.89,64.83,19.17,29.6,1.95,50,0.96,No,60.472,8.4689,18:15:00,2025-06-30 18:15:00
2025-06-30,S8,Germany,12.31,94.83,21.36,25.4,1.22,350,7.48,No,51.1657,10.4515,18:30:00,2025-06-30 18:30:00
2025-06-30,S14,Ireland,86.83,52.85,6.99,35.1,1.95,250,1.75,No,53.1424,-7.6921,18:45:00,2025-06-30 18:45:00
2025-06-30,S9,Ireland,73.96,29.84,13.4,37.7,1.22,250,3.35,No,53.1424,-7.6921,19:00:00,2025-06-30 19:00:00
2025-06-30,S3,Ireland,61.6,56.6,12.04,29.7,1.5,250,3.01,No,53.1424,-7.6921,19:15:00,2025-06-30 19:15:00
2025-06-30,S15,Germany,83.52,52.92,22.5,30.0,1.78,350,7.88,No,51.1657,10.4515,19:30:00,2025-06-30 19:30:00
2025-06-30,S12,Norway,77.61,26.56,7.21,29.0,1.69,50,0.36,No,60.472,8.4689,19:45:00,2025-06-30 19:45:00
2025-06-30,S14,Ireland,86.83,52.85,6.99,35.1,1.95,250,1.75,No,53.1424,-7.6921,20:00:00,2025-06-30 20:00:00
2025-06-30,S3,Ireland,61.6,56.6,12.04,29.7,1.5,250,3.01,No,53.1424,-7.6921,20:15:00,2025-06-30 20:15:00
2025-06-30,S8,Germany,12.31,94.83,21.36,25.4,1.22,350,7.48,No,51.1657,10.4515,20:30:00,2025-06-30 20:30:00
2025-06-30,S14,Ireland,86.83,52.85,6.99,35.1,1.95,250,1.75,No,53.1424,-7.6921,20:45:00,2025-06-30 20:45:00
2025-06-30,S14,Ireland,86.83,52.85,6.99,35.1,1.95,250,1.75,No,53.1424,-7.6921,21:00:00,2025-06-30 21:00:00
2025-06-30,S13,Norway,22.82,68.81,20.11,34.8,1.62,50,1.01,No,60.472,8.4689,21:15:00,2025-06-30 21:15:00
2025-06-30,S5,Germany,70.21,59.87,9.22,30.9,1.96,350,3.23,No,51.1657,10.4515,21:30:00,2025-06-30 21:30:00
2025-06-30,S2,Ireland,80.32,84.53,15.39,27.0,1.89,250,3.85,No,53.1424,-7.6921,21:45:00,2025-06-30 21:45:00
2025-06-30,S1,Norway,35.89,64.83,19.17,29.6,1.95,50,0.96,No,60.472,8.4689,22:00:00,2025-06-30 22:00:00
2025-06-30,S7,Germany,64.93,70.35,23.85,30.3,1.65,350,8.35,No,51.1657,10.4515,22:15:00,2025-06-30 22:15:00
2025-06-30,S6,Norway,29.64,94.87,21.2,30.4,1.76,50,1.06,No,60.472,8.4689,22:30:00,2025-06-30 22:30:00
2025-06-30,S11,Norway,30.82,32.62,10.72,34.8,1.22,50,0.54,No,60.472,8.4689,22:45:00,2025-06-30 22:45:00
2025-06-30,S7,Germany,64.93,70.35,23.85,30.3,1.65,350,8.35,No,51.1657,10.4515,23:00:00,2025-06-30 23:00:00
2025-06-30,S14,Ireland,86.83,52.85,6.99,35.1,1.95,250,1.75,No,53.1424,-7.6921,23:15:00,2025-06-30 23:15:00
2025-06-30,S8,Germany,12.31,94.83,21.36,25.4,1.22,350,7.48,No,51.1657,10.4515,23:30:00,2025-06-30 23:30:00
2025-06-30,S2,Ireland,80.32,84.53,15.39,27.0,1.89,250,3.85,No,53.1424,-7.6921,23:45:00,2025-06-30 23:45:00
